Date,Close,High,Low,Open,Volume
2015-01-02,40.15248107910156,40.719218297593315,39.96357085670676,40.06661309398153,27913900
2015-01-05,39.78325271606445,40.12672798912434,39.71455569605995,39.8175979504125,39673900
2015-01-06,39.199337005615234,40.143898001265825,39.1048802509194,39.82618250646028,36447900
2015-01-07,39.697383880615234,39.89488291178394,39.061952784794954,39.48271059338998,29114100
2015-01-08,40.86518859863281,41.00257930927127,40.11812681426451,40.143886548867684,29645200
2015-01-09,40.5217170715332,41.06269451971817,40.27269861818766,40.88236979554101,23944200
2015-01-12,40.015098571777344,40.822272210881025,39.80901405481997,40.719226676748,23651900
2015-01-13,39.80900955200195,41.13998309862355,39.551402297116155,40.332812826473656,35270600
2015-01-14,39.46552276611328,39.70595899257047,39.173567064857124,39.46552276611328,29719600
2015-01-15,39.0533561706543,39.82618115961763,38.993247924363125,39.68879041443012,32750800
2015-01-16,39.70595932006836,39.74030454499986,38.78715494551802,38.90737469756483,35695300
2015-01-20,39.834774017333984,40.05803606684968,39.13064590853099,39.75749150414076,36161900
2015-01-21,39.43117904663086,39.62009254554055,39.053355324465144,39.44835329886389,39081100
2015-01-22,40.47019958496094,40.47878507315939,39.56857264405588,39.8261798735068,35898000
2015-01-23,40.51314926147461,40.69347406433563,40.18684489749639,40.66771431411403,26211600
2015-01-26,40.36716079711914,40.470206326588006,39.7059699991253,40.3585753074905,42525500
2015-01-27,36.63184356689453,37.09553857707577,36.15956306792647,36.88086532521266,169164000
2015-01-28,35.369564056396484,36.74347484376044,35.34380431419376,36.700540848204604,84507100
2015-01-29,36.073692321777344,36.16814907806329,35.02608906502921,35.14630556370081,63585300
2015-01-30,34.69119644165039,35.70445438328285,34.648259173687634,35.67869136737447,78004900
2015-02-02,35.44683837890625,35.52412086333452,34.54521157767857,34.85434151539163,50352500
2015-02-03,35.72163009643555,36.005000379427635,35.24934956710282,35.747393115760154,52082400
2015-02-04,35.9277229309082,36.24543849163976,35.515550595881024,36.013590939001745,41614800
2015-02-05,36.45151901245117,36.61466950548646,35.94489000437392,36.254020012780906,36548200
2015-02-06,36.41716003417969,36.74346420207645,36.19390135655745,36.649007473817946,34616600
2015-02-09,36.374237060546875,36.700541327207034,36.24543179654436,36.27119481473722,31381100
2015-02-10,36.58030319213867,36.72628263644988,36.219653874991494,36.70052290684002,29670700
2015-02-11,36.39141082763672,36.62325833434951,36.24543131200842,36.62325833434951,38262500
2015-02-12,37.00107192993164,37.00107192993164,36.50302854644705,36.63183377339044,33268800
2015-02-13,37.670867919921875,37.670867919921875,37.052611073678364,37.250110106917,40264900
2015-02-17,37.688167572021484,38.051383742422686,37.35089117226392,38.02544067281293,33695700
2015-02-18,37.64493179321289,37.791950246197075,37.52385971367694,37.7314142064291,27111700
2015-02-19,37.61896896362305,37.64491202448088,37.229806555930494,37.34223198458946,27603400
2015-02-20,37.93030548095703,37.94760195752288,37.437367445209894,37.627622089503056,29721100
2015-02-23,38.181095123291016,38.215684773544005,37.748693154959135,37.79193269199928,32518800
2015-02-24,38.12919998168945,38.310807989403635,37.98218161904126,38.181089397735526,25271700
2015-02-25,38.042720794677734,38.129199855503614,37.87840596055798,38.008127850761504,29759800
2015-02-26,38.10326385498047,38.250278945409256,37.95624546558636,38.04272784139623,28957300
2015-02-27,37.921661376953125,38.22434481457198,37.757349772965355,38.16380878684143,33807700
2015-03-02,37.94759750366211,38.21568461155376,37.66221062226948,37.76598617051898,31924000
2015-03-03,37.4286994934082,37.904344121996964,37.2643879937819,37.67084674949811,31748600
2015-03-04,37.23844528198242,37.36816384636047,37.08278036555754,37.19520246155905,25748700
2015-03-05,37.28170394897461,37.39412940167476,37.030909977168776,37.24711099445676,23193500
2015-03-06,36.633094787597656,37.28169773129035,36.45148675511535,37.18656877171433,36248800
2015-03-09,37.05683517456055,37.298982440455006,36.48606489610753,36.48606489610753,32108000
2015-03-10,36.34770584106445,36.93577274047484,36.34770584106445,36.62444281737934,39159700
2015-03-11,36.30447006225586,36.64174308084045,36.18339803496553,36.58985695426763,32215300
2015-03-12,35.47426223754883,36.01908970831561,35.33589372263599,35.74235267848992,59992500
2015-03-13,35.78559494018555,35.863427441923854,35.11969538063913,35.197527882377436,58007700
2015-03-16,35.941246032714844,36.01042861916873,35.699098732714766,35.86341356110135,35273500
2015-03-17,36.06233215332031,36.174757611662855,35.586690551208456,35.77694521267367,31673400
2015-03-18,36.75416946411133,37.039556363453706,35.74235038236742,35.82882946152034,44194800
2015-03-19,36.57257080078125,36.83201140376191,36.5120347700513,36.54662443120681,33879100
2015-03-20,37.082794189453125,37.16927326460989,36.74552117779037,36.80605719019316,71904500
2015-03-23,37.065494537353516,37.29899197901956,36.99630864398655,37.08279101069525,26246100
2015-03-24,37.10009765625,37.3335918629712,36.97037572010189,36.99631878774516,25513300
2015-03-25,35.854766845703125,37.126029561455304,35.8374703728194,37.117379675531,43469900
2015-03-26,35.63856506347656,35.98448791526562,35.38777116087773,35.64721494920193,37495600
2015-03-27,35.43101119995117,35.8288201388897,35.30993920105376,35.56072978492789,34401400
2015-03-30,35.4223747253418,35.9239626809136,35.379135180646315,35.54344677007546,35049700
2015-03-31,35.16292953491211,35.482906082346474,35.05915398149441,35.26670508832981,34887200
2015-04-01,35.214820861816406,35.249410515512366,34.860251344449864,35.1110420038319,36865300
2015-04-02,34.842960357666016,35.232122889007044,34.69594193517449,35.16293697278372,37487500
2015-04-06,35.93259811401367,36.13150259703021,34.74781780258265,34.88618628202741,39223700
2015-04-07,35.915306091308594,36.24393250781565,35.72505147035413,35.984491989084894,28809400
2015-04-08,35.82017135620117,36.05366877510252,35.49154829164192,35.854764299512034,24753400
2015-04-09,35.872074127197266,35.993146174898655,35.673169577549864,35.673169577549864,25723900
2015-04-10,36.079627990722656,36.27853253720204,35.81153753296393,36.001795490016306,28022000
2015-04-13,36.11421203613281,36.37365586415332,35.794235493596915,35.80288538064577,30276700
2015-04-14,36.01909255981445,36.347715746894835,35.79424164342695,36.14881119714643,24244400
2015-04-15,36.546607971191406,36.71956939493484,36.0450234711967,36.114206061315215,27343600
2015-04-16,36.46013259887695,36.615797566104185,36.16609913844387,36.278524570100224,22509700
2015-04-17,35.993141174316406,36.09692002847019,35.59533213028982,36.036380714064435,42387600
2015-04-20,37.108734130859375,37.3335816867334,36.045025760870196,36.08826529481155,46057700
2015-04-21,36.875240325927734,37.31629219294067,36.78011136249493,37.18657027935679,26013800
2015-04-22,37.177921295166016,37.298993313926324,36.797405465959244,36.901181010758776,25064300
2015-04-23,37.48060607910156,37.714103558635216,37.01361112003426,37.09144361321215,46309500
2015-04-24,41.398170471191406,41.631667969148424,39.4783076529322,39.48695424220509,130933700
2015-04-27,41.53653335571289,41.62301573153468,40.836044255865616,40.84469084396513,59248200
2015-04-28,42.513763427734375,42.55700296684254,41.25115041157004,41.32033301435002,60730800
2015-04-29,42.42728805541992,42.64348906881063,41.942996597797105,42.13325454524993,47804600
2015-04-30,42.064056396484375,42.84238113777845,42.02946345265693,42.11594581222555,64725500
2015-05-01,42.08135986328125,42.27161778699273,41.85651228895743,42.012177263091324,38937300
2015-05-04,41.71814727783203,42.26297143389031,41.66625784912697,41.83056942491138,34039500
2015-05-05,41.1646728515625,41.648964323556626,40.913882175800985,41.35493080466122,50369200
2015-05-06,40.023128509521484,41.311687935399355,39.798280918565226,41.138726473682354,52433000
2015-05-07,40.3863410949707,40.72361407398255,39.919346216816635,40.01447516965894,32971700
2015-05-08,41.29438018798828,41.49328466003373,41.09547571594283,41.12141877348128,35364900
2015-05-11,40.965755462646484,41.432750310733944,40.965755462646484,41.12142041200897,24609400
2015-05-12,40.94847869873047,41.23386567623735,40.1442105062591,40.516076586604626,29928300
2015-05-13,41.190616607666016,41.78733019690026,41.138727178572175,41.674904750013035,34184600
2015-05-14,42.13324737548828,42.21972644654226,41.536530568734456,41.536530568734456,32980900
2015-05-15,41.77002716064453,42.29755806053829,41.553826188489055,42.26296511324181,28642700
2015-05-18,41.51923751831055,41.700848860843315,41.17331790660578,41.493294454648165,24136500
2015-05-19,41.41477966308594,41.61497680469493,41.06660870004153,41.397370782893276,28574800
2015-05-20,41.41477966308594,41.71942676544651,41.144947000706296,41.24939696145787,25047900
2015-05-21,41.275516510009766,41.43219314128292,40.91864269886646,41.1536576457762,22410700
2015-05-22,40.82289505004883,41.21458327165361,40.7532595224006,41.17106272707582,25720600
2015-05-26,40.55307388305664,40.80549776189368,40.204902786701716,40.76197720495073,29581900
2015-05-27,41.4409065246582,41.58017429688174,40.57918490124623,40.75327044662705,27335600
2015-05-28,41.30162811279297,41.79776963105449,41.24940146651106,41.34514865782552,19283700
2015-05-29,40.7880859375,41.40608643463656,40.55307096244692,41.28422755581025,36519600
2015-06-01,41.11012649536133,41.580156267965656,40.57916730635319,40.96215600421043,28837300
2015-06-02,40.840301513671875,41.21458418203679,40.57917492003246,40.849007615022565,21498300
2015-06-03,40.779380798339844,41.554061284227245,40.753269129518586,41.23200187353943,28002200
2015-06-04,40.35287094116211,41.04920971469794,40.21360318645495,40.72715365451359,27745500
2015-06-05,40.161376953125,40.49213911916417,39.90025032536996,40.30935081177616,25438100
2015-06-08,39.80449676513672,40.41379434621984,39.75227011976227,40.30063827477755,22121600
2015-06-09,39.734867095947266,39.987287597032264,39.56948436856876,39.830610971307834,24406100
2015-06-10,40.57046127319336,40.76195560676368,39.76966950404795,39.856713892218046,28417400
2015-06-11,40.422508239746094,40.84031155638881,40.152678798809156,40.614002671692774,27347800
2015-06-12,40.01340866088867,40.44862083837789,39.95247922167261,40.23101474963328,23931000
2015-06-15,39.58689880371094,39.734872668940184,39.186504401993595,39.56078713589623,33254500
2015-06-16,39.89154815673828,40.24842199491939,39.43022100952471,39.47374156141893,27070300
2015-06-17,40.01340866088867,40.10044976822435,39.48244927308696,39.80450535471547,28704100
2015-06-18,40.666221618652344,40.735853831350184,40.18748562958291,40.23100949797466,32658300
2015-06-19,40.126548767089844,40.76196126756051,40.030804907412204,40.72714350745717,63837000
2015-06-22,40.23971176147461,40.66622109522722,40.17878233099637,40.32675617673276,20318100
2015-06-23,39.96117401123047,40.2832300284415,39.708750201879106,40.15266839355285,25896500
2015-06-24,39.726158142089844,40.257117411101,39.64781983485206,39.75226980436755,34890900
2015-06-25,39.734867095947266,40.09174089445182,39.60430213437528,40.06562590989448,20616000
2015-06-26,39.3953971862793,40.283230254197655,39.195200022004286,39.73486540786363,49835300
2015-06-29,38.620723724365234,39.369289123840716,38.612020942689846,39.2039097087679,34081700
2015-06-30,38.429229736328125,38.925371264413855,38.246438130924325,38.9166651629921,35945400
2015-07-01,38.69034957885742,39.36927927343776,38.3856991699631,38.699052358355324,28343900
2015-07-02,38.6468391418457,38.951486309962704,38.350894755501294,38.71647135724169,21752000
2015-07-06,38.63813400268555,38.71647232221172,38.25514850744934,38.26385128943883,23034000
2015-07-07,38.559783935546875,38.72516662660846,37.706768783032956,38.594601693707645,36435800
2015-07-08,38.5075798034668,39.082059817713,38.324788142256686,38.681662040191355,39785900
2015-07-09,38.75129318237305,39.36059090280515,38.733884296600074,38.951490388154006,32424700
2015-07-10,38.82963943481445,39.29096338055352,38.79482165616083,39.177807260132305,25465800
2015-07-13,39.63911819458008,39.708750402792056,39.12556779244828,39.15167945547717,28178300
2015-07-14,39.70875549316406,40.0046998869136,39.43892608619594,39.560784956491894,22880300
2015-07-15,39.83061981201172,39.943775915796294,39.543381481365515,39.7609875853482,26629600
2015-07-16,40.61400604248047,40.64011771431104,40.013414347536084,40.048228803174894,26271700
2015-07-17,40.57917022705078,40.718437948912474,40.26581702276087,40.518240806261566,29467100
2015-07-20,40.840301513671875,41.02309311758377,40.42249829976785,40.605289903679754,30631900
2015-07-21,41.153663635253906,41.19718751059035,40.45732479514239,40.71845144513352,42781900
2015-07-22,39.63911819458008,40.84900728085549,39.34317383876845,39.55207378380915,59152400
2015-07-23,40.1352653503418,40.239715337528985,39.25613494033435,39.40410879922099,33934000
2015-07-24,39.98728561401367,40.318047731962885,39.865426760138895,39.96117395115614,32333200
2015-07-27,39.47373962402344,40.04821951388513,39.38669852450701,39.98729008014261,39701400
2015-07-28,39.46504211425781,39.72616876809537,38.9863093621547,39.67394542957119,34328900
2015-07-29,40.291934967041016,40.718440943936955,39.39539582873275,39.517257999679096,40945900
2015-07-30,40.805484771728516,41.25810572473867,39.97858117142928,40.26581941213683,39777900
2015-07-31,40.64881134033203,41.23199396823124,40.47472583395448,41.16236175792313,31201500
2015-08-03,40.74455261230469,40.90993199310144,40.431199410454525,40.89252311295372,24125900
2015-08-04,41.37997055053711,41.52794108249191,40.631405147834975,40.692334581040484,33403900
2015-08-05,41.41477966308594,42.13722992885717,41.379961902700614,41.76294730572596,26959700
2015-08-06,40.57917022705078,41.58015926070972,40.32674976395449,41.52793261985994,27368000
2015-08-07,40.68362808227539,40.71844252635125,40.26582154931742,40.37897762367707,19163000
2015-08-10,41.197174072265625,41.336441794859454,40.77066480409455,40.86641198595363,23079900
2015-08-11,40.396385192871094,40.857708935827795,39.95247033158885,40.75325896618573,29237400
2015-08-12,40.68362808227539,40.822895819793125,39.787088909125515,40.20489212167871,30181400
2015-08-13,40.6749267578125,40.996982816068595,40.466026787205095,40.962168367904134,22627200
2015-08-14,40.90994644165039,40.99698755272573,40.4921431317588,40.500845914704115,21473400
2015-08-17,41.1884765625,41.301632648334675,40.535658354108214,40.74456164177184,21099700
2015-08-18,41.41626739501953,41.556453483435234,40.91685424614485,41.03951665572109,23574100
2015-08-19,40.83800506591797,41.24980322040671,40.5663930194232,40.98695134340512,31485500
2015-08-20,40.00565719604492,40.7153514005236,40.00565719604492,40.364884383973376,36238200
2015-08-21,37.73638916015625,39.84794459926133,37.73638916015625,39.69023478702104,70053100
2015-08-24,36.518524169921875,37.40344854243707,34.80124313788572,35.44084260362466,88753700
2015-08-25,35.45835876464844,37.88533348782632,35.38826403912827,37.29830185964661,70616600
2015-08-26,37.42096710205078,37.53486936843927,35.97529837359991,36.80765157681372,63408000
2015-08-27,38.4636116027832,38.507419146470845,37.613731217577374,37.87657982200455,50943200
2015-08-28,38.48990249633789,38.682659734560374,38.01677291650195,38.02553643222222,28246700
2015-08-31,38.13066482543945,38.489891999054144,37.76267413849455,38.16571219415822,34441700
2015-09-01,36.64118194580078,37.31582869561318,36.50099582520994,36.94783804012425,49688900
2015-09-02,37.990478515625,38.00800219990263,36.69375595978996,37.11431435554989,37671500
2015-09-03,38.11314392089844,38.533702349294266,37.92038672118737,38.03428900668039,28285200
2015-09-04,37.33335876464844,37.710109654864006,36.97413156029189,37.50859228093729,37138800
2015-09-08,38.45484924316406,38.551227847551175,37.85029710060144,37.937912190607115,32469800
2015-09-09,37.73638916015625,38.901689068120525,37.59620303175387,38.7352157428108,33469500
2015-09-10,37.929141998291016,38.36722401718844,37.45601261572966,37.7801923738696,31366600
2015-09-11,38.09563064575195,38.192009271945125,37.62250103115032,37.79773459311043,27132500
2015-09-14,37.71009826660156,38.06056185103968,37.5523884837993,38.05180168190636,23656000
2015-09-15,38.533695220947266,38.80530728463088,37.7451495669411,37.841524806666904,28882200
2015-09-16,38.81407165527344,38.88416639244246,38.41103694345463,38.524939220203784,23372200
2015-09-17,38.770263671875,39.427386784957626,38.621317370547416,38.805311040058314,32768200
2015-09-18,38.09563064575195,38.54247639586534,37.96420798100852,38.113154336178184,63143700
2015-09-21,38.64759826660156,38.96301787150026,38.20075271222816,38.21827639497816,26177200
2015-09-22,38.4636116027832,38.59503423384612,37.946674565745845,38.00800579536881,28085900
2015-09-23,38.43730545043945,38.700153925263876,38.12188594373027,38.48987648232421,17145200
2015-09-24,38.472354888916016,38.665112007301296,37.91161055430415,38.06932031620122,27905600
2015-09-25,38.49864959716797,39.19082004275014,38.34093979077454,38.97177901634825,29384600
2015-09-28,37.929141998291016,38.63007256006678,37.85904727096316,38.40227138085237,27613800
2015-09-29,38.06058120727539,38.17448351773702,37.7188776181925,37.99924996525036,32763600
2015-09-30,38.77902603149414,38.814073401655556,38.253328848277604,38.44608604186422,34958900
2015-10-01,39.08568572998047,39.20834818394417,38.332183978716365,39.20834818394417,28657900
2015-10-02,39.926795959472656,39.926795959472656,38.481123923094124,38.78778334957172,41839000
2015-10-05,40.85553741455078,41.083338635005475,40.040704444503234,40.084511985863614,34369300
2015-10-06,40.96067810058594,41.337428990071686,40.496312124276145,40.59269072516338,27017200
2015-10-07,41.004478454589844,41.48636803223392,40.25974032025816,41.26732701127745,27711500
2015-10-08,41.57399368286133,41.635324912021126,40.7416369898767,40.794208047285665,33772700
2015-10-09,41.27608871459961,41.652839521515126,41.10961540689705,41.57398462373512,28600600
2015-10-12,41.17970275878906,41.24103396359901,40.74162081454663,41.16217907994337,19769100
2015-10-13,41.083335876464844,41.293616740097,40.79420344905918,40.79420344905918,19987800
2015-10-14,40.89934539794922,41.267332760115025,40.76791943014646,40.87306154130915,24697800
2015-10-15,41.1884765625,41.20600024714691,40.76791815787747,41.1884765625,27189400
2015-10-16,41.626548767089844,41.65283595896857,41.09209155262676,41.19723029324078,26450300
2015-10-19,41.72292709350586,41.95073159618165,41.19723005122375,41.5476936319784,29387600
2015-10-20,41.8543586730957,41.88940603859058,41.19723561042008,41.56522292121408,30802200
2015-10-21,41.35495376586914,42.04712433384675,41.27609884872864,41.98578976069177,25144300
2015-10-22,42.0821533203125,42.888225889844335,41.258560413058426,41.644071346651785,56637100
2015-10-23,46.322792053222656,47.374189574092085,45.77957128198868,45.82337881571228,135227100
2015-10-26,47.53190612792969,47.59323735232358,45.99861883348034,46.02490268899171,64633300
2015-10-27,47.041259765625,47.63705175323301,46.944884500769135,47.3041117278003,50999900
2015-10-28,47.29534912109375,47.29534912109375,46.31404602831963,46.90983802736503,47000800
2015-10-29,46.75211715698242,47.163915355687365,46.629454717104565,46.90982696319705,30202100
2015-10-30,46.12127685546875,47.30410037446659,46.10375317270944,46.717068700082315,46619800
2015-11-02,46.64698791503906,46.75212669319411,46.10376365291812,46.30528103700757,30285000
2015-11-03,47.444278717041016,47.65455619108197,46.34907379136879,46.37535764004886,36596900
2015-11-04,47.663333892822266,48.08389230841585,47.36543793065583,47.47057669897893,37087800
2015-11-05,47.645790100097656,47.926162258836534,47.31284690823282,47.742168656345356,31468500
2015-11-06,48.118934631347656,48.17150568479707,47.27781782996338,47.391720107953255,32851200
2015-11-09,47.45305252075195,48.07512829512581,46.92735534229822,47.794756020977,32513100
2015-11-10,46.883544921875,47.426769132916824,46.67326738533721,47.37419807763179,55283700
2015-11-11,47.006195068359375,47.48808454998868,46.8397217865292,47.05000259536203,36516300
2015-11-12,46.71706008911133,47.29532814437819,46.60315784332085,46.85724618304572,35361100
2015-11-13,46.2965087890625,46.6907832821804,46.024896728847814,46.49802612058929,36848200
2015-11-16,47.1113395690918,47.21647831522947,46.30526693590168,46.50678760092457,32165200
2015-11-17,46.723236083984375,47.2171929941912,46.61738529051512,46.89964734344162,31551300
2015-11-18,47.49945068359375,47.6141206835701,46.7320510079986,46.749692805289484,29710000
2015-11-19,47.578834533691406,48.21392574273951,47.43770352777278,47.62294070696421,28149200
2015-11-20,47.799354553222656,47.896382756000165,46.987852066044915,47.85227994514551,37147600
2015-11-23,47.799354553222656,48.037513769632326,47.41124510694141,47.85227994514551,28235900
2015-11-24,47.8522834777832,48.01987551733468,47.26129836607875,47.5611988479617,24600000
2015-11-25,47.35832595825195,47.834644453864215,47.35832595825195,47.71115522126012,21005100
2015-11-27,47.57001876831055,47.70233056806869,47.44652954977833,47.45534876617542,9009100
2015-11-30,47.940494537353516,48.478557679016085,47.631771438774706,48.108089960721514,56241400
2015-12-01,48.7078971862793,48.716716404071924,47.89639119135305,47.99341941121884,39952800
2015-12-02,48.69907760620117,49.36063002080578,48.566769142178,48.79610583204925,47274900
2015-12-03,47.808189392089844,49.193038869933446,47.57003011461723,48.94606037396021,38627800
2015-12-04,49.316524505615234,49.59878658457531,47.719976887573424,47.73761868811211,43963700
2015-12-07,49.228309631347656,49.36944064434815,48.76963299788885,49.210667834119,30709800
2015-12-08,49.2106819152832,49.48412143849758,48.505026648364236,48.92841980851562,32878000
2015-12-09,48.49619674682617,49.28123832311408,48.08162286795669,48.84020342723735,36373200
2015-12-10,48.75199890136719,49.096005589592274,48.52265886599759,48.857846336629684,31775800
2015-12-11,47.6846923828125,48.60204237490112,47.64058620299928,48.25803570726425,39549500
2015-12-14,48.63732147216797,48.699066080398026,47.34950055075718,47.922847186983425,46768900
2015-12-15,48.690242767333984,49.307692162510875,48.59321457261395,49.09599397722821,39843000
2015-12-16,49.51057815551758,49.61642558795303,48.30214012296507,48.99015684586855,37503300
2015-12-17,49.131290435791016,50.0927466896208,48.98133681427219,49.71345639174478,41280900
2015-12-18,47.74644088745117,49.39591052903641,47.65823188546599,49.19303487171454,84684200
2015-12-21,48.3638801574707,48.82255341093951,47.83463635259117,48.40798296667017,37246300
2015-12-22,48.82255554199219,48.93722554277895,48.0727976583892,48.505013282998476,28322200
2015-12-23,49.23712921142578,49.29005460350289,48.90194179126167,49.13128179210035,27279800
2015-12-24,49.104835510253906,49.360636618987144,48.89314059358712,49.27243096451432,9558500
2015-12-28,49.351810455322266,49.351810455322266,48.49620159503998,48.8225665084636,22458300
2015-12-29,49.881046295166016,50.14566656102315,49.44883397939286,49.65170962871097,27731400
2015-12-30,49.66935729980469,50.08392786488301,49.65171549801821,49.81048834926681,21704500
2015-12-31,48.937217712402344,49.56348627871683,48.88429232862418,49.431177866513806,27334100
2016-01-04,48.33742904663086,48.33742904663086,47.09371064281836,47.91403590542124,53778000
2016-01-05,48.55794143676758,48.85784530101214,48.108087322815344,48.45209400374868,34079700
2016-01-06,47.675872802734375,47.984599256719754,47.31422431336757,47.914032056438764,39518900
2016-01-07,46.0175895690918,47.18192504662452,45.929383916395814,46.485088949904394,56564900
2016-01-08,46.15871810913086,46.996681797341985,45.999945262667175,46.19399834681093,48754000
2016-01-11,46.132240295410156,46.61737791178683,45.391301682548644,46.3174741074184,36943800
2016-01-12,46.55564880371094,46.83791090591043,45.92056075617692,46.53800700171976,36095500
2016-01-13,45.55008316040039,47.69351300720134,45.25017929889818,47.45535376146466,66883600
2016-01-14,46.84672927856445,47.12016877277577,45.48834093080779,45.867631227451916,52381900
2016-01-15,44.97673797607422,45.84116592620017,44.40339129336858,45.25900002653049,71820700
2016-01-19,44.59745407104492,45.58537138844311,44.15641913374561,45.40895674055747,43564500
2016-01-20,44.80031967163086,45.32074091529671,43.30961976503389,44.085842022413026,63273000
2016-01-21,44.526878356933594,45.497157052470875,44.36810554066074,44.98555500785194,40191200
2016-01-22,46.1234245300293,46.15870812490699,45.21489046848721,45.34720226686415,37555800
2016-01-25,45.68239212036133,46.44097262646924,45.5589028965445,45.814700560952645,34707700
2016-01-26,46.0175895690918,46.2557488691669,45.47070711975079,45.68240539698309,28900800
2016-01-27,45.179622650146484,46.04405077315202,45.003207992122356,45.876455333855716,36775200
2016-01-28,45.92055892944336,46.052867391869405,45.20608111895634,45.744144281379086,62513800
2016-01-29,48.59321975708008,48.59321975708008,47.63176365246494,48.275674127691026,83611700
2016-02-01,48.258026123046875,48.593213507049136,48.07279231800421,48.40797970200648,44208500
2016-02-02,46.74969482421875,47.8611011829113,46.440971770367746,47.781714774088336,56313800
2016-02-03,46.008750915527344,47.0936961365878,45.214886917274065,46.970206929043634,57559800
2016-02-04,45.86763381958008,46.5821116346468,45.31192885230597,45.955839461762835,46987100
2016-02-05,44.24462127685547,45.867629852378975,43.715380739875116,45.814704452749226,62009000
2016-02-08,43.58306884765625,43.724199881594956,42.50694261085534,43.70655808174896,59290500
2016-02-09,43.4683952331543,44.315184731526266,42.9303321592898,43.239058583797274,46740500
2016-02-10,43.84769058227539,44.44749833778416,43.68009852537682,44.00646342137062,38237000
2016-02-11,43.83004379272461,44.200514830053045,42.78920123928,42.93915484350286,48878600
2016-02-12,44.544525146484375,44.70329798054927,43.882972792823715,44.32400769526416,34243300
2016-02-16,45.38850402832031,45.38850402832031,44.53563806271777,45.21970869835359,37291200
2016-02-17,46.570068359375,46.88101134078596,45.708320036520796,45.743856958222736,40789000
2016-02-18,46.36574172973633,47.040929767478026,46.285785340766594,46.49012097067975,27176000
2016-02-19,46.03703689575195,46.44570140653146,45.77939924761303,46.17029868313085,33559100
2016-02-22,46.77442169189453,47.0853614021624,46.44571012505288,46.44571012505288,25008300
2016-02-23,45.46847152709961,46.5256700099674,45.29079022696505,46.49901900109334,28895300
2016-02-24,45.62837600708008,45.75275187771341,44.59782872170471,45.03314426892135,33014500
2016-02-25,46.285789489746094,46.285789489746094,44.96207107357638,45.95708136740026,26939500
2016-02-26,45.575077056884766,46.80107424895682,45.39739576413698,46.7300003762622,35975900
2016-02-29,45.20193862915039,45.8860092405023,45.006488914767566,45.619485670348276,31654000
2016-03-01,46.712223052978516,46.721105590242686,45.23747108202259,45.2818939353071,33024500
2016-03-02,47.04093933105469,47.049821869862605,46.33910015063281,46.5612008997039,29289900
2016-03-03,46.50788116455078,47.05869329253941,46.00149188387449,47.05869329253941,24427800
2016-03-04,46.223602294921875,46.59673327917048,45.93931363501253,46.55231381149492,33034200
2016-03-07,45.335208892822266,46.019279683246175,44.935430210915484,45.80606483809441,38407800
2016-03-08,45.886016845703125,46.3124498840439,44.95319097353237,45.130872253421494,33835100
2016-03-09,46.943214416503906,46.95209695530373,46.07257988761618,46.09923089300414,28251600
2016-03-10,46.241371154785156,47.03204920872378,45.450693100846536,47.02316667070805,38387800
2016-03-11,47.147544860839844,47.147544860839844,46.53454803789371,47.08535692469987,32275700
2016-03-14,47.23638916015625,47.60952020831502,46.756654082507445,46.82772456516371,24083600
2016-03-15,47.60951232910156,47.60951232910156,46.8543712072848,46.863253745276026,21104800
2016-03-16,48.28470230102539,48.50680305381573,47.44072215161291,47.48514162437327,31691700
2016-03-17,48.56011199951172,48.862169180916936,47.973766104900264,48.160329937506454,28223900
2016-03-18,47.52067565917969,48.835511628808376,47.48513872754391,48.79108876976949,67625500
2016-03-21,47.84938049316406,47.9115684247291,47.02316552924217,47.30745418467894,23925700
2016-03-22,48.035953521728516,48.19586634477498,47.494027109069805,47.62728892460478,23124100
2016-03-23,47.947113037109375,48.18698226400686,47.742780745083074,48.071488920169855,20129000
2016-03-24,48.16031265258789,48.26692342351881,47.73387973582693,47.831604581353155,19950000
2016-03-28,47.56510543823242,48.231407800366455,47.37854159019226,48.16033392169074,17025100
2016-03-29,48.60451126098633,48.737773022561015,47.485125341910965,47.67168909692563,23924300
2016-03-30,48.906578063964844,49.43073590084389,48.773319664818814,48.799970666850406,23008300
2016-03-31,49.066505432128906,49.38633110748268,48.73779721645488,48.81775363529332,26360500
2016-04-01,49.3685417175293,49.404078641729335,48.480138946454105,48.906571869891685,24399200
2016-04-04,49.244178771972656,49.44851105616895,48.86216520921787,49.244178771972656,18928800
2016-04-05,48.47126007080078,49.12867627321622,48.38241775359067,49.03095141877903,19272300
2016-04-06,48.96875762939453,49.03983147465468,48.160311278991344,48.29357304436041,21188700
2016-04-07,48.38243103027344,48.78221309495393,48.17809872810091,48.74667615831815,19225100
2016-04-08,48.34687805175781,49.1109049909728,48.258039128634636,48.56897874855344,22167200
2016-04-11,48.24916076660156,48.99541930796324,48.240274840127796,48.409073553249634,21414200
2016-04-12,48.55122756958008,48.666717524893755,47.76054601595959,48.30247241346824,24944300
2016-04-13,49.17310333251953,49.25305973586462,48.76443877719503,48.968771054857285,20818000
2016-04-14,49.18199157714844,49.37744132541958,48.92435388878894,49.05761569697173,20877100
2016-04-15,49.439613342285156,49.679479097377914,48.9598750541247,49.12867035300154,28793800
2016-04-18,50.159236907958984,50.27473025687179,49.04873306184412,49.29748822788622,23786000
2016-04-19,50.0970458984375,50.43463999591711,49.46628056579583,50.310264115000564,29596800
2016-04-20,49.38631057739258,50.19475697002282,49.29747165516459,50.00819319995146,36195700
2016-04-21,49.55512619018555,49.95490828199551,49.235300516737574,49.57289465970921,38909100
2016-04-22,46.00149917602539,46.57896239275086,45.10421377526997,46.116992497168084,126834100
2016-04-25,46.2946662902832,46.31243475136509,45.86823339128022,46.00149176591322,33226900
2016-04-26,45.6994514465332,46.50789808248567,45.38851173616251,46.42794167282054,33532600
2016-04-27,45.2552490234375,45.7527559391221,44.90877238477747,45.73498747188459,43369300
2016-04-28,44.331295013427734,45.104204394818204,44.02923796717359,44.97094263744624,43134800
2016-04-29,44.30464172363281,44.64223569872871,43.84267191270878,43.84267191270878,48411700
2016-05-02,44.962066650390625,45.086442501259505,44.22469069311403,44.42014039532956,33114500
2016-05-03,44.224693298339844,44.784388049208545,44.06478051237736,44.722200120110685,26460200
2016-05-04,44.30464172363281,44.47344040567444,43.9403967519987,44.2779907270946,24257600
2016-05-05,44.36684036254883,44.68666595424089,44.18027656372452,44.304652429607394,25390700
2016-05-06,44.76662826538086,44.76662826538086,44.11809445833531,44.34907775563002,24787300
2016-05-09,44.48233413696289,44.94430406415681,44.420146203397195,44.8554651273453,17951600
2016-05-10,45.326316833496094,45.39738730395737,44.588940792155,44.71332004619149,22891000
2016-05-11,45.352962493896484,46.00149613453111,45.3085430314671,45.424036344973686,24039100
2016-05-12,45.761634826660156,46.02815842496681,45.23747694643918,45.48623207892617,24102800
2016-05-13,45.37961959838867,46.10810967058939,45.34408267072328,45.699441780413316,22592300
2016-05-16,46.04592514038086,46.161415080335914,45.08644835652279,45.13086782488921,20032000
2016-05-17,45.18709945678711,46.27853319919949,45.05290896542521,46.269588531519126,27803500
2016-05-18,45.455467224121094,45.75068890511173,44.9992108816475,45.16024213043921,24907500
2016-05-19,45.017120361328125,45.28550473821536,44.5698119289519,45.151314256118,23842400
2016-05-20,45.2855110168457,45.822283257733716,45.088697599943785,45.160265184446395,23905800
2016-05-23,44.75767135620117,45.339173562600514,44.71294120479164,45.267602590191814,26118700
2016-05-24,46.15327072143555,46.26062375832603,45.08867819160046,45.35706249017241,34757900
2016-05-25,46.627410888671875,46.9584214498456,46.33218921913091,46.44848690665466,24040200
2016-05-26,46.42165756225586,46.502173197505975,45.94751182838943,46.45744304740962,24335200
2016-05-27,46.80635452270508,46.80635452270508,46.3143159250898,46.44850640842531,17721400
2016-05-31,47.41469192504883,47.41469192504883,46.591646080668625,46.75267397017105,37653100
2016-06-01,47.28050231933594,47.369966057934356,46.91370952281414,46.91370952281414,25324800
2016-06-02,46.949493408203125,47.18209570788963,46.37693915157873,47.09263197235922,22840800
2016-06-03,46.33220291137695,46.895809014156924,46.162223542516735,46.86002693733193,23368300
2016-06-06,46.63637924194336,46.83319263631347,46.421669687630185,46.51113342388259,18243300
2016-06-07,46.60952377319336,47.17313319011186,46.60952377319336,46.73477296460199,20866800
2016-06-08,46.55585861206055,46.913703280763535,46.4037719830253,46.537965866721564,21149400
2016-06-09,46.18012619018555,46.52008158811422,46.06382844335411,46.52008158811422,20305700
2016-06-10,46.05485916137695,46.56479031717698,45.66122911156205,45.6701737753957,25833200
2016-06-13,44.85609436035156,45.374973841397924,43.88990980669314,44.35511104093346,83217800
2016-06-14,44.57875442504883,44.820297945108344,44.346152158239704,44.64137732472234,42577100
2016-06-15,44.4535026550293,44.838188109569046,44.4535026550293,44.534018294646735,33757600
2016-06-16,45.07973861694336,45.15130959683035,44.2924749016472,44.30142298047915,31188600
2016-06-17,44.847145080566406,45.11552946161265,44.56981261962617,45.09763671451722,45710500
2016-06-20,44.7934684753418,45.47337923903112,44.7576829798439,45.30339984176244,35607900
2016-06-21,45.79544448852539,46.01015407708249,44.873990040665184,44.909775540873554,34097800
2016-06-22,45.61650848388672,46.0369760256151,45.58072299570371,45.69702412595249,28816800
2016-06-23,46.439552307128906,46.5737461758956,45.759645123350886,45.875942836077385,29028800
2016-06-24,44.57875442504883,45.5717761538826,44.30142200314321,44.56086168047182,133503000
2016-06-27,43.3262939453125,43.97041916382574,42.97739392284864,43.9256855915571,50216300
2016-06-28,44.2298583984375,44.25669922612372,43.541002974497,43.76465719995719,38140700
2016-06-29,45.213932037353516,45.3749633277669,44.551914130910504,44.6503225209067,31304000
2016-06-30,45.77753829956055,45.8938394347488,45.17814670415214,45.37496348482577,28527800
2016-07-01,45.768585205078125,46.26957173058389,45.688069574419906,45.74174779908922,21400400
2016-07-05,45.77753829956055,45.87594668989736,45.3928562296772,45.473371875162584,24806400
2016-07-06,45.96541976928711,46.108558344538785,45.07974748869106,45.428647552573715,28167500
2016-07-07,45.96541976928711,46.17118125791809,45.68808728668388,46.00120185358041,19585200
2016-07-08,46.78844451904297,46.8421227401949,46.11748211175452,46.27851336251905,28391000
2016-07-11,47.04789733886719,47.2626068710387,46.94054427912755,46.967381690889404,22269200
2016-07-12,47.602561950683594,47.7725413369539,47.22682451034548,47.36101499074089,27317600
2016-07-13,47.870933532714844,48.18405139535509,47.575711824576295,47.91566709358599,25356800
2016-07-14,48.07670974731445,48.300363953891164,47.933571191613055,48.1661700648682,24545500
2016-07-15,48.04091262817383,48.30929692857203,47.60254898779325,48.264566780620925,32024400
2016-07-18,48.27351760864258,48.6134729193209,47.90672488830533,48.04091876198392,31433900
2016-07-19,47.495201110839844,48.21984187207438,47.35206257422841,48.04986251362263,53336500
2016-07-20,50.01802444458008,50.850018329836765,49.678069109830886,50.23273397513015,89893300
2016-07-21,49.919612884521484,50.30429835169161,49.88382739625171,50.08064416904349,32776700
2016-07-22,50.608463287353516,50.66214151457237,49.9017153194178,50.17010304282039,32157200
2016-07-25,50.75160598754883,50.76055406583367,50.33113503815224,50.51900714252235,25610600
2016-07-26,50.7784423828125,51.25259155437198,50.55478820784599,50.5637362859521,28079000
2016-07-27,50.26852035522461,50.814237188248015,50.19695278071093,50.64426121267208,32327500
2016-07-28,50.28641128540039,50.42954984194929,49.84805094902229,50.09854256980977,37550400
2016-07-29,50.706878662109375,50.77844622891961,50.143269142950615,50.331137845106156,30558700
2016-08-01,50.61741256713867,50.769495762166784,50.2237790502344,50.63530189727819,26003400
2016-08-02,50.61741256713867,50.90368962705538,50.37586565795425,50.85895606363135,35122000
2016-08-03,50.96632385253906,51.09156966751347,50.53690816718716,50.70688414283921,22075600
2016-08-04,51.3420524597168,51.458353587613225,50.697927336218925,50.81422846411536,26587700
2016-08-05,51.85199737548828,52.07565161200715,51.39574423457463,51.57466830632829,29335200
2016-08-08,51.94145202636719,51.96828943799038,51.690957004679234,51.94145202636719,19473500
2016-08-09,52.06669998168945,52.335084347084745,51.9056686799138,52.03985915626527,16920700
2016-08-10,51.905662536621094,52.17404687025177,51.72673850996999,52.030908331469284,15756900
2016-08-11,52.156158447265625,52.29035233154442,51.91461150317914,51.91461150317914,18162300
2016-08-12,51.8341064453125,52.05776068967685,51.54782928554156,51.91462210979138,21655200
2016-08-15,51.99512481689453,52.335080139164255,51.85198627267972,51.89671642786708,19283900
2016-08-16,51.70707321166992,51.869108190436776,51.55404208392512,51.860107773377734,20523500
2016-08-17,51.815086364746094,51.923108513303085,51.518021163761624,51.797082100992895,18856400
2016-08-18,51.8510856628418,51.94110697154601,51.55402392902241,51.68905074113602,14214300
2016-08-19,51.86909484863281,51.9681165806269,51.491015618068616,51.698059496800745,17271000
2016-08-22,51.91410446166992,51.98612151640141,51.54502564107647,51.851091255760956,15221900
2016-08-23,52.11215591430664,52.37321262677147,52.07614738142266,52.12115976450899,18732400
2016-08-24,52.166160583496094,52.24717805287707,51.95911670262519,52.03113032320707,18151500
2016-08-25,52.36418914794922,52.47221470610799,52.01311466883676,52.10313596730239,18552600
2016-08-26,52.2381706237793,52.841301395380796,51.93210503086852,52.46321875286187,20971200
2016-08-29,52.301185607910156,52.751281881417,52.301185607910156,52.37320265997303,16417200
2016-08-30,52.11215591430664,52.38221304301111,51.86010305204416,52.19317339631425,16930200
2016-08-31,51.72506332397461,52.03112892966519,51.58103265270622,51.89610210695474,20860300
2016-09-01,51.84208679199219,52.049130657231665,51.31997348785287,51.31997348785287,26075400
2016-09-02,51.91410446166992,52.38220501553809,51.68905631657728,51.91410446166992,18900500
2016-09-06,51.8600959777832,52.031131334707055,51.50001756598724,52.01312707072103,16278400
2016-09-07,51.90510177612305,52.0671367082182,51.68005364087555,51.73406642956128,17493400
2016-09-08,51.69806671142578,52.02213663082698,51.47301853783746,51.87810593708896,20146100
2016-09-09,50.59981155395508,51.77906477764457,50.59981155395508,51.121924769225046,35113900
2016-09-12,51.35599136352539,51.50002205400301,50.05971514922679,50.41078974264334,29303000
2016-09-13,50.887882232666016,50.99590780789209,50.45579023364758,50.860877555840474,30130200
2016-09-14,50.64483642578125,50.97791017510208,50.43779253061453,50.76186243051458,24062500
2016-09-15,51.48200988769531,51.626040556069086,50.39277774349604,50.5458122602468,26847000
2016-09-16,51.53603744506836,51.87811166822212,51.0859410481682,51.87811166822212,44607000
2016-09-19,51.24796676635742,51.98612444918733,51.1759497075631,51.554032398308536,20937100
2016-09-20,51.13994216918945,51.62604355698071,51.08592937767389,51.62604355698071,17384000
2016-09-21,51.99512481689453,52.07614229098269,51.382996987515774,51.770076659312124,33707300
2016-09-22,52.04914093017578,52.21117588868526,51.87810555573248,52.13915882536434,19822200
2016-09-23,51.69806671142578,52.13015879263984,51.65305776350064,52.094150260714684,19955300
2016-09-26,51.22095489501953,51.436999173145765,51.15794169440255,51.38298982059515,21688700
2016-09-27,52.166160583496094,52.26518231651308,51.022915597325486,51.24796374183241,28065100
2016-09-28,52.2381706237793,52.26517873436332,51.91410076846648,52.10314380670691,20536400
2016-09-29,51.67105484008789,52.3642000964104,51.500016054222584,52.04013365606157,25463500
2016-09-30,51.8510856628418,52.004120170658055,51.617037128134456,51.82408098721144,29910800
2016-10-03,51.68905258178711,51.80607857028898,51.36498616079733,51.68005216757708,19189500
2016-10-04,51.52703857421875,51.85110510518205,51.28398610052396,51.55404325997492,20085900
2016-10-05,51.88710403442383,52.17516540902734,51.545029864346226,51.5720379790645,16726400
2016-10-06,51.97712707519531,52.085149235745206,51.5630358308227,51.97712707519531,16212600
2016-10-07,52.03113555908203,52.19317051414951,51.68906138349931,52.076144505720215,20089000
2016-10-10,52.24717712402344,52.562243147146994,52.09414260281907,52.13015112945093,18196500
2016-10-11,51.48200988769531,52.22917134073313,51.21195281373974,52.11214534956631,26497400
2016-10-12,51.40999984741211,51.55403052580702,50.77086392665735,51.40999984741211,22177500
2016-10-13,51.23897171020508,51.5810459302571,50.69885741240754,51.04093163245956,25313700
2016-10-14,51.68905258178711,51.97711734593679,51.41899551398133,51.41899551398133,27402500
2016-10-17,51.509010314941406,51.72505456829238,51.19394091402579,51.63503670172306,23830000
2016-10-18,51.90510177612305,52.16615843716102,51.68005364087555,51.788075784284985,19149500
2016-10-19,51.7880859375,52.06714691614399,51.67106335668132,51.7340765721876,22878400
2016-10-20,51.53603744506836,51.77908991147,51.004923559367654,51.76108564351844,49455600
2016-10-21,53.705501556396484,54.41665468256011,53.55247043084792,54.263620123048575,80032200
2016-10-24,54.9117546081543,54.9117546081543,53.948548695482366,53.957549111523754,54067000
2016-10-25,54.90275192260742,55.24482266144206,54.73171311922762,54.776722065499285,35137200
2016-10-26,54.578678131103516,55.0917876368033,54.434647452906425,54.74071307332053,29911600
2016-10-27,54.1015739440918,54.758717564679145,54.092573529025586,54.56067409360009,28479900
2016-10-28,53.894527435302734,54.47965397103769,53.633474203539244,54.02055384387036,33574700
2016-10-31,53.93954849243164,54.38964487211066,53.93954849243164,54.15559626562123,26434700
2016-11-01,53.831504821777344,54.02954824860297,53.336399688674774,53.984539315404824,24533000
2016-11-02,53.49844741821289,53.94854372599933,53.381421416678975,53.849521988852345,22147000
2016-11-03,53.30039978027344,53.687482849449154,53.210381899332965,53.58846112003741,21600400
2016-11-04,52.85030746459961,53.3634169790938,52.67927210442232,52.79629810557641,28697000
2016-11-07,54.3896369934082,54.47965831668154,53.813514260308345,53.813514260308345,31664800
2016-11-08,54.43464660644531,54.71370410950907,54.14658525453049,54.50666022744293,22935400
2016-11-09,54.164581298828125,54.54266393603882,53.29139690534125,54.01155022150224,49632500
2016-11-10,52.84130859375,54.45265424163954,51.87810274477969,54.443650392231,57822400
2016-11-11,53.12937545776367,53.21939335738374,52.22017887537237,52.41822237529181,38767800
2016-11-14,52.31918716430664,53.18337457454408,51.56302532657505,53.129361788291156,41328400
2016-11-15,53.35234832763672,53.91424068537244,52.853898329199644,52.86296300502554,35904100
2016-11-16,54.059242248535156,54.06830346684221,53.297971995795024,53.41578511959045,27332500
2016-11-17,54.95645523071289,55.23740141745766,54.34925330546702,54.74801262396456,32132700
2016-11-18,54.69363021850586,55.40958745195404,54.64831721349941,55.08332828445053,27686300
2016-11-21,55.15583419799805,55.25552488753769,54.75707143983945,54.82957501665404,19652600
2016-11-22,55.39145278930664,55.518330566102506,55.11051012844726,55.264575012510775,23206700
2016-11-23,54.73894500732422,55.37333397234281,54.60300253929991,55.291769182960344,21848900
2016-11-25,54.85676193237305,54.85676193237305,54.49425442108444,54.64831933552092,8409600
2016-11-28,54.929264068603516,55.300836245798656,54.56675310965965,54.684569689890516,20732600
2016-11-29,55.364280700683594,55.6542881140758,54.847704779506174,54.96552137155959,22366700
2016-11-30,54.612060546875,55.44583428456825,54.57581222040515,55.155826929847215,34655400
2016-12-01,53.65141296386719,54.5123738184549,53.41577982530951,54.47612203449827,34542100
2016-12-02,53.69672775268555,53.89610911392359,53.288903812498866,53.54266285148198,25515700
2016-12-05,54.57582092285156,54.91114133199907,53.97768022621722,54.10455803199406,23552700
2016-12-06,54.33111572265625,54.793313845641265,54.19517326798759,54.76612673757163,19907000
2016-12-07,55.6180305480957,55.62709522347609,54.195180743516886,54.385497440576565,30809000
2016-12-08,55.291770935058594,55.80835025562412,55.1377060264322,55.55459120441493,21220800
2016-12-09,56.161800384521484,56.179926279218854,55.40053009303651,55.44584310119948,27349400
2016-12-12,56.343040466308594,56.46085702827109,55.935220022183344,56.025846019286696,20198100
2016-12-13,57.07712173461914,57.475880949644086,56.406481079478986,56.6421107390028,35718900
2016-12-14,56.80524826049805,57.50307957752104,56.66930579279673,57.09525563157766,30352700
2016-12-15,56.71462631225586,57.23120219503273,56.460867251530495,56.823378219903404,27669900
2016-12-16,56.460872650146484,57.04995216578825,56.2977430444968,57.04995216578825,42453100
2016-12-19,57.65713882446289,57.79308127882761,56.56960956102579,56.69649079844097,34338200
2016-12-20,57.58464813232422,57.82027784029965,57.12244647764359,57.72058715175439,26028400
2016-12-21,57.58464813232422,57.72965182734621,57.204011272166014,57.48495744377895,17096300
2016-12-22,57.59370803833008,58.092158012537105,57.46683024022219,57.85652830993112,22176600
2016-12-23,57.31276321411133,57.58464469389819,56.914000483740715,57.50307990424607,12403800
2016-12-27,57.34900665283203,58.06496380571275,57.28556776152971,57.28556776152971,11763200
2016-12-28,57.08620071411133,57.45777291538854,56.941197012568054,57.45777291538854,14653300
2016-12-29,57.00462341308594,57.27650486170265,56.85055506933501,56.96837163136099,10250600
2016-12-30,56.31584930419922,57.08618405275883,56.21615864026657,57.05899348985724,25579900
2017-01-03,56.71462631225586,56.95025602168568,56.306802337126534,56.90494301492927,20694100
2017-01-04,56.460872650146484,56.86869666427069,56.2977430444968,56.624002255796164,21340000
2017-01-05,56.460872650146484,56.78713186144585,56.216178241671955,56.36118195145377,24876000
2017-01-06,56.95024490356445,57.23119102206375,56.22522656552126,56.46085622895025,19922900
2017-01-09,56.76900100708008,57.16776376702092,56.678374992817616,56.8777529156272,20382700
2017-01-10,56.75087356567383,57.158697533058636,56.4427402855565,56.85056425294131,18593000
2017-01-11,57.2674446105957,57.30369639512046,56.57867799042756,56.74180756362852,21517300
2017-01-12,56.7418212890625,57.457778649389326,56.143680528359894,57.149645320714576,20968200
2017-01-13,56.82337188720703,56.97743678444119,56.506173960940735,56.7508683187483,19422300
2017-01-17,56.6693000793457,56.82336842435125,56.21616317557442,56.80524253334118,20664000
2017-01-18,56.64212417602539,56.823379664820855,56.2977390930301,56.79618909434695,19670100
2017-01-19,56.460872650146484,57.07713928100948,56.37024662796828,56.406498419704015,18451700
2017-01-20,56.859619140625,56.932119246146186,56.524295348964024,56.796176794698745,30213500
2017-01-23,57.05900192260742,57.204005603259574,56.70555566709034,56.82337223798285,23097600
2017-01-24,57.5665168762207,57.765898234739694,57.040876370001726,57.27650951318971,24672900
2017-01-25,57.711524963378906,58.09215835997911,57.5030823713606,57.956219342833634,23672700
2017-01-26,58.2462272644043,58.49092511779708,57.59371233161375,58.11029169509934,43554600
2017-01-27,59.614681243896484,59.732501246828086,58.8080982261745,59.261235063740536,44818000
2017-01-30,59.025611877441406,59.623755922278036,58.72654676934368,59.53312992242052,31651400
2017-01-31,58.590606689453125,59.04374362144531,58.237160435644896,58.78092337117134,25270500
2017-02-01,57.620887756347656,58.56341330359968,57.52119708884753,58.327780188206646,39671500
2017-02-02,57.24931335449219,57.466820584101455,56.868680024126135,57.32181691674865,45827000
2017-02-03,57.711524963378906,57.72965085709712,57.158697305036085,57.54839537707576,30301800
2017-02-06,57.67527389526367,57.684338570816195,57.22213691813914,57.54839609481453,19796400
2017-02-07,57.484954833984375,57.80214932208172,57.303699359145625,57.765900992842475,20277200
2017-02-08,57.403385162353516,57.829334973433454,57.29463326956132,57.61182773068871,18096400
2017-02-09,58.05590057373047,58.400289061630666,57.385259861256486,57.566515322549044,22644400
2017-02-10,58.001529693603516,58.27341462977074,57.983403800714996,58.228098168969154,18170700
2017-02-13,58.654052734375,58.7809305376559,58.11934749398691,58.219038184324994,22920100
2017-02-14,58.87287902832031,59.00964566497619,58.371403679328786,58.72699971713011,23108400
2017-02-15,58.836402893066406,58.87287445709212,58.499053099247796,58.80905095910701,17005200
2017-02-16,58.8272819519043,59.483756177257035,58.75434578171798,59.02787207145535,20546300
2017-02-17,58.91847610473633,58.98229961404526,58.62671049700396,58.78170945443411,21248800
2017-02-21,58.799922943115234,59.219335435235834,58.763451384291024,58.90933761958788,20655900
2017-02-22,58.68141555786133,58.708767497225125,58.39876957611414,58.654063618497524,19292700
2017-02-23,58.91847610473633,59.018771184541905,58.526415417198386,58.7361182522531,20273100
2017-02-24,58.91847610473633,59.08259469385084,58.48082421501738,58.836413332058676,21796800
2017-02-27,58.562870025634766,58.84551591981765,58.3987514840553,58.84551591981765,15871500
2017-02-28,58.334922790527344,58.53550940799045,58.13433269494495,58.42610168766447,23239800
2017-03-01,59.21022415161133,59.255808384031944,58.37139219145496,58.47168724151454,26937500
2017-03-02,58.362281799316406,59.03698828915988,58.24375096478517,58.982284425622005,24539600
2017-03-03,58.58111572265625,58.60846765980067,58.006700695782236,58.34405748512422,18135900
2017-03-06,58.59934616088867,58.86375980525744,58.17993705160178,58.325819841922474,18750300
2017-03-07,58.71786117553711,59.06433051473915,58.526390728380356,58.526390728380356,18521000
2017-03-08,59.255821228027344,59.33788399415394,58.581114618303104,58.590234249259446,21510900
2017-03-09,59.01875686645508,59.44728206428766,58.79081482333091,59.438169391054856,19846800
2017-03-10,59.201107025146484,59.50199218804406,59.03698847776953,59.365225572523435,19538200
2017-03-13,59.000511169433594,59.438162905221084,58.872864195711905,59.27404437383057,20100000
2017-03-14,58.72700119018555,58.854648199268794,58.48993947778512,58.836408937262455,14280200
2017-03-15,59.0369873046875,59.19198621961946,58.58110323283663,58.854636458442705,24833800
2017-03-16,58.93669891357422,59.04611360743078,58.62670104867345,59.03699397721615,20674300
2017-03-17,59.14641189575195,59.48376171344935,58.973173693427306,59.18288346235925,49219700
2017-03-20,59.201107025146484,59.42904906560119,59.00963654591321,59.18287472265528,14598100
2017-03-21,58.544620513916016,59.720802029863364,58.47167740682528,59.43815618518369,26640500
2017-03-22,59.29228591918945,59.39258097935677,58.4625804606337,58.4625804606337,20680000
2017-03-23,59.14641189575195,59.48376171344935,59.05522950111368,59.2102353982547,19269200
2017-03-24,59.24669647216797,59.675221652371015,59.046106369472724,59.59316585921686,22617100
2017-03-27,59.35611343383789,59.46552813131022,58.67228722617561,58.927581230704476,18614700
2017-03-28,59.52934646606445,59.69346501990963,58.94581537600146,59.22846129130842,20080400
2017-03-29,59.69346237182617,59.720814303547115,59.219339034533185,59.37434490801685,13618400
2017-03-30,59.91228103637695,60.15846231895324,59.59316359251746,59.6478674525395,15122800
2017-03-31,60.04905319213867,60.349938362543476,59.67522489747103,59.85758270812813,21040300
2017-04-03,59.76641845703125,60.12200755900751,59.43818129270848,60.003473220855085,20400900
2017-04-04,59.930538177490234,60.00347436053801,59.520238236173434,59.62053331363484,12997400
2017-04-05,59.77552795410156,60.49582575105718,59.666120209304346,60.45024150947172,21448600
2017-04-06,59.930538177490234,60.23141645363379,59.70259608439445,59.81200383708642,18103500
2017-04-07,59.88494110107422,60.14023510729615,59.66611866091827,60.03994003967469,14108500
2017-04-10,59.74818420410156,60.0125978839895,59.59318524024208,59.821127348120534,17952700
2017-04-11,59.70258331298828,59.821110671796426,59.128164909270836,59.81199104227606,18791500
2017-04-12,59.474647521972656,59.72994152547195,59.36523282494158,59.64787876363868,17108500
2017-04-13,59.21934509277344,60.04905753979767,59.21934509277344,59.529349915215796,17896500
2017-04-17,59.70258331298828,59.7116959862695,59.27405115664008,59.30140308896202,16689300
2017-04-18,59.62051773071289,59.912283255367576,59.41081495536921,59.56581386866477,15155600
2017-04-19,59.3013916015625,59.948746047325,59.164625010206976,59.85757063850059,26992800
2017-04-20,59.7208137512207,59.9487557884391,59.39257666112709,59.684342190517086,22299500
2017-04-21,60.54140090942383,60.81492715519069,59.67521707389972,59.87580716120505,32522600
2017-04-24,61.57170867919922,61.69024300344178,61.17964805427934,61.52612444053951,29770000
2017-04-25,61.92727279663086,62.03668744657601,61.635507353014006,61.90904049975844,30242700
2017-04-26,61.8452262878418,62.282871040687134,61.65375583894222,62.0731682921848,26190800
2017-04-27,62.246402740478516,62.3466977841335,61.617287505833424,62.136995024664564,34971000
2017-04-28,62.419639587402344,63.03964213686225,61.71758125280596,62.82993938179916,39548800
2017-05-01,63.28583526611328,63.41348225996417,62.456122849843055,62.62024140711412,31954400
2017-05-02,63.185543060302734,63.55936442882864,63.030537169704424,63.55936442882864,23906100
2017-05-03,62.984920501708984,63.25844666452871,62.647563915704865,63.25844666452871,28928000
2017-05-04,62.7387580871582,62.98493935926189,62.58375918619708,62.93934817369061,21749400
2017-05-05,62.91201400756836,62.93936594413843,62.44701021715646,62.82083856692138,19128800
2017-05-08,62.8572998046875,62.957594859789126,62.38317646125455,62.884651736762656,18566100
2017-05-09,62.948463439941406,63.16728581179573,62.62022640404103,62.78434492199121,22858400
2017-05-10,63.194637298583984,63.422579296580594,62.839048338208286,62.90287181939783,17977800
2017-05-11,62.419639587402344,62.665820855288054,62.10964179079146,62.32846417406021,28789400
2017-05-12,62.34672546386719,62.55643527267812,62.03672752311519,62.55643527267812,18714100
2017-05-15,62.39229202270508,62.437883210683836,61.60817089189309,62.12787843615325,31530300
2017-05-16,63.64858627319336,63.67609498651173,62.502343244179905,62.56653257396017,34956000
2017-05-17,61.878780364990234,63.36430669963737,61.83292785012098,63.17173873018724,30548800
2017-05-18,62.08968734741211,62.47482329998783,61.56700084145597,61.805421334241224,25201300
2017-05-19,62.07136917114258,62.44733333405387,61.83294860678794,61.89713795148566,26961100
2017-05-22,62.76826095581055,62.8141134721181,61.89711911486091,62.254746354502274,16237600
2017-05-23,62.97917938232422,63.04336871426151,62.70407824767154,63.01586000001873,15425800
2017-05-24,63.06169891357422,63.162568852630685,62.76826099889497,63.15340394625227,14593900
2017-05-25,63.84114074707031,64.07955420943107,63.19007568395761,63.2450930989469,21854100
2017-05-26,64.15293884277344,64.39135938826892,63.74945899595235,64.00622335054696,19827900
2017-05-30,64.5655746459961,64.5655746459961,63.97869183371444,63.997035638282526,17072800
2017-05-31,64.04289245605469,64.86818890442918,64.015383740461,64.67562089916059,30436400
2017-06-01,64.28131103515625,64.74898017440348,63.685263229623516,64.40968970144175,21603600
2017-06-02,65.80354309082031,65.89524116363184,64.40970719807282,64.5931103398104,34770300
2017-06-05,66.28036499023438,66.83973222572398,65.84937643212469,65.99609891833786,33316800
2017-06-06,66.50041961669922,66.59212463815355,66.27117105528517,66.29868675938799,31511100
2017-06-07,66.38121032714844,66.72966560847952,65.97773063584147,66.61045887973457,22301800
2017-06-08,65.97774505615234,66.50043159044435,65.5651003697526,66.49126668353743,24588300
2017-06-09,64.4830322265625,66.09694398654393,62.89662917335797,66.06026337880452,49187400
2017-06-12,63.98786163330078,64.13458408057767,62.47481962728689,63.50185576989099,47761700
2017-06-13,64.78563690185547,64.94152422541394,64.15290871126987,64.20792612049992,25258600
2017-06-14,64.43719482421875,65.19830187199327,63.66692286944373,65.02407768952494,25510700
2017-06-15,64.09791564941406,64.38218169989347,63.08922311909138,63.520204648616954,26068700
2017-06-16,64.18961334228516,64.21712205719669,63.47435877013486,63.942027911968765,48345100
2017-06-19,64.98738861083984,65.051577932046,64.51054765664155,64.64809820097226,23798300
2017-06-20,64.10706329345703,64.98737682293986,64.07038268854816,64.94152431777627,21512200
2017-06-21,64.43719482421875,64.75814846815389,64.13459198262126,64.38217739776688,19891100
2017-06-22,64.42801666259766,64.73061944194141,63.923667036840115,64.68477392803395,22965700
2017-06-23,65.29916381835938,65.33584443020443,64.11624032177389,64.27212767503187,27617300
2017-06-26,64.67562866210938,65.75768258071977,64.5931025054228,65.47341649064782,19607000
2017-06-27,63.465179443359375,64.35466510072897,63.43767073166536,64.290475774739,25215100
2017-06-28,64.00621795654297,64.042891579424,63.08005156626065,63.46518757152599,25806200
2017-06-29,62.80494689941406,63.72194133448963,62.43814772616137,63.62107138694233,28918700
2017-06-30,63.20842361450195,63.62106829176578,63.03419244155803,63.070873056710006,24161100
2017-07-03,62.51150131225586,63.82280347383116,62.37395076460026,63.57521808494025,16165500
2017-07-05,63.345943450927734,63.676061831083565,62.55732809790087,62.59400869526358,21176300
2017-07-06,62.87832260131836,63.070890637459826,62.4656778090315,62.60322140905116,21117600
2017-07-07,63.694454193115234,64.04290967785985,62.997536227511304,62.997536227511304,16878300
2017-07-10,64.17127227783203,64.41885769173868,63.456010756976006,63.69443126392801,15014500
2017-07-11,64.18043518066406,64.81316354638527,63.96035848671789,64.18960708344447,17460000
2017-07-12,65.244140625,65.36334735586397,64.69394548823527,64.82232412027668,17750900
2017-07-13,65.81268310546875,66.0602755041276,65.39086653320715,65.56509770292176,20269800
2017-07-14,66.73885345458984,67.18817876609945,65.98691830230115,66.24367562316378,25868100
2017-07-17,67.26152801513672,67.35322604251895,66.6838241461287,66.75718536647891,21803900
2017-07-18,67.21569061279297,67.29821674856501,66.62881477137438,67.0231156371011,26435300
2017-07-19,67.72923278808594,67.89429212291444,67.35326158248752,67.39911411842895,22416200
2017-07-20,68.0593032836914,68.13266449082492,67.19732659014707,68.02262268012466,42361000
2017-07-21,67.6650161743164,68.12351336455075,67.09647713982555,67.35323444697886,46717100
2017-07-24,67.49077606201172,67.62832660008154,67.05978764091141,67.42658674372727,21394800
2017-07-25,68.03180694580078,68.14184178039169,67.39907866245889,67.67417974115824,22018700
2017-07-26,67.90345001220703,68.20605290016486,67.68336628045715,68.16937227820655,16252200
2017-07-27,67.08729553222656,68.24270312678446,66.31701680641113,67.6374906243175,36844200
2017-07-28,66.97726440429688,67.2248497866115,66.51876725503097,66.63797399524005,18306700
2017-07-31,66.66549682617188,67.34407778802529,66.39957457984686,67.21569911872605,23600100
2017-08-01,66.55545806884766,67.3257300395566,66.47292493135035,67.03229209888953,22132300
2017-08-02,66.26203918457031,66.53713339774721,65.51010380810379,66.52796848792138,26499200
2017-08-03,66.16116333007812,66.4270926098051,65.88606214522574,66.19784395446602,18214400
2017-08-04,66.64717102050781,66.97728965210995,66.2436911383021,66.39041363950923,22579000
2017-08-07,66.3904037475586,66.84890100134545,66.26202507618731,66.75720294981065,18705700
2017-08-08,66.74803161621094,67.05980639331605,65.79435648065122,66.10613125775633,22044600
2017-08-09,66.4545669555664,66.49124756098134,66.06943109287488,66.25282712383938,22213400
2017-08-10,65.48257446289062,66.19782898644378,65.42755004069349,65.93189976684619,24734500
2017-08-11,66.48209381103516,66.66548989206906,65.36335952683704,65.66596935704382,21443700
2017-08-14,67.48163604736328,67.60084983487391,66.89476000398788,66.99562997982875,20096600
2017-08-15,67.50005340576172,67.84114449772643,67.33411472767025,67.84114449772643,19181400
2017-08-16,67.8964614868164,68.31130466173168,67.45395600463888,67.61067391219478,18150400
2017-08-17,66.7441177368164,68.09928255007685,66.7441177368164,67.83193648872597,22977500
2017-08-18,66.82707977294922,67.14973636889032,66.31082921944348,66.6242650459616,18761500
2017-08-21,66.51363372802734,66.81785577177153,66.09878356836201,66.80863500376515,17734800
2017-08-22,67.44474792480469,67.51849298353012,66.69802030059671,66.69802030059671,14343700
2017-08-23,67.03912353515625,67.43553226858498,66.86396406145442,67.26037279488314,13766500
2017-08-24,67.0114517211914,67.16816961510196,66.43988365510036,67.05754149584341,17098300
2017-08-25,67.13130950927734,67.6199048435485,66.8178736470608,67.16818555778289,12794300
2017-08-28,67.1405029296875,67.38018659725645,66.88237772868449,67.3525313304896,14569700
2017-08-29,67.34333038330078,67.44473773628914,66.42145047132341,66.60582364036466,11478400
2017-08-30,68.22834014892578,68.41271333389471,67.14052147748221,67.30646015730873,16897800
2017-08-31,68.928955078125,69.10411450485262,68.03473750846861,68.2467659407739,27652800
2017-09-01,68.16380310058594,68.90130281184918,67.88723631299624,68.87364753976732,21736200
2017-09-05,67.85958862304688,68.11771390249932,67.27880674427888,67.61067707972748,21556000
2017-09-06,67.66598510742188,68.25598767238696,67.61988829972117,67.97942089295348,16535800
2017-09-07,68.53256225585938,68.77225304770286,67.85037296118303,67.92412505611746,17471200
2017-09-08,68.20069885253906,68.62476289159027,68.07162915654402,68.52335550905762,14703800
2017-09-11,68.91976165771484,69.0857003652663,68.50491137214252,68.50491137214252,17910400
2017-09-12,68.84600067138672,69.36225123562578,68.56022011380959,68.91975276153129,14394900
2017-09-13,69.3345947265625,69.35303626546374,68.72615757716132,69.07646944903556,13380800
2017-09-14,68.928955078125,69.59270971268727,68.69848510964562,69.14099054381555,15733900
2017-09-15,69.4267807006836,69.50053278885709,68.28365146753944,68.98428223841513,38578400
2017-09-18,69.28849792480469,70.03521840675184,69.17786980276654,69.3530292376472,23307000
2017-09-19,69.546630859375,69.79553536972671,69.15022217001015,69.33459536039021,16093300
2017-09-20,69.0856704711914,69.64801767937203,68.50488172938083,69.46363750999394,21587900
2017-09-21,68.41272735595703,69.36226281660022,68.32054074457773,69.2424209251459,19186100
2017-09-22,68.59709930419922,68.68928590441365,68.08084168290226,68.2099043298798,14111400
2017-09-25,67.53692626953125,68.4495854393749,67.22348343305433,68.30208127317735,24149200
2017-09-26,67.53692626953125,68.04395601571738,67.28801474741931,67.9148933869874,18019600
2017-09-27,68.08084869384766,68.37585006494503,67.4539699010923,67.80428886472431,19565100
2017-09-28,68.09928894042969,68.19147554838388,67.58303127578897,67.79506680413223,10883800
2017-09-29,68.67084503173828,68.71694184898688,68.10849762156212,68.16381520893782,17079100
2017-10-02,68.78146362304688,69.15021700967513,68.49568308926825,68.87365021135747,15304800
2017-10-03,68.45880126953125,69.0303622888503,68.39426995982151,68.83676835972108,12190400
2017-10-04,68.85523223876953,68.88288751856399,67.95178657628783,68.30209850933021,13317700
2017-10-05,70.03522491455078,70.17350832160162,69.10412414268716,69.34381491268284,21195300
2017-10-06,70.06289672851562,70.09055200977693,69.63883267127063,69.75867456786555,13959800
2017-10-09,70.3302230834961,70.56991384275459,69.93381441884723,70.03522177724945,11386500
2017-10-10,70.3302230834961,70.6436588942768,70.19193968263981,70.36709912595016,13944500
2017-10-11,70.4500732421875,70.48694928898387,70.01678848406371,70.39476268868634,15388900
2017-10-12,71.09542083740234,71.2521388214832,70.40401051933911,70.51463166885996,16876500
2017-10-13,71.43649291992188,71.78681188842017,71.2521196979452,71.52867953091021,15335700
2017-10-16,71.58399200439453,71.73148916474909,71.30742515782251,71.3719564842377,12380100
2017-10-17,71.5286636352539,71.55632594245189,71.21522782087018,71.41804254000601,16824000
2017-10-18,71.54710388183594,71.7683531017238,71.32585466194807,71.60241442846143,13300700
2017-10-19,71.82367706298828,71.84211156903932,71.3074194595346,71.51023419302857,15092800
2017-10-20,72.65335845947266,72.80086263125516,72.10945265114327,72.20163924181432,22866400
2017-10-23,72.67178344726562,73.14193706263033,72.60725214515374,72.8192805520709,20627200
2017-10-24,72.69947052001953,73.01290640072062,72.33071704660428,72.73634657069981,17517200
2017-10-25,72.48741149902344,72.92069616238605,71.91585048214954,72.44132172564808,20410800
2017-10-26,72.6072769165039,73.21571411065524,72.5980561463751,73.01289936814251,32120700
2017-10-27,77.26277923583984,79.46607240605024,77.07840600460243,77.77903694340289,71066700
2017-10-30,77.33650970458984,77.74213913989124,76.61744445719988,77.16135026054862,31756700
2017-10-31,76.68197631835938,77.7697949661734,76.61744500168338,77.7697949661734,27086600
2017-11-01,76.68197631835938,77.21666838989539,76.40540951352736,77.14291630415538,22307400
2017-11-02,77.48400115966797,77.86196822594842,76.62665265153814,76.83868107000687,23992900
2017-11-03,77.5669937133789,77.93574717271169,76.88480438531496,77.51168315616452,17633500
2017-11-06,77.87120819091797,78.08323666165778,77.51167553758825,77.62229664114413,19860900
2017-11-07,77.68684387207031,78.26763291822395,77.37340796995844,78.1477839869793,17939700
2017-11-08,77.95417022705078,78.00026704021471,77.28120176852914,77.56698231666412,18034200
2017-11-09,77.52088928222656,77.68682797096463,76.42385681598994,77.53933082174554,21178400
2017-11-10,77.31808471679688,77.53011319615794,76.72808202922032,77.2443326225031,19397800
2017-11-13,77.37340545654297,77.38262622789026,76.94012063726137,77.1245008972683,14196900
2017-11-14,77.48400115966797,77.53009093032496,76.49759004028289,76.97696444874744,18801300
2017-11-15,76.88180541992188,77.53962669315021,76.61311666290571,77.33579335550273,19383100
2017-11-16,77.08563232421875,77.28946566354628,76.84474480384132,76.99298273417277,20962800
2017-11-17,76.34441375732422,77.0115019864655,76.19616878697761,77.0115019864655,22079000
2017-11-20,76.4648666381836,76.52045497435644,76.20544497776355,76.34442288690575,16315000
2017-11-21,77.5674057006836,77.67858235860608,76.659422938298,76.659422938298,21237500
2017-11-22,77.00222778320312,77.734171351963,76.93737238185523,77.66931595061509,20553100
2017-11-24,77.14122772216797,77.29873273209463,76.69649979381607,76.90960021273088,7425600
2017-11-27,77.70636749267578,77.80828412046253,77.17825727082976,77.18751727793205,18265200
2017-11-28,78.64217376708984,78.80894586576817,77.8453745254835,77.89170285739287,21926000
2017-11-29,77.21532440185547,78.67921160249536,77.0670865075436,78.48464539006228,27381100
2017-11-30,77.98432922363281,78.30860624427434,77.21532438274798,77.37283642309578,33054600
2017-12-01,78.06771087646484,78.57728698052209,77.10413992077724,77.45621106914633,29532100
2017-12-04,75.12142181396484,78.22522845885075,74.76934354005698,78.21596138092967,39094900
2017-12-05,75.59392547607422,76.60382475748054,75.02876104399813,75.36229804357926,26152300
2017-12-06,76.69647979736328,77.03002388948728,75.44569298625264,75.55687670653023,26162100
2017-12-07,76.42781066894531,76.71503358599627,75.97382273185974,76.47413899809531,23184500
2017-12-08,77.97505187988281,78.36418421814234,77.20604720995995,77.48399585069933,24489100
2017-12-11,78.96644592285156,79.09615674998373,77.93801931579654,78.09552431035561,22857900
2017-12-12,79.29070281982422,79.72616351529481,78.8274479639973,79.04054123920113,23924100
2017-12-13,79.07760620117188,79.67983895585901,78.91083416246941,79.43894444024247,22062700
2017-12-14,78.46613311767578,79.55941518587362,78.31788812666782,79.15174852931199,19306000
2017-12-15,80.46736145019531,80.68972178629794,78.64213631411337,78.99421450404246,53936700
2017-12-18,80.03193664550781,81.06963046013341,79.89296579111623,80.71755918115672,22283800
2017-12-19,79.5223388671875,80.00412085923641,79.00348856570149,80.00412085923641,23524800
2017-12-20,79.235107421875,79.95779093460202,78.48463681750277,79.86513430848011,23674900
2017-12-21,79.21658325195312,79.77248768559357,79.12393369113111,79.72616643953675,17990700
2017-12-22,79.22583770751953,79.33701433531152,78.67919336894899,79.12392108623871,14145800
2017-12-26,79.12394714355469,79.24439088622995,78.78113593465025,79.04055757654135,9891200
2017-12-27,79.41116333007812,79.66132496360099,78.95717545460467,79.35557499761066,14678000
2017-12-28,79.42041015625,79.61497633898153,79.26290520861606,79.5871821798353,10594300
2017-12-29,79.25366973876953,79.72619183881945,79.21660848889204,79.33705224946095,18717400
2018-01-02,79.63350677490234,79.96705083611579,79.21658023273959,79.80027880550907,22483800
2018-01-03,80.00413513183594,80.1523801211954,79.65206388517241,79.7354463901545,26061400
2018-01-04,80.70828247070312,81.2178657717018,80.2079662484617,80.22649333726622,21912000
2018-01-05,81.70890808105469,81.91274138440554,81.00475859730885,81.21785897864183,23407100
2018-01-08,81.79228973388672,82.07024552081158,81.16226274307175,81.71816724821218,22113000
2018-01-09,81.73670959472656,82.209231652366,81.40316544447637,82.13510915926373,19484300
2018-01-10,81.36610412597656,81.70891535473889,80.98623871940586,81.40316537249493,18652200
2018-01-11,81.60697937011719,81.65330061576414,80.82870751494009,81.65330061576414,17808900
2018-01-12,83.0152816772461,83.18205373406118,81.94979392918911,82.15362722848636,24271500
2018-01-16,81.85714721679688,84.11783360621475,81.54213724775836,83.4785395213067,36599700
2018-01-17,83.51557922363281,83.64529000904011,82.2277313765835,82.53348125734684,25621200
2018-01-18,83.4785385131836,84.00664886038359,83.07087897398092,83.20058979127852,24159700
2018-01-19,83.38589477539062,83.95106640547618,83.07088478810878,83.51560560176667,36875000
2018-01-22,84.87755584716797,84.88682292358797,83.14498012945273,83.38587463541555,23601600
2018-01-23,85.14624786376953,85.51685317936118,84.8127037866079,85.14624786376953,23412800
2018-01-24,85.0721435546875,86.56382514368977,84.84978314532921,85.74849893023602,33277500
2018-01-25,85.54467010498047,86.38779053032037,85.17406469076839,85.67438093964815,26383200
2018-01-26,87.14752197265625,87.14752197265625,85.77629123129032,86.27660744299187,29172200
2018-01-29,87.01779174804688,88.43535049748522,86.83249263037571,88.14813474448243,31569900
2018-01-30,85.92451477050781,86.77690913787157,85.33154907851218,86.44336505253546,38635100
2018-01-31,88.0277328491211,88.38907124835687,86.63796760014917,86.86032806074543,48756300
2018-02-01,87.33282470703125,89.00980535547603,86.70279769550186,87.82387382052882,47227900
2018-02-02,85.03506469726562,87.06412333497568,84.7756430952898,86.75837341748623,47867800
2018-02-05,81.53288269042969,86.38779327139359,81.53288269042969,83.90474610670935,51031500
2018-02-06,84.61815643310547,84.75713434099498,78.98497417383591,80.5044499443519,67998600
2018-02-07,83.0245361328125,85.02579344163289,82.64466375665438,83.83986213733812,41107600
2018-02-08,78.7625961303711,83.27469410629202,78.53096869197816,83.11718914467485,55628700
2018-02-09,81.69964599609375,82.39452844432475,77.66932921009595,79.95780987059692,63499100
2018-02-12,82.57980346679688,83.18203615965315,81.46799470206817,82.21846526482466,35720300
2018-02-13,83.2283706665039,83.3858756239703,81.34755704731212,82.39451049652254,26407700
2018-02-14,84.5315933227539,84.69914880127126,82.29752974507561,82.39061454382639,34960900
2018-02-15,86.25369262695312,86.30954208489383,84.35473293590628,84.90393821076272,27823900
2018-02-16,85.63932037353516,87.03561364049497,85.45315077870644,86.05820551285719,30596900
2018-02-20,86.30953979492188,86.62602951740848,84.71776636861158,85.15527271597864,30911700
2018-02-21,85.16458892822266,86.90530396730752,85.16458892822266,86.55157885377781,26922500
2018-02-22,85.38796997070312,86.31883192258213,85.04354849181918,85.68584551122788,24392800
2018-02-23,87.55689239501953,87.5662030051448,85.97442956562831,87.12869665414796,26329200
2018-02-26,88.8228530883789,88.8507778129382,87.73374621908404,87.87337694379423,30199800
2018-02-27,87.68720245361328,89.21381565067017,87.68720245361328,89.1207308658572,25869100
2018-02-28,87.28692626953125,89.0928008149929,87.15660615820036,88.2829483215108,31167300
2018-03-01,86.43054962158203,88.03163366356613,85.49037685703749,87.49173190951761,37135600
2018-03-02,86.61672973632812,86.70981453506987,84.57813926488375,85.24836117888819,32830400
2018-03-05,87.16593170166016,87.7523723031296,85.8813444833351,85.95580805834457,23901600
2018-03-06,86.8680419921875,87.95714883319792,86.51431698709989,87.81751811211399,22175800
2018-03-07,87.3707046508789,87.44517531257884,86.03957175612373,86.7191041157875,26716100
2018-03-08,87.90129089355469,88.52496667197553,87.28691862090409,87.75234957827716,25887800
2018-03-09,89.86544036865234,89.86544036865234,88.43191168489889,88.70186258332473,36937300
2018-03-12,90.07952117919922,90.48910277075127,89.39999583166691,89.82819154014673,26073700
2018-03-13,87.88268280029297,90.51701680202953,87.47310125713517,90.29361191572222,35387800
2018-03-14,87.36141204833984,88.8135618431315,87.03561171364495,88.54361096526584,32132000
2018-03-15,87.66858673095703,88.04093296529976,86.41192440422479,87.0635249878893,27611000
2018-03-16,88.05953979492188,88.785610985761,87.42655337948798,88.13401045601131,49081300
2018-03-19,86.46778106689453,87.40795378910906,85.74170975540949,87.25901244218171,33344100
2018-03-20,86.6911849975586,87.286936174651,86.5701754809947,86.61672142685771,23075200
2018-03-21,86.08611297607422,87.54756589773339,85.8347762820931,86.5049979968257,24457100
2018-03-22,83.58210754394531,85.40659638005243,83.4610980294692,84.95977945398488,38604700
2018-03-23,81.15253448486328,84.20576014574226,81.05944972240471,83.31213364269807,44068900
2018-03-26,87.29625701904297,87.5010478417876,84.14994530227237,84.34542551436995,56396800
2018-03-27,83.28422546386719,88.56221137466747,82.39059878335446,88.37604181277824,56569000
2018-03-28,83.20975494384766,84.92254474426056,82.7257098209411,83.61002589433163,52501100
2018-03-29,84.95980072021484,85.90928426255518,82.28823041022774,83.94516420154476,45867500
2018-04-02,82.39990234375,84.59673726465813,81.45973682310971,84.21508753196268,48515400
2018-04-03,83.50764465332031,83.82414148500607,81.81347578323236,83.3866351275693,37213800
2018-04-04,85.9465103149414,86.34678135286299,81.66454553140137,81.77624445236499,35560000
2018-04-05,85.99303436279297,86.63533145543619,85.08079352300946,86.04889091557536,29771900
2018-04-06,83.99169158935547,86.0675101244841,83.29354500453462,85.16457273847618,38026000
2018-04-09,84.4943618774414,86.72843266000889,84.35473822383706,84.74569865775969,31533900
2018-04-10,86.45845794677734,86.83080415830327,85.30419108276894,86.00233756616257,26812000
2018-04-11,85.50898742675781,86.84012042592042,85.15526240880851,85.64861815291881,24872100
2018-04-12,87.11006164550781,87.64996327266203,86.03956899909181,86.03956899909181,26758900
2018-04-13,86.6446533203125,87.66860029676494,86.04890209394328,87.5475907701919,23346100
2018-04-16,87.65929412841797,88.1154217325913,86.96114745883467,87.56620932618989,20288100
2018-04-17,89.42791748046875,89.86542378331329,88.32018936066355,88.43189536412828,26771000
2018-04-18,89.77233123779297,90.03297145476608,88.91593282242135,89.56754046676743,21043300
2018-04-19,89.46514892578125,90.3587756089103,88.74838119639071,89.77233509552005,23552500
2018-04-20,88.43189239501953,89.46514981115654,87.54757631183479,89.27898024687985,31154400
2018-04-23,88.75770568847656,89.63271839299621,88.08748379581596,89.12074136334861,22331800
2018-04-24,86.68186950683594,89.80025569688061,86.02095835804958,89.58615431818855,34524800
2018-04-25,85.9278793334961,86.84943793826262,84.03823038140025,86.84943793826262,33729300
2018-04-26,87.7430648803711,88.57153159392529,86.66326141888985,87.0821536314635,42529000
2018-04-27,89.19520568847656,91.13140055117967,87.41726277943086,90.85213908182115,48272800
2018-04-30,87.0542221069336,89.73510955065657,86.70980766867122,89.66994948650577,41523600
2018-05-01,88.43189239501953,88.70184323456029,86.37468817153345,86.76564851766268,31408900
2018-05-02,87.04491424560547,88.5901415904322,86.74703866696936,88.42258613357976,27471000
2018-05-03,87.5661849975586,88.36672685775169,86.0581860535386,86.5329276454934,31142500
2018-05-04,88.58084106445312,88.77632125370789,86.4957048419072,86.86805110321284,22531300
2018-05-07,89.56754302978516,90.02366342254022,88.52497503014581,88.59013508625368,24242000
2018-05-08,89.18592071533203,89.51172822387451,88.4877739431688,89.22315606207735,23484600
2018-05-09,90.23775482177734,90.26567954245992,88.47842639964851,89.37205297105422,27327400
2018-05-10,91.14070129394531,91.17792952404295,90.34015941049121,90.72180913525604,22388100
2018-05-11,90.94519805908203,91.10344996782467,90.33083294354105,91.03828992372317,16778300
2018-05-14,91.25240325927734,91.86677560526705,90.58218146434808,91.15000786827906,19454100
2018-05-15,90.59149932861328,91.0848551055286,89.67925134536128,90.51702865612042,24594000
2018-05-16,90.82523345947266,91.05895767983532,90.32973925353534,91.02156094865364,17384700
2018-05-17,89.9183578491211,91.18981783215911,89.59114545628672,90.46059960450103,17246700
2018-05-18,90.08665466308594,90.61954554457662,89.75944221527524,89.75944221527524,17865800
2018-05-21,91.24591827392578,91.62922935209923,90.49800517894936,90.68498166951949,19422500
2018-05-22,91.15243530273438,91.7788144283522,90.87196341795513,91.32071700706267,15441200
2018-05-23,92.23692321777344,92.30236570953414,90.04926096105027,90.41387014838801,21251200
2018-05-24,91.90970611572266,92.49869569021894,90.50736085484097,92.30236820961913,26649300
2018-05-25,91.95646667480469,92.5361053648268,91.4890181891185,91.90037513898565,18363900
2018-05-29,91.62921905517578,92.44257454371973,90.90000083812461,91.47028121008647,28671000
2018-05-30,92.5080337524414,92.78850564020067,91.53574737565445,91.90970038240494,22158500
2018-05-31,92.40518188476562,93.48031446372,92.190159648592,92.82588965880626,34140900
2018-06-01,94.22823333740234,94.29367581698891,92.71369821064805,92.81653741181196,28655600
2018-06-04,95.05094146728516,95.22857411469346,94.28432649335339,94.667637546667,27281600
2018-06-05,95.53709411621094,95.66797908093852,94.9200588830418,95.35946146435396,23514400
2018-06-06,95.81755828857422,95.92039749350961,95.26597267364404,95.8082144573587,21122900
2018-06-07,94.31237030029297,96.00453806578345,93.84492198116101,95.96714134432946,28232200
2018-06-08,95.0135498046875,95.31271646574577,93.99451581732197,94.50870472677121,22165100
2018-06-11,94.47130584716797,94.97614374275457,94.1160405683613,94.43390912662542,23490900
2018-06-12,94.71440124511719,94.84528623855097,94.19086127138203,94.51807375496651,18325200
2018-06-13,94.28433990478516,95.36882360556757,94.01321897958955,95.09770268037197,29492900
2018-06-14,94.81722259521484,95.38751015880337,94.42456768894938,95.03225197685308,25691800
2018-06-15,93.6112060546875,94.92006288990981,93.55511453392093,94.90136809388626,65738600
2018-06-18,94.29368591308594,94.52741009844799,92.94743232293771,93.49902510939414,23586000
2018-06-19,94.29368591308594,94.424570886273,93.02222577410063,93.16246171185708,28653100
2018-06-20,95.23793029785156,95.8456074524444,94.5367577662175,94.77048194342886,26180800
2018-06-21,94.55545043945312,95.7895137821193,94.31237530345497,95.43425560850329,23198200
2018-06-22,93.87297821044922,94.20953445011448,93.14375281520377,93.87297821044922,38923100
2018-06-25,91.9845199584961,93.59254402187514,90.96548560013287,93.48970477600565,35433300
2018-06-26,92.62957000732422,93.56446674022165,92.32105237362101,92.386494859616,26897200
2018-06-27,91.18982696533203,93.5083668376548,91.05894199508943,93.09701713090486,31298400
2018-06-28,92.20886993408203,92.65762354190876,90.92806586748056,91.04024891991477,26650700
2018-06-29,92.19017028808594,93.40553893198394,91.92840033591007,92.48933696667213,28053200
2018-07-02,93.4990234375,93.54576399411897,91.61987902363586,91.71336726956977,19564500
2018-07-03,92.60153198242188,94.07866352294914,92.49869276259638,93.93843470745675,14670300
2018-07-05,93.26531219482422,93.41489198253018,92.58283435270562,93.02223701551797,18977400
2018-07-06,94.57417297363281,94.82659199596651,93.1811714696704,93.38684992704458,19234600
2018-07-09,95.21925354003906,95.59321374897067,94.65831679299052,95.03227700192213,18212000
2018-07-10,95.4716567993164,95.83626595402684,95.22858165194411,95.35946662375319,19293100
2018-07-11,95.34078216552734,95.67733846331855,94.51806838758039,94.56481608230801,19644600
2018-07-12,97.40690612792969,97.61258457836557,96.04195756822436,96.07934716585181,24335900
2018-07-13,98.56619262695312,98.72512340773649,97.3134269172121,97.57520407301188,24635200
2018-07-16,98.08001708984375,98.93076938538101,97.71540081153255,98.53811447974843,21786900
2018-07-17,99.05231475830078,99.56651085995196,97.52843551666574,97.79955644910939,25901700
2018-07-18,98.27635955810547,99.14581391496026,97.9023993911158,99.04297469072067,29493900
2018-07-19,97.60321044921875,98.45396268093212,97.12641116660843,98.09870452620608,40171600
2018-07-20,99.35147094726562,101.15582189583974,99.17384542132235,101.04363885475892,56004000
2018-07-23,100.9407958984375,101.09972662253317,99.22058229452738,99.37952015131869,29707000
2018-07-24,100.65099334716797,101.73546993085783,100.2770331990107,101.5017457298466,26316600
2018-07-25,103.6146011352539,103.91376778864038,100.59488170942214,100.93144508606889,30702100
2018-07-26,102.48339080810547,103.77354583722997,102.37120062321335,103.53047066964538,31372100
2018-07-27,100.66966247558594,103.00690388973615,99.22992090854603,103.00690388973615,37005300
2018-07-30,98.51007080078125,100.52944402433417,97.93978322606443,100.21158256049647,34668300
2018-07-31,99.17384338378906,99.77217669958029,98.51941141591408,99.55714732076669,27655200
2018-08-01,99.36083221435547,99.51976296083016,98.55682038399374,99.12710801094094,23628700
2018-08-02,100.56684112548828,101.05298428749819,98.01456991002225,98.53811692991293,26104300
2018-08-03,101.00625610351562,101.01560706913128,99.86568081009916,100.78188285761797,18659600
2018-08-06,101.09038543701172,101.36150635694514,100.55749456202432,101.08104160482858,20265900
2018-08-07,101.79154205322266,101.99722045213774,101.12776630480272,101.49237541826302,16080200
2018-08-08,102.36185455322266,102.60492973243186,101.67938384407348,102.21227476557642,15487500
2018-08-09,102.53013610839844,102.9882407016946,102.46469361402713,102.56753283842447,13677200
2018-08-10,101.90374755859375,102.54882861000546,101.32410899553568,102.29640248871554,18183700
2018-08-13,101.16519927978516,102.44601068394782,101.06236004347367,102.1281420082493,18472500
2018-08-14,102.42730712890625,102.60493983112269,101.00626690926764,101.49241018283679,16788300
2018-08-15,101.03831481933594,102.28650698248116,100.24997576667882,101.81725976261087,29982800
2018-08-16,101.0195541381836,102.16451865009645,100.70046942379228,101.63896398632475,21384300
2018-08-17,100.9632339477539,101.26355188326096,100.1279744658704,100.75676402456574,18061500
2018-08-20,100.29691314697266,101.26356136867798,99.93090085254336,100.89754907424869,17914200
2018-08-21,99.46166229248047,100.74739533052472,99.33965341022821,100.34384236030056,22881900
2018-08-22,100.47521209716797,100.73798939380862,99.2739403638711,99.33963468803127,18000600
2018-08-23,100.9444580078125,101.52632712865349,100.29690172380661,100.55967901704312,18167700
2018-08-24,101.73279571533203,101.8829510980103,100.94445668580269,101.04769164395707,17234000
2018-08-27,102.85900115966797,102.89654180085316,101.83604553791585,102.549296239999,19662300
2018-08-28,103.4783935546875,103.70363020368323,103.03730004530219,103.17807563597852,19151500
2018-08-29,105.13014221191406,105.13952916099319,103.48777697013438,103.65670625283748,20818000
2018-08-30,105.06446838378906,105.68387826124474,104.58584128955034,104.80169103946687,22798700
2018-08-31,105.42107391357422,105.84339351446651,104.66088860776676,104.82043809179042,23222700
2018-09-04,104.8392105102539,105.07383411460775,103.44085583314536,104.03210473846515,22634600
2018-09-05,101.81726837158203,104.56705759893094,101.45125608194728,104.1822785693781,32872400
2018-09-06,102.05189514160156,102.28651877859448,100.89755085727766,101.59203481793608,23477600
2018-09-07,101.55449676513672,102.03313100164196,100.63477609436468,101.57327066625595,22498600
2018-09-10,102.65251922607422,102.8965297852113,101.69525804814315,102.14573136947153,20727900
2018-09-11,104.39811706542969,104.72658867973846,102.19265661490608,102.20204356392752,24301800
2018-09-12,104.8392105102539,104.97059915588052,103.71302007341313,104.57643321900066,18891100
2018-09-13,105.9654312133789,106.73499651706021,105.22401960273602,105.22401960273602,26055600
2018-09-14,106.39713287353516,106.73499149438875,105.52433262968759,106.3877459229155,19122300
2018-09-17,105.2427749633789,106.70682412421435,104.97999764324382,106.69744433431308,20736500
2018-09-18,106.24699401855469,106.70685445952316,104.84863879021962,105.28973248590545,22170900
2018-09-19,104.8298568725586,106.35022088954274,104.21045408351455,106.09683046678528,21728400
2018-09-20,106.5848159790039,106.80067285616508,105.04568563101533,105.37415726135231,23714500
2018-09-21,107.23239135742188,108.19903961695492,106.5285204313372,106.98838076487182,71229700
2018-09-24,107.61714172363281,107.83299856722991,105.31783350865412,106.07801161496708,27334500
2018-09-25,107.41069030761719,108.0207131512808,106.75374703606848,107.7391691035362,22668000
2018-09-26,106.96961975097656,107.9831884970931,106.74437588726559,107.42948010913148,19352000
2018-09-27,107.37317657470703,107.84242390071803,107.17608639685396,107.72041501346176,19091300
2018-09-28,107.33562469482422,107.5233207415245,106.68806116146138,107.16669538873587,21647800
2018-10-01,108.49934387207031,108.56503819712503,107.6734713342189,107.69223807274408,18883100
2018-10-02,108.06763458251953,108.71519086754101,107.40130439929786,108.20841017844393,20787200
2018-10-03,108.08642578125,109.03430737083238,107.86118907288494,108.32104944083949,16648000
2018-10-04,105.85279846191406,107.70163382402198,104.76414137472858,107.56085821307283,34821700
2018-10-05,105.23338317871094,106.20941829447533,103.83502841215234,105.70263041743547,29068900
2018-10-08,104.03211975097656,105.13954360974093,102.61499097133807,104.79230520768076,29640600
2018-10-09,105.35540008544922,106.1249653292955,103.9851989029983,104.30428361281851,26198600
2018-10-10,99.63056182861328,104.64211812998774,99.28331634774999,104.39810759856641,61376300
2018-10-11,99.39595794677734,102.23020824376822,97.79112601831753,98.87039614722494,63904300
2018-10-12,102.83085632324219,104.39814063691554,100.53154734378825,102.30530162168604,47742100
2018-10-15,100.98199462890625,102.74636865930319,100.37197184520825,102.2114271450144,32068100
2018-10-16,104.17288970947266,104.5576758921159,102.24897311654608,102.80268859593481,31610200
2018-10-17,103.90071868896484,104.93306114188765,102.81206886083632,104.81105944222715,26548200
2018-10-18,101.82666778564453,103.73181074697843,101.19787809932025,103.3282577679659,32506200
2018-10-19,101.9768295288086,104.04151484257345,101.55450265089367,102.23021992744094,32785500
2018-10-22,102.88714599609375,103.7411793992325,101.58263925779059,102.59621500212738,26545600
2018-10-23,101.4512710571289,102.26776398691437,98.64517403567392,101.14156610167792,43770400
2018-10-24,96.02677154541016,101.81728177187648,95.34166730584094,101.74220764217858,63897800
2018-10-25,101.63896179199219,102.549295483473,99.62119709408081,99.99659634301818,61646800
2018-10-26,100.38134765625,102.06125328213403,98.31666309758822,99.18946306723427,55523100
2018-10-29,97.462646484375,102.01434310140303,95.37918767505988,101.46063481684065,55162000
2018-10-30,97.35002136230469,97.96003695721782,93.95266926255844,97.28432704469202,65350900
2018-10-31,100.24059295654297,101.48879233137276,98.90793251551825,98.95486010350074,51062400
2018-11-01,99.40534210205078,100.71923591841406,99.0393297963693,100.46584553761352,33384200
2018-11-02,99.63056182861328,100.71921153162371,98.52313822926237,99.93087972876893,37680200
2018-11-05,100.89757537841797,101.11342516722814,99.3865982161591,99.82769190652805,27922100
2018-11-06,101.09463500976562,102.14574433302684,99.74320055397807,100.77554313652901,24340200
2018-11-07,105.0738525390625,105.33662987639313,102.67130870044484,102.70884934294142,37901700
2018-11-08,104.87677001953125,105.30847667001387,104.08843800390527,104.92369761290466,25644100
2018-11-09,102.83085632324219,104.5952236499991,102.0706779641848,104.03212830402526,32039200
2018-11-12,100.29691314697266,103.19685781208864,99.57426834812351,102.69006990592229,33621800
2018-11-13,100.36260986328125,102.05189576384329,100.08105863311498,100.9350921138462,35374600
2018-11-14,98.93936157226562,102.04034839106204,98.46808711088764,101.88953711170385,39495100
2018-11-15,101.11664581298828,101.60677527270096,97.94026059175812,98.95820794832004,38505200
2018-11-16,102.0686264038086,102.624726831204,100.6642304853138,100.92814304008299,33502100
2018-11-19,98.60945892333984,102.32309633849404,97.60093198599753,102.04975632112954,44773900
2018-11-20,95.86664581298828,97.0542594164187,93.64222987878787,95.9514789516291,64052500
2018-11-21,97.18621063232422,98.43037480278696,96.36619055978498,97.64805754645288,28130600
2018-11-23,97.14852142333984,97.84600564313702,96.13999431959117,96.30022591759845,13823100
2018-11-26,100.35317993164062,100.50398401237035,98.57176313211494,98.76969753305366,32336200
2018-11-27,100.98468780517578,101.16377439596295,99.30695192646664,100.16466767960426,29124500
2018-11-28,104.73603057861328,104.93396497376416,101.6633193206298,101.69159463549748,46788500
2018-11-29,103.85945892333984,104.73602963169843,102.76609881782723,103.99141518558076,28123200
2018-11-30,104.51924896240234,104.59465460171587,103.07715026814958,104.34016236680212,33665600
2018-12-03,105.65029907226562,106.90389079149463,104.36843922867027,106.5080219931309,34732800
2018-12-04,102.2853775024414,106.16868057359169,101.9931897187476,105.50889938748452,45197000
2018-12-06,102.91692352294922,102.96404665643043,98.96764106868257,99.74053093033774,49107400
2018-12-07,98.7979736328125,103.16197237250883,98.3078513777047,102.15344535529705,45044900
2018-12-10,101.40882873535156,101.77642940777379,97.92140081810128,98.77912373529124,40801500
2018-12-11,102.35137939453125,104.5757953259013,101.26745393574204,103.49186986711207,42381900
2018-12-12,102.813232421875,104.87740955636748,102.77552960416172,104.5192435747071,36183000
2018-12-13,103.1619873046875,104.50041237755609,102.38909739636428,103.28452327950889,31333400
2018-12-14,99.9384765625,102.98291321722091,99.43892670686748,102.0309366447242,47043100
2018-12-17,96.9788589477539,99.7216797890333,95.86665092138801,99.35408628118232,56957300
2018-12-18,97.99681854248047,98.505795854305,96.63011820765219,97.78945661643218,49319200
2018-12-19,97.7328872680664,100.73961304690158,95.52731933907788,97.69518445317775,68198200
2018-12-20,95.67814636230469,98.31727911963758,93.10498455305033,97.1296726148228,70334200
2018-12-21,92.5865707397461,97.08252530076612,91.86080414496078,95.79123087059943,111242100
2018-12-24,88.72209167480469,92.34148181565287,88.58071514635627,92.0681418755281,43935200
2018-12-26,94.78272247314453,94.90525844198832,88.56190068631726,89.67410876268016,51634800
2018-12-27,95.36709594726562,95.37652344956541,90.86171345232509,93.59510664200235,49498500
2018-12-28,94.62248992919922,96.5264428636544,93.80246974165729,96.22482029171242,38196300
2018-12-31,95.73469543457031,96.51701277970076,94.66961772242198,95.47078288225588,33173800
2019-01-02,95.31053161621094,95.90433473635622,93.2557750659118,93.83073037524387,35329300
2019-01-03,91.80426788330078,94.43398027992403,91.61575378129258,94.3491471362509,42579100
2019-01-04,96.07398986816406,96.62066984337677,93.24634375081331,93.99095809131146,44060600
2019-01-07,96.19652557373047,97.33700872734646,95.17857836302399,95.80065681450704,35656100
2019-01-08,96.89404296875,97.9968236058096,95.86666078872165,97.12025272200054,31514400
2019-01-09,98.27957153320312,98.85452694272102,97.30874730794167,97.89313022004703,32280800
2019-01-10,97.6480484008789,97.78943215063724,96.49813778308958,97.28988246709052,30067600
2019-01-11,96.89404296875,97.49727377147038,95.80068264439531,97.26163651443653,28314200
2019-01-14,96.18712615966797,96.9600160346143,95.44251160351217,96.04574237463721,28437100
2019-01-15,98.97705078125,99.01475359590484,96.02686845642928,96.62067879839721,31587600
2019-01-16,99.32579040527344,100.15523795532086,98.9299216333381,99.21268915105001,29853900
2019-01-17,100.02328491210938,100.50397964015869,98.741417921824,98.96762762861644,28393000
2019-01-18,101.5219497680664,101.70103637540291,99.82536591879352,101.28631252307756,37427600
2019-01-22,99.60856628417969,100.94698397273334,98.83567648744389,100.6170933017627,32371300
2019-01-23,100.57939147949219,100.89043433994918,99.28809690767446,100.02329108450303,25874300
2019-01-24,100.09867858886719,100.85272049705148,99.28808605444588,100.72076424178071,23164800
2019-01-25,101.01295471191406,101.68216350719908,100.09868121138713,101.07893284127803,31225600
2019-01-28,99.04305267333984,100.36262273856802,98.64718381109489,100.15526080375066,29476700
2019-01-29,97.02598571777344,98.93935882731138,96.30021904038342,98.85452568725658,31490500
2019-01-30,100.26834106445312,100.26834106445312,98.3361202945989,98.60946031582328,49471900
2019-01-31,98.43038177490234,99.1749962677745,97.252195651575,97.83657855753323,55636400
2019-02-01,96.87515258789062,98.11931656308832,96.46985636614038,97.81770127186087,35535700
2019-02-04,99.66511535644531,99.72167317849618,96.86574406601348,96.96000470573918,31315100
2019-02-05,101.06008911132812,101.10721223930489,99.872475543727,99.96672899075759,27325400
2019-02-06,99.9384765625,100.85275030933478,99.46720202834423,100.85275030933478,20609800
2019-02-07,99.22210693359375,99.52372225563298,98.29841315594462,99.14670849639133,29760700
2019-02-08,99.59913635253906,99.70281730246916,98.2701461987361,98.39267496180025,21461100
2019-02-11,99.20327758789062,100.45686942483619,98.93936503086584,100.09869621937868,18914100
2019-02-12,100.7490463256836,100.98468353894249,99.42005618226355,100.04213468590694,25056600
2019-02-13,100.67363739013672,101.58791089817126,100.57938394613949,101.32399837854827,18394900
2019-02-14,100.75846862792969,101.1260620863572,99.58971012398266,100.20236109397737,21784700
2019-02-15,102.00265502929688,102.07806067596788,101.1920623052793,101.71046713729459,26606900
2019-02-19,101.95549774169922,102.41735181211975,101.5879043002307,101.59733180134118,18038500
2019-02-20,101.42543029785156,102.17322480696976,100.6113758814337,102.09749713525919,21607700
2019-02-21,103.56470489501953,103.63096481179643,101.16040513773171,101.18880121323762,29063200
2019-02-22,105.04135131835938,105.25905936334807,103.95278942804951,104.170504694827,27763200
2019-02-25,105.62821960449219,106.18670218061139,105.31585558311859,105.78914271938058,23750600
2019-02-26,106.3570785522461,107.19006125515749,105.23065293413917,105.31584836815985,21536700
2019-02-27,106.17724609375,106.35709753628296,104.95616428127806,105.72289443716798,21487100
2019-02-28,106.0447006225586,106.84928720383115,105.76073271129114,106.05416838613714,29083900
2019-03-01,106.51800537109375,106.98182475837726,105.70395089116582,106.85877269858865,23501200
2019-03-04,106.2624282836914,107.19953477752664,104.88043073286507,106.98181952047983,26608000
2019-03-05,105.73235321044922,106.38549183036022,105.28746932718542,106.2529719975941,19538300
2019-03-06,105.7796859741211,106.64107211831107,105.47678246423008,105.89327749850122,17687000
2019-03-07,104.49234008789062,105.59036978111025,104.00012461210223,105.44838218674026,25339000
2019-03-08,104.60591125488281,104.79522319601625,102.98727032629276,103.32803759776304,22818400
2019-03-11,106.8019790649414,106.91556335799977,105.05081806966724,105.0602786128963,26491600
2019-03-12,107.54977416992188,107.90000203768776,106.63159594681575,106.79251184399406,26132700
2019-03-13,108.38277435302734,108.85606157727636,107.70123959462235,108.03253920723868,35513800
2019-03-14,108.4679183959961,109.04532915208007,108.22181433934065,108.42059402592558,30763400
2019-03-15,109.71742248535156,110.98582848731971,108.46793756861172,109.17786824123849,54681100
2019-03-18,111.28873443603516,111.32659827270162,109.84994475165168,109.96352903986265,31207600
2019-03-19,111.3644790649414,112.11227370393405,110.73973649750849,111.78096688810716,37588700
2019-03-20,111.24140167236328,112.40569116687867,110.47467884779726,111.11834962082439,28113300
2019-03-21,113.79715728759766,114.36510039222739,110.83437526843541,110.88170686956639,29854400
2019-03-22,110.79650115966797,113.20079301558636,110.78703339657899,113.1156048131473,33624500
2019-03-25,111.37394714355469,111.70524673852181,110.10553369480829,110.33270952824438,27067100
2019-03-26,111.61058807373047,112.36784324100303,110.60721432495502,112.28265501367298,26097700
2019-03-27,110.53147888183594,111.89454819773746,109.34826099561278,111.58217694254522,22733400
2019-03-28,110.68292236328125,111.29819704246626,109.92566010862461,111.16567723116955,18334800
2019-03-29,111.63894653320312,111.99864207482538,110.71130078025833,111.7619985607033,25399800
2019-04-01,112.66127014160156,112.74646558403245,111.79042351780136,112.59501022939479,22789100
2019-04-02,112.82218933105469,113.09669673543108,112.18797908283892,112.6991300542513,18142300
2019-04-03,113.56051635742188,113.99593965512241,112.78432574468812,113.45639260995125,22860700
2019-04-04,112.98310089111328,113.80662307266476,112.05545496631547,113.68356380058005,20112800
2019-04-05,113.48479461669922,113.80663364074337,112.99257914801802,113.01150745682583,15826200
2019-04-08,113.52265167236328,113.60783988959123,112.30157000624308,113.4090601609375,15116200
2019-04-09,112.9073715209961,113.15348283967529,112.24477245738458,112.29209683519218,17612000
2019-04-10,113.7687759399414,113.9202240839423,113.15350115454993,113.36174867161682,16477200
2019-04-11,113.90128326416016,114.39349870533897,113.5131843482902,114.10006299358555,14209100
2019-04-12,114.48814392089844,114.5165472125354,113.93913638631065,114.1947082367405,19745100
2019-04-15,114.58280944824219,115.08449261722161,114.1284506560452,114.47868570881764,15792600
2019-04-16,114.31776428222656,115.15075420983159,113.68356129410044,115.14128644562113,14071800
2019-04-17,115.26434326171875,115.34007093495902,114.10006097825051,114.76266006463176,19300900
2019-04-18,116.77886962890625,116.92084999117195,114.81946118996585,115.66191170775544,27991000
2019-04-22,117.14802551269531,117.37520129956155,116.02159989892895,116.06893149784561,15648700
2019-04-23,118.73828125,118.8708010728585,117.21429606533857,117.46986794605462,24025500
2019-04-24,118.33123779296875,119.1263566211073,117.86741125476686,119.06956448246534,31257000
2019-04-25,122.25007629394531,124.35147258840536,121.94718000079031,123.1114624525061,38033900
2019-04-26,122.9505386352539,123.54688508262183,122.12702359351954,122.77068720232847,23654900
2019-04-29,122.83695983886719,123.2250443528148,122.43940033734468,122.96000468513313,16324200
2019-04-30,123.62259674072266,123.71724549491643,122.4772355994421,122.87479503163856,24166500
2019-05-01,121.04790496826172,123.66991230024377,120.87752132497779,123.55632801924645,26821700
2019-05-02,119.46712493896484,121.16149356718296,118.81398645173216,121.14256526139971,27350200
2019-05-03,122.01341247558594,122.51509566202456,120.45157077343953,120.55569451648772,24911100
2019-05-06,121.30348205566406,121.69158095724977,119.3724769775212,119.6375166070001,24239800
2019-05-07,118.81401062011719,120.38532752590196,117.58346828383911,119.70379283046708,36017700
2019-05-08,118.80453491210938,119.61858933644162,118.08513646744146,118.7382750041655,28419000
2019-05-09,118.7950668334961,119.06957422904865,116.96817826583056,117.649712872473,27235800
2019-05-10,120.33797454833984,121.09523679140528,117.20481628068785,118.2365859063198,30915100
2019-05-13,116.75992584228516,118.84239341030415,116.46649015196944,117.47932425463993,33944900
2019-05-14,118.06620025634766,119.15475478229729,117.09122278788821,117.25214588651184,25266300
2019-05-15,119.72883605957031,120.38439225214681,117.52465521114028,118.05670386318924,24722700
2019-05-16,122.4935531616211,122.92109987174912,120.14686652178965,120.42239001966493,30112200
2019-05-17,121.67650604248047,123.94719206219689,121.53398563298407,121.90451550240923,25770500
2019-05-20,119.91886138916016,121.22046377367104,119.48182632406329,120.20388047586465,23706900
2019-05-21,120.5649185180664,121.16346514227155,120.26089380042745,121.06845877710707,15293300
2019-05-22,121.29647064208984,121.83802212371815,120.20387936518279,120.2988929750605,15396500
2019-05-23,119.880859375,119.98536854974105,118.51274454095052,119.8998577483525,23603800
2019-05-24,119.9378662109375,121.0589587420366,119.6813482942591,120.57442409403059,14123400
2019-05-28,119.86185455322266,121.60999474844165,119.75734538410407,120.64091829213905,23128400
2019-05-29,118.7027816772461,119.13031400043194,117.84770978235242,119.12081118812145,22763100
2019-05-30,119.45332336425781,119.48182454765244,118.5507448151441,119.00678549502018,16829600
2019-05-31,117.50566101074219,118.39873675424646,117.16363231103931,118.02820687098846,26646800
2019-06-03,113.85735321044922,118.16121298582624,113.06879391581607,117.66716832686618,37983600
2019-06-04,117.01163482666016,117.12563957183576,114.62693651027732,115.22548316801358,29382600
2019-06-05,119.54833984375,119.58634384099976,118.00921057348086,118.71226640129802,24926100
2019-06-06,121.4389877319336,121.58150090283385,119.32981309846846,120.12788250639734,21459000
2019-06-07,124.84027099609375,125.64784327341684,121.8570259965537,122.7406062703225,33885600
2019-06-10,125.98033142089844,127.38644260999847,125.41027889981144,125.79030424917757,26477100
2019-06-11,125.50534057617188,127.5385074181186,124.72626946530166,127.19647867381713,23913700
2019-06-12,124.92575073242188,125.3817840741673,124.1846911156961,124.84023270200078,17092500
2019-06-13,125.71435546875,126.36040169175126,124.99228675240391,125.3913178602064,17200800
2019-06-14,125.83783721923828,127.11093835119034,125.06827630361114,125.65732006677446,17821700
2019-06-17,126.2178726196289,127.0539314315874,125.91384069016013,126.0088542923792,14517800
2019-06-18,128.41259765625,128.48860566649444,126.90197650738642,127.49102046547384,25934500
2019-06-19,128.91610717773438,129.14411665683846,127.12995560719419,128.26055093122582,23744400
2019-06-20,130.1132049560547,130.7877668482794,128.94461284390704,130.58824405008704,33042600
2019-06-21,130.13218688964844,130.85424096219913,129.64765232087575,129.76165704363638,36727900
2019-06-24,130.90174865722656,131.49079239156995,130.16068896013644,130.16068896013644,20628800
2019-06-25,126.76891326904297,130.7212416238999,126.10386150188945,130.3982185508598,33327400
2019-06-26,127.2439193725586,128.96357245695694,126.9304064397457,127.64296482657727,23657700
2019-06-27,127.45299530029297,127.98505131393,126.84494578175183,127.44349973644097,16557500
2019-06-28,127.2724838256836,127.88053330228193,126.5124183556749,127.85203211564787,30043000
2019-07-01,128.90658569335938,129.8756693847904,128.23203838140395,129.80917145829267,22613500
2019-07-02,129.76168823242188,129.77118379592088,128.58358599158666,129.32464586172773,15237800
2019-07-03,130.5977325439453,130.86375323291094,129.48612849007569,129.97067756408046,13629300
2019-07-05,130.21768188476562,130.4742069911798,128.94458090736632,129.15359921673505,18141100
2019-07-08,130.1227264404297,130.25573681855496,128.61209097102508,129.59067043088467,16779700
2019-07-09,129.64768981933594,130.13222452825232,129.02063466870706,129.2106474272795,19953100
2019-07-10,130.96826171875,131.6618146187485,130.17969521730942,130.28420438007961,24204400
2019-07-11,131.49082946777344,132.26990062374344,130.98728913410278,131.3008167092826,22327900
2019-07-12,131.96585083007812,132.18437924508783,131.12028184624697,131.9183585196382,18936800
2019-07-15,131.96585083007812,132.57390027354052,131.54782861654456,132.47890115561836,16651500
2019-07-16,130.23672485351562,132.1083801169727,129.70468336691644,132.02287655599284,22726100
2019-07-17,129.46714782714844,131.04426646856507,129.4196410223435,130.8257525629122,20211000
2019-07-18,129.60968017578125,129.7996929367087,127.94704314783816,128.78311669237232,30381800
2019-07-19,129.7996826171875,133.64750233249262,129.63817105838766,133.219970030135,48992400
2019-07-22,131.51930236816406,132.24137099098124,130.47422517272824,130.55023315918484,25074900
2019-07-23,132.3363800048828,133.00144631188914,131.13928674694736,132.78291789808208,18034600
2019-07-24,133.6949920654297,133.713997686697,131.91835064853072,131.96584295613695,20738300
2019-07-25,133.1914825439453,133.5905137003286,132.36491904122602,133.41949206356733,18356900
2019-07-26,134.28404235839844,134.60706545038903,133.29596746023836,133.36246539233426,19037600
2019-07-29,133.98953247070312,134.4455659648361,132.41239911956578,134.4360704014112,16605900
2019-07-30,133.3434600830078,134.17002334724836,132.82091425623022,133.1439373138598,16846500
2019-07-31,129.46714782714844,133.47647860238737,128.336552559182,133.3244626258282,38598800
2019-08-01,131.16778564453125,133.90401532585966,130.09419270764076,130.1607051359984,40557500
2019-08-02,130.0657196044922,131.4148436115098,128.50759169889972,131.19631515433306,30791600
2019-08-05,125.60982513427734,127.24394603994382,124.25120598685719,126.64540672755082,42749600
2019-08-06,127.96605682373047,128.90662512346066,126.55994490795163,127.12048766191845,32696700
2019-08-07,128.5265655517578,128.87808981337915,125.24879897190273,127.11094394902507,33414500
2019-08-08,131.95635986328125,132.0513734815549,129.1441220286694,129.78068717642572,27496500
2019-08-09,130.8352508544922,132.42187941238987,129.64765332639152,131.69031527590863,23466700
2019-08-12,129.01109313964844,130.97776167863137,128.48856180528975,130.2272063913782,20484300
2019-08-13,131.68080139160156,131.8708140702499,128.26051518777888,129.25809987198033,25154600
2019-08-14,127.71532440185547,130.51785744798295,127.41982178936027,129.9840444002091,32527300
2019-08-15,127.42935943603516,128.28728580068733,126.06623061604054,128.10616752775022,28074400
2019-08-16,129.7648162841797,130.07938783669758,128.42074179941676,128.57326398463442,24449100
2019-08-19,131.93820190429688,132.07165517536973,130.48927028599473,131.40438882000547,24355700
2019-08-20,130.8419647216797,132.2241769731084,130.82291035823553,131.7475560713235,21170800
2019-08-21,132.30039978027344,132.96768055930175,131.54734529050464,132.07163109746418,14970300
2019-08-22,131.337646484375,132.69124801706295,129.91731104777486,132.17650387461558,18697000
2019-08-23,127.15291595458984,131.88100141608135,126.59050681515969,130.77523749952002,38508600
2019-08-26,129.1166229248047,129.2214801241274,127.63909495082781,128.67813976059577,20312600
2019-08-27,129.39305114746094,130.32722406750065,128.36354822636338,130.01265251838896,23102100
2019-08-28,129.22146606445312,129.41211153011935,127.30545513473493,128.5732685721246,17393300
2019-08-29,131.66177368164062,131.96681808786153,130.50835906574775,130.83245783836907,20168700
2019-08-30,131.41390991210938,132.67218147458644,129.89825900116304,132.64358538534708,23940100
2019-09-03,129.6790313720703,130.78479554962362,129.35493259271377,130.22238627744878,18869300
2019-09-04,131.19468688964844,131.25187907619636,130.09844998131734,130.8801153183178,17995900
2019-09-05,133.50149536132812,133.8160668497807,132.27180549325783,132.60544588730806,26101800
2019-09-06,132.595947265625,133.62543566462008,131.73802087270732,133.48245520512532,20824500
2019-09-09,131.08982849121094,133.21555382845025,130.07939441732992,133.06303163551658,25773900
2019-09-10,129.71713256835938,130.489256019817,128.2205361142983,130.4034677575026,28903400
2019-09-11,129.75531005859375,129.89830510085315,128.77347185875706,129.55513736287878,24726100
2019-09-12,131.08982849121094,131.94774037215828,130.47021253691173,131.4044000596428,27010000
2019-09-13,130.89918518066406,131.60457488030656,130.18425375298284,131.33766831093095,23363100
2019-09-16,129.95545959472656,130.30815441506033,129.3167893181662,129.47883868278757,16731400
2019-09-17,130.9658660888672,131.08979215443935,130.05074773024364,130.55597917245598,17814200
2019-09-18,132.0430450439453,132.1860254815639,130.146088814759,130.93728117531467,23982100
2019-09-19,134.4738311767578,135.71303391247295,133.52058935216715,133.73983089913455,35772100
2019-09-20,132.92007446289062,135.0267312588468,131.78571409030525,134.41665692552183,39167300
2019-09-23,132.63406372070312,133.10115743989897,131.96679736850592,132.71985199198943,17139300
2019-09-24,130.95639038085938,134.11161906797906,130.47976938170973,133.79704746310207,29773200
2019-09-25,132.84376525878906,133.4157161027915,129.6694686197353,131.0707350967585,21382000
2019-09-26,133.01535034179688,133.62542449349948,131.9667931207567,132.9200348918742,17456600
2019-09-27,131.29000854492188,133.79703950585144,130.26050550254757,133.59685229817407,22477700
2019-09-30,132.5292205810547,132.71033886983523,131.33766820256912,131.5950475890108,17280900
2019-10-01,130.66085815429688,133.6921600419458,130.59412424774743,133.12975088095163,21466600
2019-10-02,128.35397338867188,129.99355007577023,127.33401245798045,129.8791657402604,30521700
2019-10-03,129.90782165527344,130.35584656944843,126.99090339384065,128.6400080199824,24132900
2019-10-04,131.66177368164062,131.7856997898326,130.0412652732162,130.35583686263732,22897700
2019-10-07,130.70848083496094,131.7189145828191,130.61316540411917,130.72754973925416,15303700
2019-10-08,129.32630920410156,131.31858101273605,129.27864420653353,130.67038359081894,25550500
2019-10-09,131.77613830566406,132.21462134382335,130.56551726973774,131.03261094068608,19749900
2019-10-10,132.595947265625,133.1392875570215,131.785685874311,132.014469154819,17654600
2019-10-11,133.14883422851562,134.43571673359793,132.97725765200784,133.56826303151485,25446000
2019-10-14,133.02488708496094,133.73027666016,132.99629099652392,133.15834034610518,13304300
2019-10-15,134.95042419433594,135.16012397070955,133.27270962084353,133.51102002773163,19695700
2019-10-16,133.84469604492188,134.39757808151683,133.00583853487203,134.2069180690024,20751600
2019-10-17,133.1583709716797,134.8074754805274,132.51970060750537,134.35945059821856,21460600
2019-10-18,130.98495483398438,133.45384752227076,130.17469351304456,133.22506426163343,32273500
2019-10-21,131.95726013183594,132.02399404198434,130.6036584726557,131.9763290412092,20078200
2019-10-22,129.9935760498047,133.463375524923,129.88871887286504,132.47201048002427,27431000
2019-10-23,130.8228759765625,131.02304855732788,129.26908759059518,130.4797084356529,29844600
2019-10-24,133.39666748046875,133.85421949805846,132.18604625225217,132.87238155129492,37029300
2019-10-25,134.14974975585938,134.54058248762072,132.6912905815493,132.82474388686788,25959700
2019-10-28,137.4479522705078,138.8587462137426,136.79974021314018,137.64812492468695,35280100
2019-10-29,136.15155029296875,137.7434626137238,135.97995917735867,137.34310273772414,20589500
2019-10-30,137.8483123779297,138.22007613883525,136.11340513015898,136.80928219300353,18496600
2019-10-31,136.666259765625,138.15331451095193,136.30403780542628,138.12471842318135,24605100
2019-11-01,136.99993896484375,137.6672054439018,136.28500747757047,137.51468323574042,33128400
2019-11-04,137.79112243652344,138.22007839143336,137.41935866955916,138.0580290104815,16912000
2019-11-05,137.70530700683594,138.23912004951407,137.18102114516475,138.1914550538504,18250200
2019-11-06,137.32400512695312,137.76250273492258,136.50421663447403,137.6195077442453,16575800
2019-11-07,137.51466369628906,138.10568353260678,137.04758449997485,137.11430386574133,17786700
2019-11-08,139.1352081298828,139.16380422613605,137.0380641025217,137.2477785052578,16732700
2019-11-11,139.27813720703125,139.57363978946438,137.96265908361855,138.54413706835618,14362600
2019-11-12,140.19326782226562,140.66988868593774,139.23048436864673,139.4401987122876,18641600
2019-11-13,140.4220733642578,140.5650683880595,139.44023529115628,139.87873300070254,16919200
2019-11-14,141.13699340820312,141.47063389138066,140.12655932130025,140.14562823199194,19729800
2019-11-15,142.95767211914062,142.97674102759015,141.33716398849992,141.96629251418054,23485700
2019-11-18,143.3103485107422,143.5105356604496,142.01393926375604,143.05298373366432,21534000
2019-11-19,143.35801696777344,144.2540664823141,143.17689871968793,143.82511063150378,23935700
2019-11-20,143.10935974121094,144.27627325060902,141.99984762301858,143.7693370893734,25696800
2019-11-21,142.9754638671875,143.28154626569432,142.0381120626815,142.8989432675608,18576100
2019-11-22,143.08070373535156,143.7598150580598,142.3442201960659,143.53982741611824,15901800
2019-11-25,144.64926147460938,144.7640496300331,143.39626812185205,143.4727886938656,22420900
2019-11-26,145.41445922851562,145.78748791233156,144.7353628375005,144.7736158278476,24620100
2019-11-27,145.69187927246094,145.86403965802361,144.92668794873543,145.70143887338867,15184400
2019-11-29,144.79278564453125,145.67275058952237,144.69713125265372,145.48145640057842,11977300
2019-12-02,143.04238891601562,145.22317437546727,141.86591600639764,145.20404058166622,27418400
2019-12-03,142.81285095214844,142.92762454444699,140.26859596091842,141.07205489144056,24066000
2019-12-04,143.32937622070312,143.64500363236547,142.70765180983636,143.60675062922263,17574700
2019-12-05,143.40585327148438,143.77889659956955,142.97543774767533,143.52064144736033,17869100
2019-12-06,145.1466522216797,145.26142579362508,143.73105798672296,144.4197286080118,16403500
2019-12-09,144.77366638183594,145.5866850099852,144.3432507647974,144.49629196924167,16687400
2019-12-10,144.55368041992188,145.2806042570993,144.1997708062588,144.7067070312979,16476100
2019-12-11,145.0988311767578,145.26143194216567,143.78845085888875,144.9457900111473,18856600
2019-12-12,146.57183837890625,146.7631325535553,144.44843947223896,145.05101539264294,24612100
2019-12-13,147.80567932128906,148.15001462957497,146.17965715236429,146.34225790977595,23845400
2019-12-16,148.76219177246094,149.11608674455584,148.08309522628903,148.36046960539923,24144200
2019-12-17,147.95875549316406,148.93437486331823,147.7291937017126,148.68567927387625,25425600
2019-12-18,147.65264892578125,148.71434832081735,147.47091436166016,147.58570253599459,24129200
2019-12-19,148.93435668945312,148.9917434816104,147.05963877505963,147.29876013892152,24958900
2019-12-20,150.5603485107422,151.59335434450657,149.48907509342715,150.5029617302231,53477500
2019-12-23,150.5603485107422,151.23944487329405,150.42644115792865,151.23944487329405,17718200
2019-12-24,150.53164672851562,150.84728859858086,150.28295123372155,150.6272864924467,8989200
2019-12-26,151.7655487060547,151.8229354994377,150.55080806514385,150.70384924403862,14520600
2019-12-27,152.04293823242188,152.60726116253304,151.3351337235096,152.51160677666564,18412800
2019-12-30,150.73252868652344,152.10031037970538,149.9099506696276,152.07161698567018,16348400
2019-12-31,150.8378143310547,150.9047753454914,149.64220702881929,149.94828950370308,18369400
2020-01-02,153.63067626953125,153.73589024457866,151.44033118239196,151.8707466822009,22622100
2020-01-03,151.7177734375,152.9899013071695,151.1821437228634,151.43083937238404,21116200
2020-01-06,152.10987854003906,152.17683952642884,149.69953114177,150.2447348487396,20813700
2020-01-07,150.7229766845703,152.72202774210524,150.47429572546002,152.38726659655018,21634100
2020-01-08,153.12374877929688,153.80285985539652,151.07687054565162,152.01422217923997,27746500
2020-01-09,155.03672790527344,155.16107568797648,154.02285563193848,154.7976065353431,21385000
2020-01-10,154.31939697265625,156.11759473146665,154.16635576024402,155.7350062952494,20725900
2020-01-13,156.17495727539062,156.20365067390867,154.2428524045784,154.72109517296084,21626500
2020-01-14,155.0749969482422,156.48103178417043,154.68283439513343,156.2801634098334,23477400
2020-01-15,156.07931518554688,156.80625359146265,155.49587297315352,155.5436855779114,21417900
2020-01-16,158.93917846679688,159.00613945085294,156.89230027784512,157.19838261385726,23865400
2020-01-17,159.82870483398438,160.1825997365276,158.2313614859249,160.13477255096038,34371700
2020-01-21,159.25479125976562,160.87125363835207,159.18783028796315,159.426951596161,29517200
2020-01-22,158.48963928222656,160.20175644469933,158.47050548630122,160.1156616604403,24138800
2020-01-23,159.46527099609375,159.54179159095884,158.07836987684018,158.95833482557217,19680800
2020-01-24,157.85833740234375,160.23999120302048,157.29401454266323,160.22085740927298,24918100
2020-01-27,155.21847534179688,156.2706152945866,153.22898362776536,154.137641989823,32078100
2020-01-28,158.26010131835938,158.54703529988404,155.97410149841087,156.65319804776703,24899900
2020-01-29,160.727783203125,161.4068941870495,158.48005150762683,160.53648906230924,34754500
2020-01-30,165.2615509033203,166.4762914821117,163.35813964952982,166.4762914821117,51597500
2020-01-31,162.82254028320312,164.89811229251626,162.20083047852478,164.71639228739747,36142700
2020-02-03,166.79193115234375,166.90670473167702,162.9851086966194,163.0138020914527,30107000
2020-02-04,172.28216552734375,172.77954207948474,168.6379580665265,169.43184279183268,36433300
2020-02-05,172.0717315673828,176.18462203966791,170.646577546561,176.02202125986724,39186300
2020-02-06,175.63938903808594,175.82112356859272,172.22472973070623,173.0951348006038,27751400
2020-02-07,175.8881072998047,177.55239722258293,174.53945932418142,174.89336886209983,33529100
2020-02-10,180.4888153076172,180.62272269707182,175.27597212517577,175.59161409920688,35844300
2020-02-11,176.4141845703125,182.4017784312968,175.5150858823938,182.35395123825236,53159900
2020-02-12,176.67245483398438,177.76284779244725,173.93690553891975,177.50459260378693,47062900
2020-02-13,175.71597290039062,178.12630606163927,174.91251391849596,175.11338231267257,35295800
2020-02-14,177.28456115722656,177.3419479416643,174.7020390990651,175.27593613305828,23149500
2020-02-18,179.08277893066406,179.53232829040877,177.42806307585673,177.53327706632484,27792200
2020-02-19,179.61985778808594,180.48304006462567,178.8429908122656,180.3679529969998,29997500
2020-02-20,176.87684631347656,179.59109533152372,173.69264865514552,179.3033630128696,36862400
2020-02-21,171.28529357910156,175.99446786648818,170.0001058819348,175.67796379754304,48572600
2020-02-24,163.90025329589844,167.41055541671395,156.5535592532318,160.90787227995017,68311100
2020-02-25,161.19564819335938,167.6887327400601,160.79281405411317,167.07491045195414,68073300
2020-02-26,163.20968627929688,166.17329524878525,161.32986260922894,162.7685094450589,56206100
2020-02-27,151.7101287841797,160.19815273078024,151.51831209319997,156.63990701387874,93174900
2020-02-28,155.38345336914062,157.0139315893412,145.7828881730677,146.17612184427716,97012700
2020-03-02,165.72251892089844,165.84720633040615,155.67117707396633,158.5484707604092,71030800
2020-03-03,157.7812042236328,167.84214735347513,155.62323375765956,166.69123269855749,71677000
2020-03-04,163.57418823242188,163.71804709737776,158.8458268636331,161.59844843542237,49814400
2020-03-05,159.46917724609375,163.88101784571302,158.91289882892386,159.25817458321313,47817300
2020-03-06,154.9614715576172,156.438476044775,149.61928864977335,155.95892704269238,72821100
2020-03-09,144.45932006835938,151.29769273364732,143.86468405735084,144.82378195106654,70419300
2020-03-10,154.33807373046875,154.44357511316832,146.339198610188,151.69096808456564,65354400
2020-03-11,147.3462371826172,151.24975861166106,144.96766349653458,150.70308033661266,56371600
2020-03-12,133.3721466064453,147.19275033694996,132.911783729502,139.35692254539663,93226400
2020-03-13,152.3335723876953,155.28759666822307,134.9738887120604,141.4669877740431,92727400
2020-03-16,129.8810577392578,143.24130134671302,129.47823830956682,134.27372861732857,87905900
2020-03-17,140.5749969482422,141.466951038622,129.478226374332,134.273716240048,81059800
2020-03-18,134.65733337402344,140.0282872312839,129.4973968509133,132.35550436929574,81593200
2020-03-19,136.8728790283203,144.0085556992658,133.31461908681857,136.93042256551502,85922700
2020-03-20,131.73208618164062,141.08328955401615,130.30302521830382,140.02827614018756,84866200
2020-03-23,130.41812133789062,134.82039158474035,127.09965097758412,131.4059909510459,78975200
2020-03-24,142.27255249023438,143.48102498547266,135.4917392094843,137.87029746101726,82516700
2020-03-25,140.91070556640625,148.01762672956067,138.5321461318536,142.81931624989076,75638200
2020-03-26,149.72479248046875,150.25229931837853,142.3013685375389,142.33014030736356,64568100
2020-03-27,143.57696533203125,148.55468621241698,143.09741633985033,145.54311912690778,57042300
2020-03-30,153.67625427246094,154.0311304513177,143.87427244548584,146.20488798062027,63420300
2020-03-31,151.2593231201172,158.04013707456528,150.15635185004302,152.88018613731387,77927200
2020-04-01,145.88841247558594,151.29772517046135,144.65118236669807,146.7420091986091,57969900
2020-04-02,148.9095458984375,149.12054862309984,144.2099716884276,145.64861864675802,49630700
2020-04-03,147.5380401611328,150.9428408280249,145.96512010045493,148.7560986615867,41243300
2020-04-06,158.5101318359375,159.6898182877418,151.13466581491375,153.76259962458812,67111700
2020-04-07,156.8029327392578,163.04665526962995,156.5823296686927,162.6534215887168,62769000
2020-04-08,158.37582397460938,159.85282814341406,156.81248988168502,158.89373034597256,48318200
2020-04-09,158.3854522705078,160.52423683616715,156.64948713192277,159.5555530687748,51385100
2020-04-13,158.74032592773438,158.79788410855346,155.66162913167292,157.62778322139133,41905300
2020-04-14,166.59530639648438,166.64326421959726,161.1284511590926,162.08754908265863,52874300
2020-04-15,164.84974670410156,166.47062444718213,162.31772891076224,164.19755254197594,40940800
2020-04-16,169.7987060546875,170.02889484665954,165.82804085988397,167.1707868610428,50479600
2020-04-17,171.29490661621094,172.6376379463687,168.67655857039247,172.15808895207323,52765600
2020-04-20,167.8997344970703,171.43880932196447,167.83260523072485,169.40552574904694,36669600
2020-04-21,160.955810546875,166.56652426997513,159.3157467603245,166.40347938927022,56203700
2020-04-22,166.4226837158203,166.8830466433347,163.83312212587572,164.37980035829773,34620200
2020-04-23,164.40858459472656,167.89970088203373,163.91944986181548,166.98856066911716,32790800
2020-04-24,167.41055297851562,167.4201386896981,163.72762029949916,165.02239377346234,34277600
2020-04-27,166.93101501464844,169.6644356187905,166.21169149229402,169.3671175710986,33194400
2020-04-28,162.86447143554688,168.48478776402203,162.46165192684526,168.40805814788678,34392700
2020-04-29,170.17276000976562,170.4125345222979,164.84977753928888,166.13496541413994,51286600
2020-04-30,171.8799591064453,173.02127343389805,169.02183652803015,172.63764008757306,53875900
2020-05-01,167.42974853515625,171.3332698702352,166.89264135031937,168.60943500316853,39370500
2020-05-04,171.52508544921875,171.67854464390385,166.69123789403255,167.35301786577205,30372900
2020-05-05,173.36651611328125,176.13830821871812,172.54169140536553,173.23224300430294,36839200
2020-05-06,175.07374572753906,176.66585194938693,174.2009776537056,174.6325688347748,32139300
2020-05-07,176.09042358398438,177.00156388604483,175.11213938777442,176.6371019113502,28316000
2020-05-08,177.12619018554688,177.43310853305755,175.86018858874598,177.41392247767007,30877800
2020-05-11,179.10195922851562,179.84045412450143,175.3710687305539,175.6587864122764,30892700
2020-05-12,175.04495239257812,179.38966470711802,174.84355002907293,179.15949057739778,32038200
2020-05-13,172.39785766601562,176.52198180554484,169.31914678665967,175.08333487091883,44711500
2020-05-14,173.14596557617188,173.29942477275404,168.49433429316184,170.27825720807476,41873900
2020-05-15,175.66839599609375,179.40887240192436,169.76034870947603,171.73608827946217,46610400
2020-05-18,177.3468017578125,178.5840316483205,176.43566165119987,178.15244050673272,35264500
2020-05-19,176.11912536621094,178.9676468682423,175.98485226594926,177.46185636882794,26799100
2020-05-20,178.5620574951172,178.74479597512035,176.9078134425219,177.74454787681842,31261300
2020-05-21,176.41734313964844,179.53348108701337,176.28269601895317,178.3120299150691,29119500
2020-05-22,176.49420166015625,177.4078938353317,175.56128467371386,176.18644325017223,20826900
2020-05-26,174.62840270996094,179.36991679056678,174.17637011023447,179.21603022993006,36073600
2020-05-27,174.85922241210938,175.03234846617485,169.8484140581018,173.31077370967557,39517100
2020-05-28,174.4649200439453,177.10978523834348,173.48392606542558,173.83016355061866,33810200
2020-05-29,176.2441864013672,177.22519498595545,173.51276569765972,175.7440623635767,42130400
2020-06-01,175.84024047851562,176.00373945903783,174.5226215513811,175.56131923053024,22622400
2020-06-02,177.84072875976562,177.9272844571276,174.41683309341647,177.20595762824735,30794600
2020-06-03,178.27357482910156,178.83140283670338,176.56162648786398,177.75422581536816,27311000
2020-06-04,175.9268035888672,178.7351676250041,175.33051143765712,177.2540496549097,28761800
2020-06-05,180.0431671142578,180.5529035477348,175.0515832888592,175.6382630090501,39893600
2020-06-08,181.15882873535156,181.3415672128971,177.38869561457355,178.83134926833495,33211600
2020-06-09,182.5438232421875,183.4094097759985,180.10092090602987,180.81263549913,29783900
2020-06-10,189.3146514892578,190.93043142499005,183.70753512387617,183.8229574106359,43872300
2020-06-11,179.14874267578125,188.27592246586127,178.95639178194557,185.74647959482888,52854700
2020-06-12,180.56253051757812,184.39036730774893,178.10038937057092,183.25547217371957,43373600
2020-06-15,181.71664428710938,183.52477477368546,176.97511530117234,177.52333069673543,32770200
2020-06-16,186.16964721679688,188.1027977777646,184.14031387798872,185.51563661343135,42556700
2020-06-17,186.8140411376953,188.81452268961127,186.28506518098612,187.57383229338137,25687800
2020-06-18,188.81451416015625,188.97801314385646,186.58320283462774,186.58320283462774,23061600
2020-06-19,187.68923950195312,191.6709631057665,186.93906075597613,190.99772765109896,44441100
2020-06-22,192.90200805664062,193.0847318323477,187.7661506381378,188.30473890963808,32818900
2020-06-23,194.1907958984375,196.1527983385174,193.7291361798282,194.3639072863425,30917400
2020-06-24,190.27639770507812,195.47957212608523,189.04533441504682,193.89265896054812,36740600
2020-06-25,192.68081665039062,192.94049841473048,187.9970058616528,190.23792961033521,27803900
2020-06-26,188.82412719726562,192.24802280953335,187.42956495187772,192.0941362330326,54675800
2020-06-29,190.85348510742188,190.94004081454753,186.1504342396255,188.29517547697336,26701600
2020-06-30,195.72962951660156,196.58560345158213,190.1802322268143,190.31487931741464,34310300
2020-07-01,196.87411499023438,198.4610426747149,194.05613881254956,195.37375767067505,32061200
2020-07-02,198.37448120117188,200.06720414048758,197.1626574676964,197.81665338484567,29315800
2020-07-06,202.64471435546875,203.05828263422384,200.13449681482865,200.846211119317,31897600
2020-07-07,200.28842163085938,206.4629776939137,200.03836693983,202.4043107850305,33600700
2020-07-08,204.69332885742188,205.1068825454956,200.71160518480016,202.03885130081824,33600000
2020-07-09,206.1263885498047,208.107630816804,203.38534037237588,208.05953942018644,33121700
2020-07-10,205.50119018554688,205.89551901629497,203.0102118798706,205.45309879818694,26177600
2020-07-13,199.15350341796875,207.5497422380171,198.6052880725454,206.28020018046584,38135600
2020-07-14,200.3845977783203,200.86548232813587,194.30621002444425,198.24946920310464,37591800
2020-07-15,200.08645629882812,203.25068515957844,197.19153631330684,201.54834958017182,32179400
2020-07-16,196.1239776611328,197.83592569939455,194.57552862928554,197.54739199819045,29940700
2020-07-17,195.1237030029297,197.20111292778992,193.6906618834324,196.65291221893656,31635300
2020-07-20,203.5103302001953,204.1835655781102,195.24872317732695,197.16264880744203,36884800
2020-07-21,200.76931762695312,205.76090205159196,200.0768426388279,205.49160785348028,37990400
2020-07-22,203.65463256835938,204.18360857505223,200.42308739843912,201.2021181194624,49605700
2020-07-23,194.79673767089844,202.85636869168133,194.42164824996698,199.26897349401028,67457000
2020-07-24,193.60414123535156,195.1044988264199,189.95902778035781,192.7577796504686,39827000
2020-07-27,196.05667114257812,196.1720787585936,193.18097574823958,193.76765558870883,30160900
2020-07-28,194.296630859375,196.87416544317702,194.0273366394385,195.82584046732177,23251400
2020-07-29,196.25860595703125,196.82604622057883,194.28697630908852,194.7582484650732,19632600
2020-07-30,196.10472106933594,196.6433241131588,191.94027362251938,193.31559644355707,25079600
2020-07-31,197.1722869873047,197.25885736361928,191.40167212157735,196.58560722227176,51044000
2020-08-03,208.26150512695312,209.31945716292776,202.39472155822588,203.43343410024627,78983000
2020-08-04,205.13571166992188,206.55914041255602,202.26964404563358,205.98207311954965,49280100
2020-08-05,204.79916381835938,206.78040629337977,203.48154453021064,206.68422349004592,28806400
2020-08-06,208.0787353515625,208.09796016583763,203.4622410760064,204.22203215193588,32656800
2020-08-07,204.356689453125,207.45358705633134,202.86594444809575,206.63609214581507,27820400
2020-08-10,200.28842163085938,203.77964827427272,198.46106615121894,203.57767029947155,36716500
2020-08-11,195.6046142578125,199.71135795853,195.37378437885187,199.24010046770516,36446500
2020-08-12,201.19248962402344,202.24081446910157,196.9222322756902,197.44158115636984,28013100
2020-08-13,200.72120666503906,203.26990356536436,200.1922307290899,201.43292107662808,22588900
2020-08-14,200.91357421875,201.57719729569126,199.57671565630056,200.77892712164837,17958900
2020-08-17,202.2407989501953,203.11601232636508,200.9327924274307,201.58680302652868,20184800
2020-08-18,203.404541015625,204.24127539030485,201.2117087626888,202.48123627339507,21336200
2020-08-19,202.17050170898438,204.48433605371042,201.73666236650652,203.89623814606952,27627600
2020-08-20,206.8752899169922,207.28020762704784,201.40887876488074,202.0162479745108,26981500
2020-08-21,205.37132263183594,208.48534235465704,205.20742840546725,206.18115811891934,36249300
2020-08-24,206.01727294921875,207.7815669377938,204.80250495428353,207.0777676448553,25460100
2020-08-25,208.6974639892578,208.83243658321962,205.44847137759265,205.44847137759265,23043700
2020-08-26,213.2093963623047,214.11564713618048,209.55548633266298,210.05681936498092,39600800
2020-08-27,218.4444580078125,222.85036069898268,211.52225424276673,214.88694817973192,57602200
2020-08-28,220.69076538085938,222.35864391438022,218.44442455167797,219.98696615526066,26292900
2020-08-31,217.43212890625,220.48830526519728,216.25593299385923,218.84934833001745,28774200
2020-09-01,219.1096649169922,219.28319478955146,216.37162655904484,217.41284992712485,25725500
2020-09-02,223.33238220214844,224.49894248278162,219.18678952981278,219.78452313708004,34080800
2020-09-03,209.49757385253906,221.07633444079895,207.24159801854356,221.03777716377388,58400300
2020-09-04,206.55714416503906,210.5195711829657,197.8224546815135,207.3766299679097,59664100
2020-09-08,195.38328552246094,202.488653302289,194.93979582792994,199.085402799347,52924300
2020-09-09,203.7034454345703,207.12598259167555,199.27825683941433,200.1459503965038,45679000
2020-09-10,197.99594116210938,207.0295101702383,196.7811882567606,205.73761328383412,35461500
2020-09-11,196.7041015625,201.13893993522794,194.0142857217039,199.76027783808615,33620100
2020-09-14,198.03457641601562,201.68848665241032,196.70412182496585,196.90658806265512,30375800
2020-09-15,201.28358459472656,202.24767878847882,199.5000044519209,200.93651009653934,21823900
2020-09-16,197.68748474121094,203.08640250854387,197.29220265639853,203.05748086437782,26328100
2020-09-17,195.6243438720703,196.99335577432254,192.78026912460012,192.86703406586966,34011300
2020-09-18,193.1947784423828,196.3377192996604,189.20343023503287,195.51824830098198,55225300
2020-09-21,195.2676239013672,195.4315328535025,189.32881508015308,190.10972899283928,39839700
2020-09-22,199.97239685058594,200.62798848954972,194.8241378770632,197.6971341816679,33517100
2020-09-23,193.38763427734375,200.62799046902302,192.8477439286989,200.43515987801385,30803800
2020-09-24,195.894287109375,198.1888358284727,192.04754626457748,192.6742162707633,31202500
2020-09-25,200.35801696777344,201.53419808336875,195.26758724517944,196.24133157501677,29437300
2020-09-28,201.91983032226562,204.93744895995724,200.58937602254628,203.30812790268484,32004900
2020-09-29,199.81814575195312,202.52726263697812,199.3843063320219,201.83311368072455,24221900
2020-09-30,202.7778778076172,204.36862690575762,199.12395357939747,200.27122770840197,33829100
2020-10-01,204.83143615722656,206.30649893317877,203.73236948669535,205.82445188977195,27158400
2020-10-02,198.7865447998047,203.41419895562927,198.15987487141297,200.5315525912042,33154800
2020-10-05,202.8260955810547,202.85501722349105,199.54816723283508,199.77955508323268,21331600
2020-10-06,198.51663208007812,202.6333035527476,197.46577297595834,201.32214961719887,28554300
2020-10-07,202.2958221435547,202.5657672551344,199.29748956552527,199.62527795659986,25681100
2020-10-08,203.01890563964844,203.60700353724675,200.8400586098267,202.95141200195224,19925800
2020-10-09,208.06117248535156,208.1093801388165,203.645619166532,203.645619166532,26458000
2020-10-12,213.45040893554688,215.8220866841228,209.02522093941036,210.9341229691523,40461400
2020-10-13,214.85801696777344,217.12364404253205,212.51526059782,214.72304437890966,28950800
2020-10-14,212.92979431152344,216.16915063168827,211.26191586632413,214.99295481412858,23421700
2020-10-15,211.7729034423828,212.44776633803352,208.2539513185699,209.30482501777007,22733100
2020-10-16,211.7729034423828,214.30846080110675,211.44511499462502,212.2453001138844,26057900
2020-10-19,206.5282440185547,214.31812629063617,206.04619695749204,212.5056246335498,27625800
2020-10-20,206.9427947998047,209.56513195553103,205.4388103421487,208.05151185270344,22753500
2020-10-21,207.08740234375,209.13127699720616,205.46771670993172,205.46771670993172,22724900
2020-10-22,207.17417907714844,208.30216740076276,204.0987165664241,206.24864227497574,22351500
2020-10-23,208.46603393554688,208.5142415759788,205.5062731126306,207.30912411971346,18879600
2020-10-26,202.53684997558594,208.5720725442655,200.62794815663327,206.171488128116,37111600
2020-10-27,205.59307861328125,206.96209054846852,202.7779254451752,203.9926787848996,36700300
2020-10-28,195.402587890625,201.3414111612444,194.84342625031547,200.21342281359867,51195600
2020-10-29,197.36935424804688,199.91456219862917,196.06782126986684,196.74269893909155,31432600
2020-10-30,195.20010375976562,196.95474710382612,192.45243011049354,196.19311935407097,36953700
2020-11-02,195.06515502929688,197.90922959479462,192.9345006609138,196.95477116917195,30842200
2020-11-03,199.01792907714844,200.6472503868297,195.82678010299537,196.56913664576007,27512000
2020-11-04,208.62030029296875,210.48100936461512,204.79284593203417,206.33540221803406,42311800
2020-11-05,215.2725067138672,216.07270636508613,213.2093464880284,214.06738941580937,36080100
2020-11-06,215.68711853027344,216.3041381237886,210.2014211213662,214.27953476739742,25231900
2020-11-09,210.54849243164062,219.92912312684248,210.0568097773853,216.38126419460812,44395000
2020-11-10,203.43350219726562,208.726384400153,202.18982721105328,206.79819609160654,44045100
2020-11-11,208.7745819091797,210.21107271428974,204.58076665743485,204.7639468915946,29440800
2020-11-12,207.70445251464844,211.24267639030896,206.75964433720443,209.41090333248147,21593900
2020-11-13,208.7359619140625,209.61329088073856,206.47035010902525,208.59135371555777,18621100
2020-11-16,209.43014526367188,209.92184264157314,206.81745863998765,207.1548827291727,24953300
2020-11-17,206.75962829589844,209.86399778093545,206.39326782839288,208.3407420401576,24154100
2020-11-18,204.0337371826172,207.98720141723928,203.8887356272991,206.51793786998968,28372800
2020-11-19,205.3290252685547,205.91866292892738,202.92214076976992,204.32374888418312,24792700
2020-11-20,203.36679077148438,206.16997748993987,202.9898102852173,205.11636725260652,22843100
2020-11-23,203.0961456298828,205.20336617467555,201.21124313581984,203.90810135818336,25683500
2020-11-24,206.720947265625,207.097927734301,201.8878567700754,202.59348385258755,33979700
2020-11-25,206.73062133789062,208.1032173563451,205.36770094067498,207.92923316711773,21012900
2020-11-27,208.0452423095703,209.05053355162468,206.8949642294427,207.67793740331015,14512200
2020-11-30,206.9239501953125,207.5909043155833,203.80176301542886,206.95294755926244,33064800
2020-12-01,208.9925079345703,210.06545462603998,206.22797955155795,207.3492453489628,30904500
2020-12-02,208.18051147460938,208.27717917323255,205.69631091372938,207.70687809984773,23724500
2020-12-03,207.08827209472656,209.15683428910256,206.51795619228346,207.44591608061737,25120900
2020-12-04,207.20425415039062,208.19020873101994,206.06363713565835,207.06892820790594,24666000
2020-12-07,207.13658142089844,208.3448540182586,205.87998971918097,207.21391263706005,24620000
2020-12-08,208.7991485595703,209.70777183812575,205.78330512387154,206.82725433224886,23284100
2020-12-09,204.72975158691406,208.0452451579223,204.15945035011936,207.97758954903654,32440600
2020-12-10,203.49246215820312,205.96700232419616,203.33779971047286,204.70073487592808,26733300
2020-12-11,206.14097595214844,206.19898542914171,202.12951663463764,203.03814003171212,30979400
2020-12-14,207.04959106445312,208.99250285687847,205.7736628606746,205.98632001954127,28798400
2020-12-15,206.98193359375,208.2288644236113,205.1550260177915,207.98720990430766,27000600
2020-12-16,211.9600067138672,212.7623014724509,207.5522307264751,207.58122808827997,35023300
2020-12-17,212.09535217285156,213.51628202975317,210.64542495147623,212.53032738937966,32515800
2020-12-18,211.29307556152344,212.356361515328,208.80887437770548,211.29307556152344,63354900
2020-12-21,215.15953063964844,216.52246577209308,210.0267906189765,210.28778164952223,37181900
2020-12-22,216.4644775390625,218.0980646227925,214.44424908319107,215.25620481434183,22612200
2020-12-23,213.6419219970703,216.09712531359963,213.42926484964408,215.66215014819892,18699600
2020-12-24,215.31422424316406,216.14551656310343,213.81596294276557,214.0286201466634,10550600
2020-12-28,217.45042419433594,218.48469793886068,215.57518263480662,216.95743950119683,17933500
2020-12-29,216.6674346923828,219.59628626725498,216.11647006166908,218.7553332653871,17403200
2020-12-30,214.27989196777344,218.0980452380686,214.07691042773834,217.71138915087053,20272300
2020-12-31,214.9951934814453,215.5558337427247,212.3466546090748,214.29922727774826,20942100
2021-01-04,210.42306518554688,215.55580417160948,207.63920075266432,215.10149255237047,37130100
2021-01-05,210.6260986328125,211.2254119428709,208.49954155529153,210.00746357845327,23823000
2021-01-06,205.16470336914062,209.26316965554125,204.86505410104147,205.08737214682108,35930700
2021-01-07,211.00303649902344,212.0179883477952,206.5759390433647,206.8949100035254,27694500
2021-01-08,212.2886505126953,213.21661032646932,209.78511331377024,211.38002718967644,22956200
2021-01-11,210.2297821044922,211.60237807720935,209.49514288710685,211.1770637407067,23031300
2021-01-12,207.7552032470703,209.85277732277365,206.19896239964592,209.27280061299257,23249300
2021-01-13,209.1181640625,209.52414190980605,206.7886108142089,206.87561765603482,20087100
2021-01-14,205.9089813232422,210.20076782895143,205.6383294489561,208.70250690024,29480800
2021-01-15,205.55133056640625,207.34924080052647,204.95203207150666,206.3922983327896,31746500
2021-01-19,209.21485900878906,209.73682638057633,205.5320457900967,206.61465352383274,30480900
2021-01-20,216.8511199951172,218.25271341291432,210.03645884374558,210.4327758392964,37777300
2021-01-21,217.46006774902344,218.74567154827727,214.99518872788025,217.1990767410522,30709400
2021-01-22,218.40736389160156,222.38984062351855,218.26237707162616,219.499647100157,30172700
2021-01-25,221.8678436279297,222.1094981445592,216.73510405462633,221.47152668079622,33152100
2021-01-26,224.57437133789062,226.36260586490377,222.39948074464863,224.12005967845974,49169600
2021-01-27,225.12533569335938,232.41364397713198,222.45747521183685,230.05509359881663,69870600
2021-01-28,230.9540557861328,234.54021543049404,227.24224581825166,227.7448913605965,49111200
2021-01-29,224.2167510986328,230.07445468944888,223.62711344100882,228.11222103772462,42503100
2021-02-01,231.6500244140625,234.40489193033207,224.67104047230671,227.21325082419088,33314200
2021-02-02,231.5146942138672,234.22122782496083,230.7220750470694,233.24494886053066,25916300
2021-02-03,234.88819885253906,236.90842714643014,231.27304184024314,231.57270584146227,27158100
2021-02-04,233.93125915527344,235.12021012976894,232.34600593870223,234.55956981849803,25296100
2021-02-05,234.1149139404297,235.15886331664257,232.39433480632584,234.14391130509483,18054800
2021-02-08,234.3759307861328,235.5455306215742,232.77134093395915,235.03322412350082,22211900
2021-02-09,235.6324920654297,236.58943451920874,233.3222754581876,233.79590887489155,23565000
2021-02-10,234.71420288085938,237.71070999769853,232.84862236750593,236.8214231582186,22186700
2021-02-11,236.32846069335938,236.96641741931037,234.06656316698633,236.60877344800525,15751100
2021-02-12,236.811767578125,237.11141682156133,234.62720128831197,235.78714002879056,16561100
2021-02-16,235.5648193359375,237.91370890204416,234.81085842568626,236.8504231314739,26728500
2021-02-17,236.59176635742188,236.6983398178179,233.43333937819764,233.801504929273,21653500
2021-02-18,236.19454956054688,236.3301871736049,233.35584280747844,234.26655883089282,16925600
2021-02-19,233.46240234375,236.2623616617621,232.6970071002125,236.1557882019046,25262600
2021-02-22,227.20370483398438,230.51715105252995,225.15944246946555,230.0230457089953,36446900
2021-02-23,226.0023193359375,227.51371411427684,221.60375783139497,223.15391466134827,30228700
2021-02-24,227.24244689941406,227.87218981813064,221.8653577611873,222.84388523977242,26339700
2021-02-25,221.85568237304688,227.28120209153397,220.78026450791478,224.84940799262813,39542200
2021-02-26,225.1400909423828,228.03692655275944,222.38856131109492,224.3165671992639,37819200
2021-03-01,229.55799865722656,230.07148501585124,225.8860700360508,228.5503921842853,25324000
2021-03-02,226.58363342285156,229.9067773776574,226.17672055186574,229.6258042250341,22812500
2021-03-03,220.47023010253906,226.30267755115528,220.1795738248008,224.92692027214605,34029500
2021-03-04,219.6660614013672,225.24661396472868,217.27301482600168,219.6757593056226,44727800
2021-03-05,224.3843536376953,226.00232190125158,219.40449435293812,222.36915564923834,41872800
2021-03-08,220.30552673339844,226.09921208523954,220.05363251232438,224.1615232921991,35267400
2021-03-09,226.49642944335938,228.04658630633378,224.45216728721525,225.62447544755597,33080500
2021-03-10,225.17881774902344,229.61612695533188,224.81065213967523,229.61612695533188,29746800
2021-03-11,229.74208068847656,231.71851678891136,227.0099323441836,227.63969008349994,29907600
2021-03-12,228.40505981445312,228.47288601625857,225.9635678671186,226.71926529168064,22653700
2021-03-15,227.4943389892578,227.86250457218426,224.58780594524862,227.6396745114932,26034900
2021-03-16,230.30398559570312,232.5807608359874,228.58912704134764,228.91853055610335,28092200
2021-03-17,229.65487670898438,231.11784125663928,225.96358180363825,228.792605759398,29562100
2021-03-18,223.53179931640625,226.89369084028812,223.15395056103534,225.31446960926417,34833000
2021-03-19,223.1732940673828,225.22723928628108,222.20444975154157,223.8224179849895,46430700
2021-03-22,228.63760375976562,229.51924096109343,222.96985789615292,223.095812403511,30127000
2021-03-23,230.17803955078125,233.53993058565143,229.68393426051932,230.09084710839232,31638400
2021-03-24,228.12408447265625,230.58494248014742,227.98844686253298,230.43962174908344,25620100
2021-03-25,225.10130310058594,229.5579932292461,224.35530356076237,227.9690890133867,34061900
2021-03-26,229.1123046875,229.33514952906452,224.33590920184497,224.33590920184497,25479900
2021-03-29,227.9109649658203,229.42235988429118,224.65564714780902,229.21889605293123,25227500
2021-03-30,224.62660217285156,226.56429116366022,223.89996880129831,226.25425382910183,24792000
2021-03-31,228.42442321777344,231.65067648913433,225.14972477505944,225.65352794702866,43623500
2021-04-01,234.79940795898438,235.2741321761886,230.63337476176088,231.04028756938877,30338000
2021-04-05,241.31008911132812,242.1723600621035,235.13854004373582,235.19666834415327,36910600
2021-04-06,240.1377716064453,241.62978546551966,239.18830824157982,239.8955605084312,22931900
2021-04-07,242.11419677734375,243.11210527362968,239.48863687160204,240.08931563698812,22719800
2021-04-08,245.35983276367188,246.22210364779394,244.14877732061328,244.89479161288705,23625200
2021-04-09,247.87884521484375,248.01448283926808,244.57508226867415,244.99167826390885,24326800
2021-04-12,247.9369659423828,249.64214149266803,246.6871484280586,246.77435565661955,27148700
2021-04-13,250.43655395507812,251.11475679262878,248.82826886707707,249.24489438734588,23837500
2021-04-14,247.62693786621094,250.7659842762827,247.21034186818977,249.45806798327598,23070900
2021-04-15,251.41513061523438,251.83172662581293,249.7002866111502,249.8940377578728,25627500
2021-04-16,252.61642456054688,252.86833351123747,249.57426917961914,251.38600308367032,24878600
2021-04-19,250.67877197265625,253.3334255368657,249.78745174826844,252.08360807501018,23209300
2021-04-20,250.21376037597656,252.09332084855362,248.8379883396468,249.78746648115802,19722900
2021-04-21,252.46145629882812,252.5583466504796,249.23521751300112,250.87256688552353,24030400
2021-04-22,249.1577606201172,253.62411970832255,247.67541488950206,252.10302670122726,25606200
2021-04-23,253.01370239257812,253.36250174199515,249.2545814902403,249.8455919331916,21462600
2021-04-26,253.40122985839844,254.26351552856474,252.06424948124678,253.50781811244278,19763300
2021-04-27,253.8081817626953,254.99017317442974,252.01581361674255,253.4303182351178,31014200
2021-04-28,246.62904357910156,248.54736625555358,245.06920340585762,248.1016765154935,46903100
2021-04-29,244.6428985595703,248.12106125403906,241.24225997590716,247.50100141812746,40589000
2021-04-30,244.32318115234375,245.1951500089903,241.82357553344482,241.9592131622486,30945100
2021-05-03,244.01316833496094,246.42559638263026,243.29621810652196,245.50518231119054,19626600
2021-05-04,240.0699462890625,243.38340713151052,238.1031933486001,243.15087915453753,32756100
2021-05-05,238.79107666015625,241.72667396288585,238.16133372350959,241.30038006830998,21901300
2021-05-06,241.94949340820312,242.07544790335874,237.0665244288139,238.77168514885318,26491100
2021-05-07,244.59442138671875,246.3770912261049,243.3446040483761,244.29406725666377,27032900
2021-05-10,239.4789581298828,243.88720322499447,239.4208298296639,243.0539964272736,29299900
2021-05-11,238.55856323242188,238.9170457292974,235.0126038038657,236.9309116630378,33641600
2021-05-12,231.55380249023438,236.76618988785472,230.65278432971047,234.6250373433991,36684400
2021-05-13,235.45823669433594,237.9481737222401,233.89839672933456,234.26656230597814,29624300
2021-05-14,240.418701171875,241.41660959346646,237.84158663313644,237.92877906996122,23901100
2021-05-17,237.54127502441406,238.90734924617757,235.93300447367676,238.86860197289184,24970200
2021-05-18,235.50669860839844,238.7329522355342,235.33229892897342,238.59731461082245,20168000
2021-05-19,236.08934020996094,236.19615977249046,231.7000623001794,232.38952189852841,25739800
2021-05-20,239.3521728515625,240.77966389492764,236.80794396877513,236.90505804938937,21800700
2021-05-21,238.080078125,241.14869958916404,237.66252014234408,240.4106828949787,21863100
2021-05-24,243.52781677246094,243.89683248314228,240.35237612653503,240.62427776044936,21411500
2021-05-25,244.4406280517578,245.44084077733748,243.56666065849333,244.48918508861192,17704300
2021-05-26,244.2173309326172,245.62539636991255,243.49872517306977,244.15905358654837,17771600
2021-05-27,242.100341796875,244.20758700783685,242.04207927397272,243.90655409448925,24426200
2021-05-28,242.45962524414062,244.79022976769062,242.3431002040979,243.7414599547223,18270200
2021-06-01,240.24554443359375,244.02305067558447,239.81828104297338,243.96478815947836,23213300
2021-06-02,240.1484832763672,242.06151521881094,238.730697616918,240.95448278459475,19406700
2021-06-03,238.6044464111328,239.21621769181948,235.9728089764974,238.12861113279604,25307700
2021-06-04,243.53753662109375,244.3726673509658,240.35239030658838,240.59516069530085,25281100
2021-06-07,246.47019958496094,246.74210122666406,242.58587348345563,242.7509555646662,23079200
2021-06-08,245.2660675048828,248.60659031655558,245.2077901667487,247.78116509456234,22455000
2021-06-09,246.25650024414062,248.1404003134842,245.88749943065264,246.47013931288214,17937600
2021-06-10,249.80099487304688,250.01463398784725,246.3342416329278,246.93630741962278,24563600
2021-06-11,250.43223571777344,251.01486094103865,249.18922288132202,250.52932016494623,18999700
2021-06-14,252.37435913085938,252.43262164402287,249.37369152767735,250.44188699409543,19150500
2021-06-15,250.8885955810547,252.47146312643952,250.22826729066554,252.2578240166013,18038900
2021-06-16,249.93698120117188,253.04442446866693,247.06257321156906,251.89855531943547,27220000
2021-06-17,253.35516357421875,254.1805887962704,248.60659033415664,248.66485285476676,27565500
2021-06-18,251.9276885986328,254.71468800724014,251.26736023294666,252.12191676974433,37202200
2021-06-21,255.03521728515625,255.89946467492172,250.46143031556355,252.30647980427898,26696100
2021-06-22,257.8318786621094,258.1037803179187,254.8117995512791,255.12255276793482,24694100
2021-06-23,257.5988464355469,259.113731602279,256.78314131769594,258.29802648442814,19518700
2021-06-24,258.9777526855469,260.1042108908412,257.7930319554148,258.4630806261076,21446900
2021-06-25,257.35601806640625,259.52154056084777,257.1035570188217,258.53104806250064,25611100
2021-06-28,260.9490051269531,261.1237926733281,258.22026865779105,258.49217027494785,19590000
2021-06-29,263.5515441894531,263.7943145930239,260.23046166423757,261.09470889071895,19937800
2021-06-30,263.0660095214844,263.5126987766625,261.8036152474793,262.86209067554256,21656500
2021-07-01,263.7457580566406,263.9788081482054,261.80359493344747,261.81328559722436,16725300
2021-07-02,269.6207580566406,269.9606424903839,264.61969452744466,264.9304477031559,26458000
2021-07-06,269.6305236816406,271.2910649387276,266.36767405826635,269.9898191361214,31565600
2021-07-07,271.8348388671875,272.57287029497894,269.13523346585987,271.3201668544002,23260000
2021-07-08,269.3974609375,270.66957541748656,266.9211851644675,268.8924795570087,24618600
2021-07-09,269.90240478515625,270.0092095294072,267.35817589963136,267.7466025874497,23916700
2021-07-12,269.30035400390625,271.6794861214872,268.5817334745255,271.08714057563935,18931700
2021-07-13,272.85455322265625,274.67047130322595,269.368373392968,269.4945891235174,26120100
2021-07-14,274.3403625488281,275.45710082918924,272.43702064944455,274.18498588550693,23113700
2021-07-15,272.90301513671875,274.34022633253,271.73770555794715,273.84496531629395,22604200
2021-07-16,272.63116455078125,275.8842939016403,271.37846096437875,273.91299940035316,26186800
2021-07-19,268.9992980957031,272.2621177387437,266.51333180527524,270.8637579959961,32935600
2021-07-20,271.24249267578125,272.84477122957907,268.27098564581274,269.9897892384241,26259700
2021-07-21,273.2623596191406,273.3788846709411,269.27122841968077,270.83465558976826,24364300
2021-07-22,277.86529541015625,278.13719706508346,275.2239523472671,275.631790012129,23384100
2021-07-23,281.2931823730469,281.6039059207156,278.2148410746123,279.05967721165945,22768100
2021-07-26,280.69110107421875,281.31260747089857,278.3508206934346,280.6425588523152,23176100
2021-07-27,278.25372314453125,281.2057897989627,274.76754384215053,281.06013348954303,33604100
2021-07-28,277.94293212890625,281.7592750919876,275.62203325257116,280.63281706057165,33566900
2021-07-29,278.21484375,280.2735317439933,277.80697648937166,277.9623530822274,18168300
2021-07-30,276.6708068847656,278.37019934492844,275.6997254789583,276.9232975334924,20944800
2021-08-02,276.5834655761719,278.4770568956366,275.5346808633394,278.0789098875297,16267400
2021-08-03,278.8168640136719,278.92369836915805,275.7870950351752,277.16604354977306,17879000
2021-08-04,278.2245788574219,279.27333387120336,276.41835180000385,277.94295691568954,16191300
2021-08-05,281.14752197265625,281.2543563542543,277.8264396402932,278.58388207004765,13900200
2021-08-06,281.0892333984375,281.12808495496853,279.30244705372127,280.1667237849721,16589300
2021-08-09,279.9919128417969,283.11879642354194,279.4869611358521,281.3708615963786,16117600
2021-08-10,278.1566162109375,280.8853531394303,276.95248450870116,280.4483545648788,18616600
2021-08-11,278.6518859863281,280.3124272782178,277.59338092924185,278.9043470586535,13955900
2021-08-12,281.4291687011719,281.5845453203221,278.05951421319276,278.34113618759375,14561300
2021-08-13,284.3812255859375,284.4297678073222,280.9338684510055,281.10868564511316,18249000
2021-08-16,286.08062744140625,286.29426656548185,281.63305739521127,284.7113989146112,22507600
2021-08-17,284.6044921875,284.94437656690997,282.6623296023566,283.9344733598708,20075300
2021-08-18,282.863037109375,286.84236068170605,282.41546304613627,284.1375869460863,21813000
2021-08-19,288.7395935058594,289.42066385525385,280.8296107571567,280.8782459142021,29850500
2021-08-20,296.1241455078125,297.56410808424107,289.9946324584949,291.60971719249557,40817600
2021-08-23,296.4063415527344,297.1360469872275,293.6821198073429,295.04423068003865,22830200
2021-08-24,294.4312744140625,297.379283192253,293.82805600341743,296.76632587440713,18175800
2021-08-25,293.8377990722656,296.34797274703504,292.2908270867301,296.0658116603276,20006100
2021-08-26,290.9967956542969,294.2464136412697,290.8605994122918,292.84537682521324,17666100
2021-08-27,291.6097717285156,292.7286475335242,288.7979590083417,290.89951436759395,22605700
2021-08-30,295.375,295.98795725980915,292.91346174627216,292.97183580036943,16348100
2021-08-31,293.7113037109375,296.26040325094897,293.34158154404304,296.182581069819,26285300
2021-09-01,293.66259765625,296.9316929489466,293.33180147223777,294.67446401967817,18983800
2021-09-02,293.0010070800781,295.1511971352001,292.0572536671771,294.02261235544967,16285600
2021-09-03,292.9913635253906,294.41184857005715,292.1351709970571,292.8453986734941,14747900
2021-09-07,292.05731201171875,292.9426915505328,290.1309085616281,292.8648693643015,17180400
2021-09-08,292.08642578125,292.47559599837757,289.4205786175526,291.6680685401325,15046800
2021-09-09,289.20660400390625,293.9642979652316,288.9633688449459,292.6800091998907,19927000
2021-09-10,287.7082214355469,291.80432224024867,287.3871641410774,290.3449115181768,19633400
2021-09-13,288.95367431640625,290.4617503486549,286.12241306825064,289.49851878081455,23652900
2021-09-14,291.6778564453125,293.234567267124,290.03358453682137,291.45406942927184,21853400
2021-09-15,296.57177734375,297.0582476708573,293.6529553811059,295.0539922985185,28356300
2021-09-16,296.9609069824219,297.04846806628996,292.621600572826,295.5404221355816,19550800
2021-09-17,291.755615234375,296.26033376280003,291.424819081529,295.9392765147322,41372500
2021-09-20,286.3364562988281,290.6368675600784,281.68580061297257,288.3115248712527,38278700
2021-09-21,286.8228759765625,289.48875340143735,286.11264834385094,287.68880735952234,22364100
2021-09-22,290.50054931640625,292.0961859219519,286.54070421222684,288.700633219864,26626300
2021-09-23,291.4540710449219,292.7578078290268,289.47900290076296,290.763291562761,18604600
2021-09-24,291.249755859375,291.68756128620737,288.8952266940731,290.1600672079849,14999000
2021-09-27,286.20989990234375,288.44765101888953,285.01317248212274,288.12659374076395,23571700
2021-09-28,275.84808349609375,282.9116411202936,275.0989299902921,281.95814872871944,43186200
2021-09-29,276.3151550292969,279.01019004247365,275.35195325081514,277.38539572305075,26353700
2021-09-30,274.2914123535156,280.0414648633576,273.99951237404537,277.97883565230666,32343600
2021-10-01,281.2771301269531,282.1333225956817,273.67846650467294,274.485994128893,30086300
2021-10-04,275.4491882324219,279.96364669177837,272.66659247739665,279.62311155674934,31350700
2021-10-05,280.9463195800781,282.5419266245184,276.36374826269554,276.36374826269554,24993000
2021-10-06,285.1785583496094,285.68450638156617,277.7842347529898,278.0469179829617,28002600
2021-10-07,286.87152099609375,288.6130928572029,285.9666934298941,287.1925783063686,20430500
2021-10-08,286.87152099609375,288.6130928572029,285.8110193821949,288.204444770519,17685700
2021-10-11,286.2683410644531,289.9071296312711,284.82837819869025,284.9937911752695,19298600
2021-10-12,284.9548034667969,287.44552864100757,284.4391462164748,287.3482286577459,17974100
2021-10-13,288.29205322265625,289.2358068787903,285.54835335326123,286.92994219622403,23416300
2021-10-14,294.5577392578125,295.0636576337203,289.7708588865771,291.11352154040367,27262900
2021-10-15,295.978271484375,296.2117974344717,292.3881180539877,294.15887719090676,25384800
2021-10-18,298.97491455078125,299.8700032432336,294.4993820131504,295.35557446108896,22729300
2021-10-19,299.88946533203125,300.93048911629654,298.9067859114772,300.0062134430301,17682100
2021-10-20,299.0916748046875,301.3197171027858,297.8268342037108,300.8429560161433,16537100
2021-10-21,302.35107421875,302.60401862102634,298.07011120428785,298.8582205210646,16918100
2021-10-22,300.7943115234375,302.67207970586827,299.47109690261544,302.00074833423616,17449300
2021-10-25,299.7922058105469,301.02782974112984,298.1673818683796,300.988903801613,17554500
2021-10-26,301.7185974121094,303.9466397160432,300.24947728582384,302.5845288044777,28107300
2021-10-27,314.4251708984375,317.27587922388585,307.44917497156416,307.44917497156416,52588700
2021-10-28,315.5733337402344,316.0792522340369,312.6642207484338,315.5538559227607,26297900
2021-10-29,322.6465148925781,323.0162370229891,315.1354132536492,315.35920025147345,34766000
2021-11-01,320.4573974609375,322.52002650412675,317.5385760545105,322.3935394924957,27073200
2021-11-02,324.1156921386719,324.42704024259035,321.070383448009,321.3719926449958,26487100
2021-11-03,324.962158203125,325.83779879884713,321.7028012768014,324.86485820542464,21500100
2021-11-04,327.336181640625,327.433481652003,320.5937095064358,323.88225392516676,23992200
2021-11-05,326.9664001464844,329.6225385474984,325.37079307792527,329.35011638009615,22570100
2021-11-08,327.8712463378906,328.51339070286974,325.39025966156356,328.17285555134873,20897000
2021-11-09,326.8593444824219,329.5543787444666,325.47775602794826,327.98792923569476,21307400
2021-11-10,321.8487548828125,325.57513419670045,320.9925920526109,325.51676013309105,25500900
2021-11-11,323.4346618652344,324.73839880833566,321.5666323943224,322.2865989933413,16849800
2021-11-12,327.60858154296875,328.10479078294185,324.7578725237121,324.88435956070856,23831000
2021-11-15,326.9761047363281,328.7371245786025,324.99129790111454,328.4063283880313,16723000
2021-11-16,330.3230285644531,331.4516430729866,326.43126668335293,326.59664993589905,20886800
2021-11-17,330.5472412109375,333.53964055668297,329.4555589112013,330.3717986440752,19053400
2021-11-18,332.6429138183594,333.79310682111,328.59782896913265,329.63103050422825,22463500
2021-11-19,334.4363708496094,336.3760850713237,333.54940128002426,333.9782807237924,21963400
2021-11-22,331.2392883300781,340.8305652083509,330.96636775198823,335.90820833186706,31031100
2021-11-23,329.1436462402344,330.8689207458857,325.12780211332137,328.5295675006712,30427600
2021-11-24,329.3677978515625,329.6114779692581,325.4689159684335,327.77899872481015,21661300
2021-11-26,321.34588623046875,329.38733132965183,319.8253244459486,325.89784460520497,24217200
2021-11-29,328.12017822265625,330.45950155576753,326.27794213468593,326.47289813999106,28563500
2021-11-30,322.23284912109375,329.2410919522348,320.67329035930953,326.84328783183065,42885600
2021-12-01,321.7357482910156,330.7031893117624,321.06321847326484,326.65810495038073,33337600
2021-12-02,321.16070556640625,325.05958826494236,319.5134252465856,321.95022693317065,30766000
2021-12-03,314.844482421875,324.28952657250346,309.99036355855117,323.5974535910769,41779300
2021-12-06,317.9441223144531,319.17227981787397,311.1600751090259,315.76075763824963,30032600
2021-12-07,326.45343017578125,327.31115930058763,321.75526983487015,323.2563478589764,31021900
2021-12-08,326.5021667480469,327.01876748597454,322.4375686808705,326.8335681887823,24761000
2021-12-09,324.6794738769531,327.9837616100389,323.7242368742382,325.9563556251094,22214200
2021-12-10,333.8808288574219,334.3291920397001,326.32674361454235,326.51194292276665,38095700
2021-12-13,330.82012939453125,335.0991666371864,330.5082116976867,332.06777043580064,28899400
2021-12-14,320.03973388671875,326.18049104721393,315.91665535379093,324.7963748122244,44438700
2021-12-15,326.1902160644531,326.71657347415686,316.2968087358062,320.3028957948205,35381100
2021-12-16,316.6866455078125,328.246844682406,314.8541664340644,327.2233704357588,35034800
2021-12-17,315.614501953125,316.7062139550331,309.23009425389233,312.768334607097,47750300
2021-12-20,311.8229064941406,314.63983388337704,309.54206359796984,311.9593519258181,28326500
2021-12-21,319.01629638671875,319.44517580739705,311.715619257066,315.1174141959056,24740600
2021-12-22,324.7768859863281,325.1764952190438,317.515206284899,320.0007316881483,24831500
2021-12-23,326.229248046875,327.88628500622485,324.3188039526258,324.3382876565064,19617800
2021-12-27,333.7930908203125,333.82233124929604,326.95053297704317,326.9797734060267,19947000
2021-12-28,332.6233825683594,335.11866475826764,331.71689960987686,334.4753456356352,15661500
2021-12-29,333.3056335449219,335.59620255654625,331.0929993264311,332.67204152440866,15042000
2021-12-30,330.7421875,334.4558704532569,330.2548272200859,333.26671018042197,15994500
2021-12-31,327.8180847167969,330.7812143338353,327.3599647815266,329.95272550602243,18000800
2022-01-03,326.2877197265625,329.45556166565535,321.44335717139757,326.87255803377127,28865100
2022-01-04,320.6927795410156,326.72630140776477,317.8758232083439,326.365629860419,32674300
2022-01-05,308.382080078125,317.82712421089127,307.99219782288543,317.6224114863503,40054300
2022-01-06,305.9452819824219,310.6434420341143,303.615685658402,305.23372529327946,39646100
2022-01-07,306.1012268066406,308.4990308502154,302.2510690255485,306.20843178093685,32720000
2022-01-10,306.325439453125,306.7640756318793,296.9876289739429,301.66627606546274,44289500
2022-01-11,307.01751708984375,308.6062867421379,302.05619261480143,305.45795812071515,29386800
2022-01-12,310.22430419921875,315.234382192519,309.0643843446177,311.5889367901219,34372200
2022-01-13,297.0947570800781,312.7682772981811,296.3149926819886,312.3686383766761,45366000
2022-01-14,302.35833740234375,302.96265940573966,296.0713777298819,296.55873802244133,39846400
2022-01-18,294.9991149902344,301.96835970916834,294.11211588111837,296.38323100841995,42333200
2022-01-19,295.6619873046875,305.9745479382387,295.04793831177057,298.5471817056459,45933900
2022-01-20,293.9757385253906,303.7716686441557,293.5273753788874,301.2569025877284,35380700
2022-01-21,288.54656982421875,296.42230005178664,288.1371740388165,295.0382133050915,57984400
2022-01-24,288.8779602050781,289.59924398211297,269.0716290518468,284.81339166905053,85731500
2022-01-25,281.1971435546875,287.53282761644834,277.9610936871108,284.15054585824845,72848600
2022-01-26,289.2093200683594,300.70128344362456,285.6223556577579,300.2041664546708,90428900
2022-01-27,292.26019287109375,299.53159951499225,290.3984731356001,295.00891183634246,53481300
2022-01-28,300.4674072265625,300.681846966643,287.00651697553474,292.6404013327969,49743700
2022-01-31,303.1186218261719,304.4832247121305,298.6251444080618,301.1399402050038,46444500
2022-02-01,300.9547119140625,302.7774344946229,297.4164717300997,302.56299479419766,40950400
2022-02-02,305.5358581542969,307.15389764025326,301.07165166594547,301.8026919896308,36636000
2022-02-03,293.634521484375,303.36224181758416,292.3771238352501,301.6662080885464,43730000
2022-02-04,298.2060241699219,300.99371082112077,292.38694097024637,292.6208643966093,35096500
2022-02-07,293.3421630859375,300.0579722455786,292.318688654962,298.4302055756614,28533300
2022-02-08,296.86090087890625,297.8356214701152,292.3674532315667,293.6345781016936,32421200
2022-02-09,303.34283447265625,304.04463459832283,299.619423836872,302.03671224496617,31284700
2022-02-10,294.7359924316406,301.3055991471308,293.0984691146932,296.35403204699674,45386200
2022-02-11,287.58154296875,296.59770754107416,286.78226502435353,295.52550904811653,39175600
2022-02-14,287.5426025390625,289.25812046618785,283.98487798229365,286.3436853859763,36359500
2022-02-15,292.8742980957031,293.1959428034632,289.51150014765204,292.4259349513336,27058300
2022-02-16,292.532470703125,293.87059443094495,286.8478592772018,291.4287541078805,29982100
2022-02-17,283.96649169921875,289.8952570600071,283.2534636289958,289.46549079954667,32461600
2022-02-18,281.23162841796875,287.0236665492463,279.64932064724337,286.2325126638836,34264000
2022-02-22,281.0264892578125,284.75762801323344,277.8813980767307,278.36976608741037,41736100
2022-02-23,273.7498474121094,284.9139649692923,273.5838189483352,283.4293068501427,37811200
2022-02-24,287.73663330078125,288.2933799332751,265.2033282998834,266.17031713727135,56989700
2022-02-25,290.3933410644531,290.7059036987677,284.8650124264192,288.27384090466165,32546700
2022-02-28,291.8389587402344,292.18082230287547,286.1836489356128,287.46317071518655,34627500
2022-03-01,288.0882873535156,292.9914912105376,285.35340874270304,289.5045366307501,31217800
2022-03-02,293.2063903808594,294.45661130333264,286.867383102962,288.4887386773608,31873000
2022-03-03,289.0357360839844,296.0779944403515,287.20921468862633,295.8435873340458,27314500
2022-03-04,283.1166687011719,288.7817551065831,280.48927641365003,287.44363162174074,32356500
2022-03-07,272.42144775390625,282.95066088962125,272.0502832959446,281.8176435260185,43157200
2022-03-08,269.4326477050781,277.3539628320421,263.7187358011951,271.3372651346265,48159500
2022-03-09,281.78826904296875,282.8626843491953,274.24786772237417,276.8459884419366,35204500
2022-03-10,278.9460754394531,279.9325884962455,274.0526177555188,276.4358563626852,30628000
2022-03-11,273.5544128417969,282.7748015215979,272.92928759887576,281.2608430906802,27209300
2022-03-14,270.0089416503906,278.7604891421288,269.40337001118587,273.818206645083,30660700
2022-03-15,280.46978759765625,281.1242139523787,272.24568566980196,273.8279935092046,34245100
2022-03-16,287.5413513183594,287.71715666040996,276.6116721065826,282.3841561572496,37826300
2022-03-17,288.3520202636719,288.7329318263678,282.63810836228123,286.4669268253734,30816600
2022-03-18,293.4407958984375,293.9975425847352,285.9199464145615,288.4985140123534,43390600
2022-03-21,292.20037841796875,293.15759053708035,288.0394730484602,291.9366703988556,28351200
2022-03-22,296.9863586425781,297.9044929069664,291.8194166325831,292.82545356386584,27599700
2022-03-23,292.52264404296875,296.1756568140491,290.79383211906736,293.5189338021798,25715400
2022-03-24,297.02545166015625,297.1231312309202,291.379918238393,292.18084898798924,24484500
2022-03-25,296.615234375,298.392901366759,292.3273780680895,298.1291933303377,22566500
2022-03-28,303.4718933105469,303.5695430664441,297.25005982529126,297.25005982529126,29578200
2022-03-29,308.07232666015625,308.47279202478853,301.8602697702275,306.607222558749,30393400
2022-03-30,306.558349609375,308.5997540997693,304.3313927001987,306.4606998545268,28163600
2022-03-31,301.1374816894531,307.80860543703966,300.72726925093815,306.5974324960297,33422100
2022-04-01,302.2216491699219,302.9151233446309,298.4319089346969,302.1727944881102,27110500
2022-04-04,307.64251708984375,307.7792446200952,302.5048765591821,302.8760409818312,24289600
2022-04-05,303.6476745605469,307.54484143251716,302.6611617202274,305.9820579630614,23156700
2022-04-06,292.532470703125,299.85799167231846,289.80736855645114,298.09010166302943,40110400
2022-04-07,294.3589172363281,296.5858740762518,289.4557133522516,289.758499121147,31411200
2022-04-08,290.0612487792969,294.1146966261927,289.3872986530472,293.45052339695366,24361900
2022-04-11,278.6236877441406,285.80267264379717,278.3697268759227,285.0017718728879,34569300
2022-04-12,275.4981689453125,283.976230738317,273.9646861870453,282.5111266576431,30966700
2022-04-13,280.9288330078125,281.86649131999866,274.75585368671136,276.1526089669584,21907200
2022-04-14,273.32000732421875,281.60273889735595,272.8218922597156,281.38785579640427,28221600
2022-04-18,273.99395751953125,275.8888276440718,271.8646803058073,272.42142695023347,20778000
2022-04-19,278.662841796875,279.5126273776436,271.93314449582255,272.8805798560502,22297700
2022-04-20,279.69818115234375,282.9605064919951,278.73122179322337,282.66746772937137,22906700
2022-04-21,274.2772216796875,286.47664424325205,273.54466971199327,281.8664493342582,29454600
2022-04-22,267.6549987792969,276.61168214878137,267.0201262604301,275.1270241639127,29405800
2022-04-25,274.1893615722656,274.5702731546205,264.4708253695772,266.93221943989084,35678900
2022-04-26,263.9336242675781,271.88424044488903,263.7187411380498,271.0442617252178,46518400
2022-04-27,276.6312255859375,284.2009310765478,272.6656790296599,275.53728581973996,63477700
2022-04-28,282.89208984375,284.2106895795746,274.9121425535567,278.5553790458858,33646600
2022-04-29,271.0637512207031,283.136223111986,270.0674912783745,281.89574937354394,37073900
2022-05-02,277.85211181640625,278.31117896291823,269.79403921596037,271.24936642596634,35151100
2022-05-03,275.2247009277344,277.5200367564673,273.6326162931745,277.3539785017842,25978600
2022-05-04,283.2339172363281,284.11297367860845,270.29216518032763,276.01582385743836,33599300
2022-05-05,270.89776611328125,279.6883911046849,267.9577808832732,278.89723724006825,43260400
2022-05-06,268.3387145996094,272.75355096051,264.9591862936349,268.4168403708345,37780300
2022-05-09,258.4247741699219,266.0237783638121,257.19410719146407,263.77729769196736,47726000
2022-05-10,263.2303466796875,267.3814745957865,258.9034134409699,265.3694008610631,39336400
2022-05-11,254.4886016845703,265.0471174849475,253.26768145041362,259.499263094769,48975900
2022-05-12,249.40957641601562,253.83418988656118,244.20357106177636,251.69513538017614,51033800
2022-05-13,255.04531860351562,256.9206649789618,249.40956219324804,251.3630343391789,34925100
2022-05-16,255.41644287109375,259.6359491958701,249.82951222095875,253.91226120939191,32550900
2022-05-17,260.6127014160156,262.0875524770811,256.3541170419708,259.91919740852256,28828800
2022-05-18,248.74710083007812,258.06728913926753,247.46459889192343,257.4798766012705,31356000
2022-05-19,247.82684326171875,252.26177682297725,246.59329478297516,248.57088624180696,32692300
2022-05-20,247.2589874267578,253.11348329139824,241.2674455738901,251.84075121106358,39199300
2022-05-23,255.17918395996094,256.0113491966202,248.11072409872403,250.12749909199556,33175400
2022-05-24,254.17083740234375,255.84493788867908,248.1792947126843,252.47716745125462,29043900
2022-05-25,257.0099182128906,259.02667817864454,251.7330652545858,252.72187577614946,28547900
2022-05-26,260.31903076171875,261.5036257600117,255.94285019764496,256.7652158897939,25002100
2022-05-27,267.50494384765625,267.6028509185884,261.94416879241396,262.84487201712886,26910800
2022-05-31,266.1636962890625,269.0028220056436,263.28540176977856,266.8098470869673,37827700
2022-06-01,266.7021484375,271.86152485226245,264.37209783823954,269.4237974006691,25292200
2022-06-02,268.8168029785156,268.88534091282213,256.1092604664374,258.8994475400852,44008200
2022-06-03,264.3525390625,267.7105694939504,262.77634569587696,264.636460617641,28059000
2022-06-06,263.1092224121094,268.42524529816797,261.61133668517994,266.3497466310027,22400300
2022-06-07,266.7805480957031,267.39732992300475,260.35823710785684,261.0435568886476,22860700
2022-06-08,264.734375,267.2700099708886,263.9511482533452,266.0070773823765,17372300
2022-06-09,259.2322998046875,266.98604925881506,259.075654478326,262.1595327811504,26439700
2022-06-10,247.67999267578125,255.11066747424474,247.2296410529994,255.11066747424474,31422800
2022-06-13,237.17518615722656,243.79330970606344,236.4605123501644,239.96537332587806,46135800
2022-06-14,239.35838317871094,240.5821468183324,236.44091990611824,238.741601524015,28651500
2022-06-15,246.4757843017578,249.9414913306037,241.24786956443694,243.0981996091526,33111700
2022-06-16,239.82833862304688,242.22691271293752,237.91927005919607,240.81713440777904,33169200
2022-06-17,242.45204162597656,245.2422286458587,238.908026974375,239.56396247992708,43084800
2022-06-21,248.41421508789062,249.40301065511343,244.27298849281922,245.0072466203613,29928300
2022-06-22,247.81703186035156,251.77224422941265,245.11495223790845,246.60305297646258,25939900
2022-06-23,253.4267578125,253.92606295299717,248.30654971305992,250.2058333285102,25861400
2022-06-24,262.08123779296875,262.35535965816274,256.22674167848834,256.3148490769033,33923200
2022-06-27,259.3302307128906,262.668631835597,257.75400751191495,262.58052443336265,24615100
2022-06-28,251.09674072265625,261.30781782210886,250.9400953844685,258.4393228918387,27295500
2022-06-29,254.79737854003906,256.4714787618601,250.39181468732815,252.18340637172142,20069800
2022-06-30,251.43939208984375,254.08273384690168,247.59188587569716,251.65477571358215,31730900
2022-07-01,254.1316375732422,254.317652035355,249.26596711884596,251.00862027317996,22837700
2022-07-05,257.33306884765625,257.46034506862827,249.39328837606578,250.78348231971302,22941000
2022-07-06,260.6225280761719,262.365166582327,256.89249829683394,258.2141692141927,23824400
2022-07-07,262.7665100097656,263.41266076546583,259.45744850801634,259.55535556985706,20859900
2022-07-08,262.0420837402344,262.47285096364976,257.76381051758267,259.23232699457765,19658800
2022-07-11,258.9581604003906,260.93575149220965,256.67704846885334,260.07421719413753,19455200
2022-07-12,248.345703125,260.3581715303556,246.74991051396503,260.2994332641739,35868500
2022-07-13,247.4156494140625,248.22823029825582,242.90240831996616,244.93875289628406,29497400
2022-07-14,248.74710083007812,249.78485003382096,240.77795239516902,245.3107778168034,25102800
2022-07-15,251.33168029785156,254.90506411959618,249.42261202406303,250.35266939452197,29774100
2022-07-18,248.9135284423828,255.3652068726158,247.9834710484931,254.29808854634783,20975000
2022-07-19,254.08270263671875,254.2687171015095,248.35548278462542,252.17361939367356,25012600
2022-07-20,256.7652282714844,259.3106630853839,253.4757653442647,254.44497676441915,22788300
2022-07-21,259.28125,259.3302184725148,251.63517705977236,254.33725677559613,22404700
2022-07-22,254.895263671875,259.7609490416528,253.63236112190472,259.6728416458671,21881300
2022-07-25,253.3973846435547,256.011356959943,251.41979333023036,255.52185149730448,21056000
2022-07-26,246.61282348632812,254.42534070932976,244.33174138551718,254.40574137131446,39348000
2022-07-27,263.0993347167969,264.38183638633274,253.41693410749616,255.67844650962655,45994000
2022-07-28,270.6083679199219,272.0083461370766,262.24760765891295,264.0881526691481,33459300
2022-07-29,274.8475341796875,276.0810975805953,270.82381337507917,271.8713622988011,32152800
2022-08-01,272.1748046875,275.37615927856933,270.0503380851615,271.9887902435471,21539600
2022-08-02,269.0517883300781,272.0573590263667,266.66299929400327,270.2070140457255,22754200
2022-08-03,276.54119873046875,277.5495787208633,270.80417955665024,270.9510550872354,23518900
2022-08-04,277.6964111328125,277.8432567793551,274.289472624868,275.8852351533497,18098700
2022-08-05,276.97198486328125,277.69644338839964,272.8307578875251,273.2908942181647,16774600
2022-08-08,274.4364013671875,279.9188695554306,273.45739025775293,278.08809368406764,18739200
2022-08-09,276.374755859375,277.13838314070836,271.78319250204987,273.77061324442224,23405200
2022-08-10,283.09088134765625,283.7272326503813,280.91747529494336,282.1216698231528,24687800
2022-08-11,280.9957275390625,285.0977860349163,280.49645224354316,284.7453564145497,20065900
2022-08-12,285.7830810546875,285.7830810546875,280.9173955904025,282.4250807717838,22619700
2022-08-15,287.3102722167969,288.00536145038666,284.02078071851747,284.89211458520185,18085700
2022-08-16,286.5662841796875,287.86838546238494,284.3243706362281,285.8613951070731,18102900
2022-08-17,285.81085205078125,287.8024615049413,283.99583142929515,284.260714678306,18253400
2022-08-18,284.6826477050781,286.3897332203987,283.61323419946183,284.70225870922667,17186200
2022-08-19,280.7386169433594,283.77999889191807,280.15977801470655,283.43661174699906,20570000
2022-08-22,272.4974670410156,277.1183878017487,271.97749107380326,276.7455691949814,25061100
2022-08-23,271.21221923828125,273.58643762124234,270.19187839396074,271.21221923828125,17527400
2022-08-24,270.5745849609375,271.9873557316479,269.90742158443305,270.20176629360213,18137000
2022-08-25,273.57666015625,273.74342851137396,269.32852822894,272.0853857878454,16583400
2022-08-26,263.0201110839844,275.0384497194847,262.91220567990086,273.8022681646015,27549300
2022-08-29,260.2142028808594,262.3431488893882,258.86029549603006,260.8224731690105,20338500
2022-08-30,257.99700927734375,261.9998397471692,255.73069578611413,261.6270510283896,22767100
2022-08-31,256.5252990722656,262.0586245366668,256.3879322638469,260.37118048207236,24791800
2022-09-01,255.47555541992188,255.95630936272835,250.5799311628272,253.97449053092632,23263400
2022-09-02,251.21763610839844,259.7334810753539,249.65770825854173,256.750992201136,22855400
2022-09-06,248.46080017089844,252.9541748145987,247.17557591964425,251.3550248242959,21328200
2022-09-07,253.20921325683594,253.93520941214032,248.4313154317173,249.88332271255368,24126700
2022-09-08,253.63111877441406,255.50500236667435,249.9716609777116,252.64023923895377,20319900
2022-09-09,259.458740234375,260.21419778557106,255.3676166329746,255.573636901276,22084700
2022-09-12,261.60736083984375,262.3922499590498,260.14554789473146,260.75381824932964,18747700
2022-09-13,247.224609375,255.47555604961147,246.83216481369544,253.94505968609693,33353300
2022-09-14,247.4502716064453,249.422255129706,245.13490094116702,248.73549581590103,23913000
2022-09-15,240.73963928222656,246.6457846681412,239.40535755655782,245.04661967379468,31530900
2022-09-16,240.11172485351562,240.66113229279696,237.48239857523066,239.6407913596488,39791800
2022-09-19,239.8958740234375,240.50414438140064,236.29527937670042,237.88463868375473,26826900
2022-09-20,237.8650360107422,238.9049880034,235.10817818901293,237.49223235332934,26660300
2022-09-21,234.4311981201172,242.97648933436415,234.3821406793013,239.6505984421626,28625600
2022-09-22,236.42282104492188,239.2483621316913,233.07731896036304,233.37163368170988,31061200
2022-09-23,233.42068481445312,236.56998697978776,230.75212163137076,235.01004414767513,34176000
2022-09-26,232.95957946777344,236.88393545786514,232.4199775250898,232.56714985685628,27694200
2022-09-27,231.9392547607422,237.2273238873884,230.06537117241018,235.44173471645922,27018700
2022-09-28,236.51112365722656,237.74729036216598,230.29100825019512,232.33167509105272,29029700
2022-09-29,233.0086212158203,235.4122861037903,229.977060010541,234.37233423170582,27484200
2022-09-30,228.49562072753906,235.99114004331733,228.32883739497714,233.78368980669143,35694800
2022-10-03,236.18736267089844,237.04090527942392,230.22233997112195,230.9581566943969,28880400
2022-10-04,244.17344665527344,245.6254542522616,240.3471903922256,240.4551107861374,34888400
2022-10-05,244.48739624023438,245.84130396386774,239.48385090417563,241.33810867034546,20347100
2022-10-06,242.1229705810547,245.60583985390582,241.42640570862338,243.24141154783345,20239900
2022-10-07,229.810302734375,236.7564149526062,228.7605302730527,236.34434438089954,37769600
2022-10-10,224.91465759277344,230.124237888126,222.44230907337158,228.64279885880444,29743600
2022-10-11,221.1472625732422,224.7282312325859,219.87184395134264,223.3154607572651,30474000
2022-10-12,221.48085021972656,223.5509486876991,219.72470742947053,221.1374630685029,21903900
2022-10-13,229.810302734375,231.6351289524716,214.98604670146256,215.6924320097729,42551800
2022-10-14,224.23770141601562,232.7535617953974,224.02186063649978,231.0856985045513,30198600
2022-10-17,233.03807067871094,234.44103574350325,230.69326855035126,231.36041685975584,28142300
2022-10-18,233.9897003173828,239.31700580556577,230.91888730052224,238.64006704630611,26329600
2022-10-19,232.0079345703125,235.0787480901715,229.8593471535569,232.55734204359175,19985700
2022-10-20,231.6841583251953,236.74658109169673,230.42836561927354,231.31135468983817,21811000
2022-10-21,237.54127502441406,238.40463817535837,230.06538128445075,230.30084804477124,26299700
2022-10-24,242.5742645263672,243.15310346564755,236.73678774718022,239.15025839614572,24911200
2022-10-25,245.91976928710938,246.29257292273567,241.18110767937065,242.5840577462845,34775500
2022-10-26,226.9455108642578,233.79350777788596,225.70932916401722,226.79833853458496,82543200
2022-10-27,222.4619140625,229.27067360699243,221.51025660626811,226.67077896987985,40424600
2022-10-28,231.4094696044922,232.1256753900891,221.77518291087358,221.96159222574866,40647700
2022-10-31,227.74017333984375,230.47740481029348,226.77869543002336,229.33933808248287,28357300
2022-11-01,223.85507202148438,231.2819228273095,223.03096086653287,230.1634819826668,30592300
2022-11-02,215.9376983642578,226.9258923470998,215.87882044831673,225.12069215089488,38407000
2022-11-03,210.1983184814453,216.24183032095493,209.93342025948922,215.9278746548988,36633900
2022-11-04,217.2032928466797,217.39950765239473,209.39381782928885,213.43591468412285,36789100
2022-11-07,223.56076049804688,224.0905569765876,217.09538715119393,217.79196697439198,33498000
2022-11-08,224.54183959960938,227.26926588223924,221.56914106156148,224.37505626235279,28192500
2022-11-09,220.2642822265625,224.30637901705902,220.08769339529874,223.0701973172933,27852900
2022-11-10,238.38499450683594,238.72838163553394,230.55590869268073,230.97776976542943,46268000
2022-11-11,242.43685913085938,243.3002220837222,237.35481125409066,238.39477797923328,34620200
2022-11-14,236.9820556640625,239.29742634898736,234.68631095119292,237.41373722789717,31123300
2022-11-15,237.39410400390625,242.32898042382567,235.4907889689034,241.01432477065688,31390100
2022-11-16,237.82701110839844,239.8635959906748,236.5381648360028,238.86989389331643,24093300
2022-11-17,237.7777862548828,239.32244397281602,233.79319025622567,233.94076232565072,23123500
2022-11-18,237.3252410888672,239.80455714259514,235.1705986265433,239.57825993462248,27613500
2022-11-21,238.14181518554688,240.71950733641575,237.29570031743012,237.5318156213768,26394700
2022-11-22,241.07371520996094,241.34919309558975,236.82347425138866,239.65696321963057,19665700
2022-11-23,243.5825653076172,244.27126007738573,240.32601110081015,241.1524448245324,19508500
2022-11-25,243.4939727783203,244.6844274224895,242.74623431181703,243.31687129483697,9200800
2022-11-28,237.85650634765625,242.66755117430998,236.9120150388511,242.10676227453544,24778200
2022-11-29,236.44961547851562,238.86988772585056,234.36384996253275,237.50233137128112,17956300
2022-11-30,251.02047729492188,251.20741193332861,235.98719127226562,236.68573412961413,47594200
2022-12-01,250.57774353027344,251.98464735267424,246.86861025202438,249.77097615420297,26041500
2022-12-02,250.9024200439453,251.92562147108276,245.65847707537134,245.78638288342054,21528500
2022-12-05,246.1602325439453,249.72179372232623,244.0547858859714,247.9410056269265,23435300
2022-12-06,241.16226196289062,247.7934426203342,239.84390134643746,246.77024117489478,22463700
2022-12-07,240.4243621826172,242.18546899324627,238.2992492613639,240.87694156221002,20481500
2022-12-08,243.40542602539062,244.72380153717523,239.13550410285853,240.8867626796098,22611800
2022-12-09,241.4573974609375,244.30073433851274,240.21774707912041,240.7490215249227,20609700
2022-12-12,248.4329376220703,248.46245203745158,243.1791615103396,243.45463939551072,30665100
2022-12-13,252.77174377441406,259.65872070865197,248.9839004556159,257.46471581923214,42196900
2022-12-14,253.06690979003906,258.3502006050803,250.20389124267564,252.97836653906978,35410900
2022-12-15,244.98944091796875,250.09564478340477,243.34640679576722,249.62339914055133,35560400
2022-12-16,240.73922729492188,245.80606917175783,239.5782718184579,244.53690417187755,86102000
2022-12-19,236.56765747070312,241.2508114490081,234.8557613634364,240.90645659327913,29696400
2022-12-20,237.89585876464844,238.98793711492186,234.57042801991324,235.53460056849127,25150800
2022-12-21,240.4833984375,241.65418696523147,236.23315745133928,237.7876483945743,23690600
2022-12-22,234.3441619873047,238.08280979613724,230.09390594886284,237.36458564281799,28651700
2022-12-23,234.8754425048828,235.01318145341284,230.16278882578723,232.29775003421244,21207000
2022-12-27,233.1339874267578,235.07216547141977,232.02222790330416,234.84588331606412,16688600
2022-12-28,230.7432403564453,235.84944419826127,230.38905237283905,233.0651360239934,17457100
2022-12-29,237.1186065673828,238.01391715718688,231.84514942911116,231.84514942911116,19770700
2022-12-30,235.94784545898438,236.0855844021263,232.83886358530268,234.36384010664304,21938500
2023-01-03,235.71170043945312,241.78207671875532,233.56689130137062,239.15518881591555,25740000
2023-01-04,225.40093994140625,229.11005842508914,222.3116392212552,228.52958821304364,50623400
2023-01-05,218.7205352783203,223.87593458070262,218.1794126873155,223.53157974667658,39585600
2023-01-06,221.2982177734375,222.11481819108766,215.80832703475767,219.3993872333867,43613600
2023-01-09,223.45289611816406,227.50638445182588,222.75436824625874,222.79371579734973,27369800
2023-01-10,225.15496826171875,227.5752404191146,223.65950614856146,224.08255611441774,27033900
2023-01-11,231.96324157714844,232.14032807576052,227.37847873354642,227.55556523215847,28669300
2023-01-12,234.65896606445312,236.0265222554612,229.78889272308874,231.46144119222973,27269500
2023-01-13,235.3673553466797,235.50509428694716,231.1269476008542,233.17336543655554,21333300
2023-01-17,236.46926879882812,237.02022452941694,233.26189577624385,234.12769193140784,29831300
2023-01-18,232.0025634765625,238.46649018475813,231.71725247842687,237.66957100427763,30028700
2023-01-19,228.1852264404297,231.71727332949797,226.95540907287057,230.0053621493848,28623000
2023-01-20,236.3413848876953,236.85299311880186,230.72357251730264,231.06792738702072,35389800
2023-01-23,238.6632843017578,241.2114623364872,235.78058452677067,237.20718471225808,31934000
2023-01-24,238.13198852539062,240.01115305507722,236.55783131151753,238.58456791948572,40234400
2023-01-25,236.72508239746094,239.3716517336312,227.1718546280861,230.6940533159615,66526600
2023-01-26,243.9957275390625,244.30071979649964,238.0926050986013,239.71595776476144,33454500
2023-01-27,244.15316772460938,245.79620180353155,242.84464034171302,244.96976819720265,26498900
2023-01-30,238.7911834716797,241.63452060404668,238.2894083814615,240.56210845799185,25867400
2023-01-31,243.808837890625,243.94657683914144,239.0273072315265,239.519234192288,26541100
2023-02-01,248.6690673828125,251.05982509768327,241.5066123600795,243.99576146760634,31259900
2023-02-02,260.3277282714844,260.4162715128124,253.0963966480028,254.64105436023115,39940400
2023-02-03,254.17864990234375,259.9342009694348,252.94883258137716,255.3494383938909,29077300
2023-02-06,252.6241455078125,254.129440716698,250.666285929055,253.28334080672707,22518000
2023-02-07,263.2399597167969,264.43041458598066,255.88072138263217,256.32346766881807,50841400
2023-02-08,262.4233703613281,272.2914241084485,261.91174710026456,268.7889065089116,54686000
2023-02-09,259.363525390625,269.5562660350843,258.5567580952953,269.3791495380561,42375100
2023-02-10,258.8519287109375,259.8259343195582,256.45132314892584,257.30727111102686,25818500
2023-02-13,266.9392395019531,270.1662789980363,262.8365556487046,263.3186644624134,44630900
2023-02-14,267.7755432128906,270.53032226738316,264.9321908808967,268.2674701886814,37047900
2023-02-15,265.63519287109375,267.02590497768625,262.5381396478936,264.6488747898258,28922400
2023-02-16,258.5632629394531,263.0904590395369,258.31668343443744,260.4076728209646,29603600
2023-02-17,254.52928161621094,256.53150643161996,252.49746845771872,255.8411017263322,30000100
2023-02-21,249.2130126953125,251.99443718648416,248.1477872550779,250.9982461928277,28397400
2023-02-22,248.06886291503906,250.8601449778206,246.91487253007625,250.61356544983659,22491100
2023-02-23,251.28428649902344,253.32595730208965,247.05297308611262,252.0634712378697,29219100
2023-02-24,245.81019592285156,247.56584092140017,244.70552447657911,246.54007672843568,24990900
2023-02-27,246.7373504638672,249.36096033836793,245.97788127913898,249.00588520460076,21190000
2023-02-28,246.00747680664062,248.0491626479555,245.32691485953566,245.66227447623933,22491000
2023-03-01,242.9005584716797,247.49678929963613,242.42711495590888,247.32911703155798,27565300
2023-03-02,247.6743621826172,247.96038783673535,242.24961211812996,243.17675362806392,24808200
2023-03-03,251.79714965820312,252.1226364482334,247.95051495788212,248.73957247462036,30760100
2023-03-06,253.3555450439453,256.56107911582933,252.47772246933792,252.92156263851766,24109800
2023-03-07,250.6727294921875,254.1643038604429,249.92313318291028,252.79330730594418,21473200
2023-03-08,250.22891235351562,251.05741598985657,247.37845349394541,250.5642569134602,17340200
2023-03-09,248.8677978515625,256.00873148264196,248.13791701716175,252.31991130747735,26653400
2023-03-10,245.18882751464844,249.33136077212063,244.212382169328,247.64476514837403,28333900
2023-03-13,250.44590759277344,254.38132250393278,242.36795938303734,244.0151089187801,33339700
2023-03-14,257.221923828125,257.4980917115578,252.3593674269289,253.23718999570187,33620300
2023-03-15,261.80828857421875,262.83406786424365,255.66351574748856,256.4229999766593,46028000
2023-03-16,272.42108154296875,272.77614162435196,259.67783796593795,261.58142474678226,54768800
2023-03-17,275.60687255859375,279.4535073114165,272.53943756981755,274.4528971827675,69527400
2023-03-20,268.5054016113281,273.6835719142719,266.1579595913203,273.1904128378011,43466600
2023-03-21,270.03411865234375,271.2374277174918,265.83239468550914,271.11907438322055,34558700
2023-03-22,268.5645751953125,277.19485893402447,268.4560645477188,269.6593738844323,34873300
2023-03-23,273.861083984375,277.2145594642809,271.4347499153896,274.1372518450722,36610900
2023-03-24,276.73126220703125,276.79043888196287,271.5136313002802,273.44680624813554,28172000
2023-03-27,272.5986328125,277.60911609580637,271.7503834964028,276.66225903833964,26840200
2023-03-28,271.46435546875,272.36190859794345,268.32784087331277,272.0166912251704,21878600
2023-03-29,276.672119140625,277.29350440292745,274.6008449662974,275.1433079190786,25087000
2023-03-30,280.16363525390625,280.56802927390424,277.6288206944652,280.3411953822254,25053400
2023-03-31,284.3554992675781,285.31222903893445,279.12802532101676,279.84804837782394,32766000
2023-04-03,283.3001403808594,284.325889466506,280.0650184260436,282.5998329031126,24883300
2023-04-04,283.25079345703125,286.47607255191673,281.76147375851104,283.30012741660755,25824300
2023-04-05,280.4496765136719,283.22122788337555,279.0491217097848,281.9390264319253,22064800
2023-04-06,287.6103820800781,288.0837955338459,278.17131004504324,279.33515825227767,29770300
2023-04-10,285.43060302734375,285.63772139570335,280.8146115464859,285.2530428972823,23103000
2023-04-11,278.9603271484375,282.0672531562564,277.78663633442005,281.84038916361027,27276600
2023-04-12,279.611328125,283.0831873442445,278.10226253028486,280.8935598048498,27403400
2023-04-13,285.8743896484375,285.9335663171516,279.2956658094283,279.709902490427,24222700
2023-04-14,282.22509765625,284.53307857876393,279.8086060822283,283.0733168405744,20987900
2023-04-17,284.8486633300781,287.61037214853826,282.24479912414546,285.9632076307391,23836200
2023-04-18,284.4245910644531,287.7682244049902,283.08321268243867,287.5808215280846,20161800
2023-04-19,284.5034484863281,285.09521522573914,280.6469413676324,282.0770844545925,17150300
2023-04-20,282.1954345703125,285.0754964359553,281.1795282125759,281.34721552018016,23244400
2023-04-21,281.8502502441406,282.35325197205634,279.1871795197305,281.1105117206975,21676400
2023-04-24,277.91485595703125,281.0513705688823,274.90659762149755,278.23048499093494,26611000
2023-04-25,271.6517639160156,277.74720298912615,271.60242994743777,275.685801623626,45772200
2023-04-26,291.32879638671875,295.4713447880839,288.7249320401789,292.640616423836,64599200
2023-04-27,300.65936279296875,301.0243258099498,291.21044770829826,291.9205980142474,46462600
2023-04-28,303.05615234375,304.70328695009795,299.1601832520128,299.85061806068956,36446700
2023-05-01,301.3793640136719,304.3777795431425,300.97496997022023,302.77007618260353,21294100
2023-05-02,301.2314147949219,304.94982319914067,299.7519376436355,303.54926835194516,26404400
2023-05-03,300.2352294921875,304.38762034639154,299.9294732832105,302.42485692101525,22360800
2023-05-04,301.2314147949219,303.54926835194516,299.2489057801854,302.0500455746162,22519900
2023-05-05,306.39971923828125,307.7016663861311,300.10700479038076,301.53717811037285,28181200
2023-05-08,304.4270935058594,305.95590471108136,301.9021214288919,305.886855215998,21318600
2023-05-09,302.7996520996094,305.798067506066,302.1190902129459,303.7859701846244,21340800
2023-05-10,308.03704833984375,308.7176103361282,303.4605473402384,304.3975316119031,30078000
2023-05-11,305.8670959472656,306.8632868746228,302.0697952876188,305.8572532341509,31680200
2023-05-12,304.7427062988281,306.39971349226784,302.40513720450423,306.30107566169744,19758100
2023-05-15,305.2259826660156,305.6599650264564,303.3815726841616,304.8709226074943,16336500
2023-05-16,307.4748229980469,309.4178710368507,305.59095164265494,305.59095164265494,26730300
2023-05-17,310.3808898925781,310.805926546579,307.15845443998836,308.69060750552126,24315000
2023-05-18,314.8487854003906,315.3628112808559,310.1041213959973,310.9047830696657,27276000
2023-05-19,314.6708984375,315.07617651189463,312.72360290073794,313.08933355752697,27529500
2023-05-22,317.47821044921875,318.87196301656877,314.34476339641014,314.92795969068925,24115700
2023-05-23,311.62640380859375,319.00041331686316,311.6165094129582,316.34141515317293,30797200
2023-05-24,310.2326354980469,312.85208611003424,309.00690697018507,311.10249762561375,23384900
2023-05-25,322.16351318359375,323.13219855931953,316.3117328528475,319.5143794949146,43301700
2023-05-26,329.0531921386719,329.5572934697722,320.147029910554,320.2854006128314,36630600
2023-05-30,327.39251708984375,331.8703038143698,326.71046750825445,331.36620250707483,29503100
2023-05-31,324.6050720214844,332.068040510102,323.557261568481,328.4601155465043,45950600
2023-06-01,328.74676513671875,329.6858277758173,320.97737171957544,322.1734171605526,26773900
2023-06-02,331.53424072265625,333.6100425762987,328.7170832188442,330.397501425564,25864000
2023-06-05,332.068115234375,334.65791351432074,330.8028691218119,331.3564124106928,21307100
2023-06-06,329.8340759277344,331.50459980034327,328.34150034369713,331.46505238445627,20396200
2023-06-07,319.6528015136719,330.6347357358875,318.7829393642212,327.8274725409219,40717100
2023-06-08,321.51116943359375,322.8752688321544,319.6231798480627,320.206376081419,23277700
2023-06-09,323.0235290527344,326.1866287534683,320.6709553622718,321.2442571905946,22514900
2023-06-12,328.02520751953125,328.2723260983216,321.41231193783307,324.792877202814,24260300
2023-06-13,330.4371032714844,333.0961017213649,326.58205928874565,330.61502141703147,22951300
2023-06-14,333.4519348144531,335.1323532818647,328.97414719940065,330.4865117537338,26003800
2023-06-15,344.087890625,345.80782615776803,333.31352739056973,333.5902989724616,38899100
2023-06-16,338.3843688964844,347.4190378119498,338.0087740294845,347.2707727110499,46533600
2023-06-20,334.1537170410156,338.1372671679203,331.9889559626245,335.39920428223814,26375400
2023-06-21,329.7154541015625,333.8374048180705,328.24263718607625,332.49306421020054,25117800
2023-06-22,335.7945861816406,336.1998642526837,329.4980099014051,330.2690186262127,23556800
2023-06-23,331.1586608886719,334.06477784716117,329.6067791085905,330.5062642075985,23084700
2023-06-26,324.8126525878906,332.236073875563,324.70390473147376,329.8736360460797,21520600
2023-06-27,330.71380615234375,332.2755820484037,325.50452803558795,328.03501946580997,24354100
2023-06-28,331.9790954589844,334.084550517697,329.96259946623746,330.8028086437021,20259500
2023-06-29,331.18829345703125,332.2360737742662,328.7863082108704,330.8522158237522,16997000
2023-06-30,336.61505126953125,338.7798124300312,333.3135506813242,333.85719948758003,26823800
2023-07-03,334.09442138671875,336.9708852401349,332.6908047635794,335.28060262151536,12508700
2023-07-05,334.2525634765625,337.7122233709409,330.8719984154976,331.22783466788746,18172400
2023-07-06,337.3365783691406,339.0367551947082,331.6330931118371,333.4123346002001,28161200
2023-07-07,333.33331298828125,337.85064789204796,333.11584743020944,335.40911510335906,21185300
2023-07-10,328.00543212890625,331.3662690704481,323.8143105144477,330.7435253999172,32791400
2023-07-11,328.6380310058594,329.02352027231524,323.23107571915307,327.2442787108393,26698200
2023-07-12,333.3135070800781,337.71219910160477,331.8011427844251,332.7204165362099,29995300
2023-07-13,338.7105712890625,339.77811014672653,335.1125107395489,335.64629525130016,20567200
2023-07-14,341.2608337402344,347.37949164129134,340.3415599455214,343.583754215455,28302200
2023-07-17,341.7452087402344,342.990665765801,338.2558958910491,341.69576692889177,20363900
2023-07-18,355.3465881347656,362.55257365392396,338.2262375492029,341.84402665294436,64872700
2023-07-19,350.9874267578125,358.28237161878195,348.37787039921096,357.5805633410372,39732900
2023-07-20,342.8720703125,353.8441409060029,341.3893588854277,349.4948600864259,33778400
2023-07-21,339.8077697753906,346.2625051878546,335.91317895795135,345.12576587462695,69368900
2023-07-24,341.1323547363281,342.9215209904844,338.36463873391983,341.8638462386976,26678100
2023-07-25,346.9347229003906,347.83423813906484,341.09283612999536,343.1093019955314,41637700
2023-07-26,333.876953125,340.6974499210077,329.2706592716007,337.504667075425,58383700
2023-07-27,326.908203125,337.3959003723981,325.25743786483986,336.5557213978174,39635300
2023-07-28,334.47003173828125,336.0911440101426,329.3299836672118,329.82422079899777,28484900
2023-07-31,332.0483093261719,333.80779242227305,329.5177872955062,333.036783653551,25446000
2023-08-01,332.46343994140625,334.6380954513858,329.85388349527227,331.32670053812484,18311900
2023-08-02,323.725341796875,329.7846942423864,322.59846658551965,329.7846942423864,27761300
2023-08-03,322.89501953125,326.07790799446406,322.1932112223528,322.24262287118034,18253700
2023-08-04,324.0020751953125,331.277261063739,323.46829067572776,328.05482548758084,23727700
2023-08-07,326.30523681640625,327.29371111677887,323.74509199834216,324.5853011868272,17741500
2023-08-08,322.29205322265625,324.9609460627409,319.27721848901996,323.1915685107464,22327600
2023-08-09,318.5160827636719,323.3398119813317,317.3496601701691,322.70720411911464,22373300
2023-08-10,319.2080078125,324.4765928787493,317.4781777368132,322.26238986909726,20113700
2023-08-11,317.3101501464844,318.69400815708644,315.5308782764169,316.56879440875014,24342600
2023-08-14,320.30523681640625,320.32499544370245,316.3908566710484,317.68578582210785,18836100
2023-08-15,318.1503601074219,321.34314332130526,317.2014331173223,319.2772354179143,16966300
2023-08-16,317.377685546875,321.35978454495915,316.7833392545049,317.7739063318857,20698900
2023-08-17,313.8908996582031,318.8338196904496,313.22720641667973,317.5163787813706,21257200
2023-08-18,313.49468994140625,315.3767614049802,308.61117111318896,311.5234408357638,24744800
2023-08-21,318.84375,319.72533901894826,314.04940875807927,314.9309977770275,24040000
2023-08-22,319.4182434082031,323.00409130288494,318.42767635532056,322.4295757132843,16102000
2023-08-23,323.9154357910156,326.0946954631443,320.4088198566661,320.76543972560916,21166400
2023-08-24,316.9517517089844,329.8390391710411,316.9418363646179,329.71026061311085,23281400
2023-08-25,319.9333801269531,322.29090448568866,315.7927865800753,318.4376140983813,21684100
2023-08-28,320.6465759277344,323.07344713621103,318.68524222639564,322.58807894045736,14808500
2023-08-29,325.3121643066406,325.87679484238714,318.8437619677204,318.8437619677204,19284600
2023-08-30,325.68853759765625,326.6989050711042,323.3706144081888,325.5696743925102,15222100
2023-08-31,324.6683044433594,327.7885849745621,323.6975377366628,326.0947235827168,26411000
2023-09-01,325.559814453125,328.8583898761106,323.69754330969545,328.184811445848,14931200
2023-09-05,330.4036560058594,331.6914114200369,325.55979843195536,325.89658763051284,18553900
2023-09-06,329.7399597167969,331.3050423323038,327.06541662823025,330.2352432347013,17535800
2023-09-07,326.7979736328125,329.93805420021084,325.926269806624,328.1649609757256,18381000
2023-09-08,331.1168212890625,332.9890074354377,326.352196421873,326.9762584706647,19530100
2023-09-11,334.75225830078125,335.2277414058345,332.26592513119544,334.05884921795905,16583300
2023-09-12,328.6404113769531,333.6130771951455,328.35316870476373,332.65222597060966,17565500
2023-09-13,332.8900146484375,333.6725712097717,328.0461567040876,328.18482039423475,16544400
2023-09-14,335.5050964355469,337.6446948177022,333.3951836281645,335.9508335027836,20267000
2023-09-15,327.1050720214844,334.217336610677,326.540441514089,333.74188374525704,37666900
2023-09-18,325.9560241699219,327.28338052420895,323.2814807713204,324.7078998866131,16834200
2023-09-19,325.5498352050781,326.28287533384974,321.44890358608217,323.09324841698384,16505900
2023-09-20,317.74420166015625,326.4810108438582,317.486674767217,326.40177877596363,21436500
2023-09-21,316.5158996582031,322.2810073516276,312.02863196954377,316.24845742778143,35529500
2023-09-22,314.0196838378906,318.41780414936176,313.1677804184283,318.28902559051323,21447900
2023-09-25,314.544677734375,314.6734562909907,312.02862889736053,313.60362692042037,17836000
2023-09-26,309.1956481933594,312.9003597025738,307.09562041875256,312.15743433170707,26297600
2023-09-27,309.8395080566406,311.3352439005283,306.76874383832666,309.3541095957723,19410100
2023-09-28,310.68145751953125,312.5040972255242,306.53097924919433,308.05643070863107,19683600
2023-09-29,312.77154541015625,316.4564560379535,312.0088196658807,314.7526795061826,24140300
2023-10-02,318.76446533203125,318.853642968879,312.2069162826865,313.2965460861367,20570000
2023-10-03,310.433837890625,318.3583746883624,308.2743786386628,317.8036293011886,21033500
2023-10-04,315.9512939453125,317.02112341032625,311.03808927960966,311.0678050853206,20720100
2023-10-05,316.34747314453125,316.961650097937,311.9295526417263,316.08003092831916,16965600
2023-10-06,324.1729736328125,326.08476073214564,313.316337294931,313.5639790506904,25645500
2023-10-09,326.7088317871094,327.1842846242437,320.13145206281695,321.6866495869274,19891200
2023-10-10,325.2923583984375,327.976786889985,324.5791488467311,327.8380929797901,20557100
2023-10-11,329.2843322753906,329.6805530737714,326.0352733611334,328.08572430592403,20063200
2023-10-12,328.0361633300781,330.48286496946685,325.61917749077486,327.4517324419268,19313100
2023-10-13,324.6385803222656,330.6810157045469,323.28147794480293,329.2447114865088,21072400
2023-10-16,329.5022277832031,332.969212350469,327.481462599679,327.9271996205036,22158000
2023-10-17,328.9277038574219,330.31449173060963,324.32157295768366,326.4810019480552,18338500
2023-10-18,326.99609375,332.4244123884925,325.2031697015897,329.3536483055121,23153600
2023-10-19,328.1947021484375,333.7022528617968,327.7885660057624,329.0168595486858,25052100
2023-10-20,323.5885925292969,328.78907020079464,322.3800993659699,328.5909446738055,25012600
2023-10-23,326.21356201171875,329.59139942320206,321.33007350300215,322.39987266135313,24374700
2023-10-24,327.4121398925781,328.70978036544676,324.5097855665259,328.17486567114935,31153600
2023-10-25,337.45648193359375,342.9343163763204,334.4352343674985,341.76542431146135,55053800
2023-10-26,324.79705810546875,338.40744026763304,323.8560072767667,337.3277257655851,37828500
2023-10-27,326.6989440917969,333.54376661625815,325.3022408050966,327.3130908782091,29856500
2023-10-30,334.1282043457031,336.24803256583084,328.699885458302,330.26499849048633,22828100
2023-10-31,334.9206237792969,335.8022429983136,331.5329012652958,335.6536639809817,20265300
2023-11-01,342.8055725097656,344.1428441756508,336.44611826051886,336.58481216840323,28158800
2023-11-02,345.0343322753906,345.53950092957126,341.5178010064738,343.96450290123875,24348100
2023-11-03,349.4720764160156,351.04710477759244,344.0536729275239,346.3319954972326,23624000
2023-11-06,353.16693115234375,354.16741372206013,350.0169346352546,350.11599740359395,23828300
2023-11-07,357.1291809082031,359.040968292871,354.25654215859316,356.0098351683549,25833900
2023-11-08,359.77398681640625,360.4376498521563,357.1489597884209,358.2683054606333,26767800
2023-11-09,357.2876281738281,361.3489590848818,356.9607241219027,358.8824265984055,24847300
2023-11-10,366.1829528808594,366.6088894784068,357.6640697813667,358.0800910344148,28042100
2023-11-13,363.2210998535156,364.9942232456299,362.448458803664,364.7465814959376,19986500
2023-11-14,366.7772521972656,368.4414278225423,363.88481332825825,367.5102923734174,27683900
2023-11-15,366.9261474609375,370.36045722030286,364.38512112593236,368.5241827385077,26860100
2023-11-16,373.3779296875,373.55658638591603,367.43236925654054,368.20657857407457,27182300
2023-11-17,367.1048278808594,371.59126768484566,364.2759756899048,370.836899022974,40157000
2023-11-20,374.63848876953125,376.0578674563183,368.24628665339475,368.46465493528996,52465100
2023-11-21,370.3009338378906,373.42754723095845,368.3653953944815,372.88164166541463,28423100
2023-11-22,375.04547119140625,376.97107425610585,372.18684271222065,375.1943517807251,23345300
2023-11-24,374.6285400390625,375.1645404012978,372.35555924327747,374.5292762251577,10176600
2023-11-27,375.7997741699219,377.81473568926896,373.40768891461767,373.983370569386,22179200
2023-11-28,379.8594665527344,380.15722772173007,375.35315568518746,375.5417478559064,20453100
2023-11-29,376.0380554199219,381.44758553357894,374.63851727370974,380.911615402655,28963400
2023-11-30,376.0975646972656,377.2687989413678,372.6830954875288,375.68066879643345,30554400
2023-12-01,371.730224609375,375.35312657616646,368.55396436143957,373.9635240768432,33020400
2023-12-04,366.4001159667969,366.7772700166467,360.20641104069097,366.3604043806309,32063300
2023-12-05,369.7550048828125,370.3108459279077,362.90622534848177,363.7300817378277,23065000
2023-12-06,366.0626220703125,371.4026946281754,365.2983481911379,370.76746068896693,21182100
2023-12-07,368.1966857910156,368.69297460847696,363.60104649475284,365.49687341238314,23118900
2023-12-08,371.4523010253906,371.6805744716675,365.4968358282561,366.4596372467687,20144800
2023-12-11,368.5440368652344,368.8418283086429,363.3826517145165,365.74499115999953,27708800
2023-12-12,371.6011962890625,371.6409078734443,367.7102788783657,368.0973986711949,24838300
2023-12-13,371.5912780761719,374.8370262739431,368.0179925924657,373.22902508797654,30955500
2023-12-14,363.2139587402344,370.98585927074276,361.4273309560846,370.5391871791712,43277500
2023-12-15,367.9783020019531,369.63588961946664,363.56131959614595,364.12709609407943,78478200
2023-12-18,369.884033203125,370.23144141816454,365.9434989554768,366.7078030867766,21802900
2023-12-19,370.4895324707031,370.4895324707031,367.09490367915254,368.73265069542646,20603700
2023-12-20,367.86907958984375,373.23892766598055,367.7797512470062,372.2165740209788,26316700
2023-12-21,370.7674560546875,371.6309937454321,367.2934343528452,369.79471907338814,17708000
2023-12-22,371.7997131347656,372.3952657674826,369.943597824132,370.9063993312227,17091100
2023-12-26,371.8791198730469,374.1421955445061,370.7277262449622,372.21659261542385,12673100
2023-12-27,371.29351806640625,372.2761602183441,370.042860570438,370.916333723745,14905400
2023-12-28,372.4945068359375,373.6657410910667,371.38282481133604,372.58383518172906,14327000
2023-12-29,373.2489013671875,374.36058346889905,370.7079050515424,373.2091897803934,18723000
2024-01-02,368.11724853515625,373.1099126361841,364.0476743294386,371.08504585690326,25258600
2024-01-03,367.8492736816406,370.4895337976216,365.7747900814552,366.27107889368324,23083500
2024-01-04,365.208984375,370.3306881427504,364.4447105700396,367.9187319779621,20901500
2024-01-05,365.0204162597656,369.2984233377166,363.7796942466461,366.23136215621287,20987000
2024-01-08,371.9089050292969,372.41512930069973,366.2710715059576,366.5588972016775,23134000
2024-01-09,373.000732421875,373.19922976065686,368.43486955500396,369.2487904298809,20830000
2024-01-10,379.9289245605469,381.3185574608793,373.5268170885799,373.5764338531353,25514200
2024-01-11,381.7751159667969,387.780198154709,377.5566612901961,383.1349423924486,27850800
2024-01-12,385.58660888671875,385.79504169441134,381.79495530873476,382.6287168305684,21645700
2024-01-16,387.3732604980469,391.10536207750914,384.74293583850687,390.73811320122354,27202300
2024-01-17,386.5791931152344,387.2144270180735,381.95377793571856,385.1002622072083,22234100
2024-01-18,390.946533203125,391.0656376681701,387.2243672151433,388.81249742822837,23392100
2024-01-19,395.7109069824219,395.7109069824219,390.5792676975653,392.82250266388587,29272000
2024-01-22,393.5669860839844,397.6464658141932,390.6686459266767,397.0509131472322,27016900
2024-01-23,395.939208984375,396.415657149676,391.0060969711238,392.81259552044173,20525900
2024-01-24,399.572021484375,402.61924187375655,397.47769736538817,398.5596032745269,24867000
2024-01-25,401.8648986816406,403.9890293414655,399.54227067121064,401.318993103645,21021200
2024-01-26,400.9318542480469,403.15524862311014,399.4429878794264,401.3685908061273,17803300
2024-01-29,406.67889404296875,406.93697391119514,401.3288862582104,403.0460564049105,24510200
2024-01-30,405.5572814941406,409.984169147339,403.4331811629269,409.2000546460513,33477600
2024-01-31,394.6289978027344,412.2373454227937,394.261748929001,403.9393807478181,47871100
2024-02-01,400.7829895019531,404.97166826278436,398.8176749129533,398.8474510298594,30657700
2024-02-02,408.167724609375,409.58710317790053,400.564577252774,400.8127216301132,28245000
2024-02-05,402.6391296386719,408.108242345963,400.9914470557423,406.8575847766276,25352300
2024-02-06,402.4802551269531,404.941858319471,399.9194184137475,402.8673749054602,18382600
2024-02-07,410.9767761230469,411.22492054294753,404.3761406119027,404.4158522005855,22340500
2024-02-08,411.0362854003906,412.4755350018156,409.4680261585971,410.97673316912403,21225300
2024-02-09,417.4284973144531,417.6965126525744,412.0090321031855,412.16784815401843,22032800
2024-02-12,412.17779541015625,417.61710142417604,411.6715711268413,417.43844472102916,21202900
2024-02-13,403.3041076660156,407.0262733888095,400.3958627844609,401.93434583345754,27824900
2024-02-14,407.20220947265625,407.55026012610176,402.309714028661,405.7901598689575,20401200
2024-02-15,404.2886047363281,406.844253795532,402.0312978280853,405.8597944956463,21825500
2024-02-16,401.8025817871094,406.00896040801706,401.1860504791686,405.68078706857665,22281100
2024-02-20,400.5396728515625,402.2301569631396,395.7863793073486,400.98714055150333,24307900
2024-02-21,399.93304443359375,400.0424456526566,395.0007640638113,397.9342947827931,18631100
2024-02-22,409.35015869140625,410.52355890092315,406.2873796052456,407.89832401951116,27009900
2024-02-23,408.0474548339844,413.5366040464478,406.68511378584776,413.3476934827694,16295900
2024-02-26,405.26312255859375,409.8573062169829,405.0841051371281,409.1612049093751,16193500
2024-02-27,405.2034912109375,406.0387946357455,401.5937665324974,405.71062129384273,14835800
2024-02-28,405.442138671875,407.0132981269282,403.0555531345534,405.89956023265023,13183100
2024-02-29,411.3290710449219,411.8859399826613,403.65220029227874,406.35700528147635,31947300
2024-03-01,413.17864990234375,413.54657789991296,408.58446615968444,408.97227149463464,17800300
2024-03-04,412.6018981933594,415.0183147511929,410.01641805524184,411.1301558754575,17596000
2024-03-05,400.40045166015625,411.9356503526025,398.4017018502844,411.647262039844,26919200
2024-03-06,399.84356689453125,402.8964224494763,396.16425656691945,400.71865529372803,22344100
2024-03-07,406.85418701171875,407.4905956100929,399.99271239952117,403.8510400518644,18718500
2024-03-08,403.95050048828125,408.12704774835913,402.07104511712214,405.6807696131603,17971700
2024-03-11,402.2599792480469,403.4135020941874,399.01821315419863,401.50424592249806,16120800
2024-03-12,412.9598693847656,413.2482576798519,404.5173119089149,405.3426614260634,22457000
2024-03-13,412.7809143066406,415.8436935276916,409.15131229350845,415.76415382654346,17115900
2024-03-14,422.8443603515625,425.42984060788893,415.6547423607053,417.89217194553146,34157300
2024-03-15,414.0935363769531,420.23900234731536,410.48381179475484,416.9474972557258,45049800
2024-03-18,414.9884948730469,418.3794472894522,411.4682638941532,411.93563927933707,20106000
2024-03-19,419.0556335449219,419.31419066533897,413.2283569229008,415.4956176064084,19837900
2024-03-20,422.85430908203125,423.58021124975613,418.309833763603,419.6423437252515,17860100
2024-03-21,426.9711608886719,428.4130720663961,424.7735163679568,427.42858243141376,21296200
2024-03-22,426.3446960449219,427.45843394827926,423.689629855147,427.29935454529834,17636500
2024-03-25,420.4975280761719,425.0221260957636,419.2545116444842,422.8642362176382,18060500
2024-03-26,419.2942810058594,423.61003025382604,418.9959692122293,423.2321484171748,16725600
2024-03-27,419.0755310058594,422.0786781731288,416.6690681514724,422.0687243304564,16705000
2024-03-28,418.3694763183594,419.5130453021147,416.77840930540117,418.60812574882544,21871200
2024-04-01,422.1979675292969,425.49942622936265,419.8610907281335,421.581436276879,16316000
2024-04-02,419.0854797363281,420.02023052369515,415.5055863322716,417.76289325444293,17912000
2024-04-03,418.10101318359375,420.8953116547113,416.7485955445773,417.3850345151922,16502300
2024-04-04,415.54534912109375,426.2750749166042,415.2370834893159,422.61561166210583,19370900
2024-04-05,423.14263916015625,424.127128736723,415.98288325528824,417.66344377349407,16544300
2024-04-08,422.2178649902344,424.89283872354207,420.9350635621418,422.7946415969465,14272400
2024-04-09,423.8984375,425.35027220569395,419.26446856697675,424.05754724607453,12512300
2024-04-10,420.8952941894531,421.6609813438137,417.3551860167775,419.8312648998415,16216600
2024-04-11,425.5391845703125,426.97114184178974,420.00029639849294,423.4409875256396,17966400
2024-04-12,419.54290771484375,422.804581678046,417.42480282053265,421.68088994748047,19232100
2024-04-15,411.3290710449219,424.43542911406485,411.12022243295877,424.21665700659,20273500
2024-04-16,412.2637939453125,416.06245949451596,411.4185670381559,412.2538704497416,16765600
2024-04-17,409.5390930175781,416.53976983372166,408.0375195051445,414.91887160320215,15855500
2024-04-18,402.0113830566406,409.5888365595163,401.6931939204708,408.3358663111444,21029900
2024-04-19,396.8901672363281,403.21465058171344,395.54770342907875,401.77273939113434,30276500
2024-04-22,398.7198791503906,400.5993345281771,393.5389952527112,397.84479074255864,20286900
2024-04-23,405.29296875,405.9194538806366,400.8081557996997,401.98155601580095,15734500
2024-04-24,406.774658203125,410.1656108320905,404.50739733751277,407.2718647995056,15065300
2024-04-25,396.8106384277344,397.6558956886126,385.8621397543202,391.828618752875,40586500
2024-04-26,404.0499267578125,410.6925987964514,403.4930578651768,409.8672492992845,29694700
2024-04-29,400.002685546875,404.04995430979096,396.95978376637936,402.98592496673984,19582100
2024-04-30,387.1548767089844,399.91321502328896,386.99579730286666,399.24694482845587,28781400
2024-05-01,392.7335205078125,399.4756402555506,388.129382901202,390.41652094109105,23562500
2024-05-02,395.6172790527344,397.69559865870036,392.44509903650277,395.43829198934844,17709400
2024-05-03,404.3880310058594,404.87528370911673,399.61482996343045,400.03249681413615,17446700
2024-05-06,411.2296142578125,411.61741959801225,404.09965876333644,406.4763207105219,16996600
2024-05-07,407.05303955078125,412.3532781707269,406.804436285041,412.3433243290322,20018200
2024-05-08,408.24639892578125,409.9269596422026,404.4377794192568,405.8896445244435,11792300
2024-05-09,410.0164489746094,410.4142081765272,406.81443732648563,408.27622591252214,14689700
2024-05-10,412.4228820800781,413.05932103483843,409.4993051191923,410.6329506272042,13402300
2024-05-13,411.4085998535156,416.01273748411734,408.52480785647384,415.674640662803,15440200
2024-05-14,414.23272705078125,415.1575239695539,409.25070760597373,409.7180829864954,15109300
2024-05-15,421.4751281738281,422.20237002831465,415.68716952908693,416.31478463063036,22239500
2024-05-16,419.3930969238281,423.80631621551015,418.7555403717738,420.20002201107366,17530100
2024-05-17,418.61602783203125,421.31577000047076,416.4443044242217,420.93720657305465,15352200
2024-05-20,423.7265930175781,425.1511614328831,418.396880603077,418.61604731326383,16272100
2024-05-21,427.4125671386719,431.3276525035277,423.23845828138275,425.2109282566258,21453300
2024-05-22,428.8869323730469,430.76977778184096,425.5098071947049,428.4585707536916,18073700
2024-05-23,425.3802795410156,431.9552501295072,423.806286262839,431.3276350167133,17211700
2024-05-24,428.5283203125,429.42490035124973,422.80013121816387,425.5695849033528,11845800
2024-05-28,428.68768310546875,429.18578646553686,424.98179289048926,428.00029803642946,15718000
2024-05-29,427.5420837402344,429.3053588233618,424.0752731477367,424.0752731477367,15517100
2024-05-30,413.0970764160156,422.6905221136095,412.66868439774686,422.6905221136095,28424800
2024-05-31,413.5553283691406,415.16917849985816,402.97561715504287,415.16917849985816,47995300
2024-06-03,411.951416015625,414.85038138867975,407.36888915692555,413.95380136857847,17484700
2024-06-04,414.49176025390625,414.86035189643934,408.1259843675055,410.8655529993055,14348900
2024-06-05,422.4016418457031,422.47135321415044,414.72086576752366,416.22514771727197,16988000
2024-06-06,422.90966796875,423.69667979403914,418.9846110399524,422.40162321221555,14861300
2024-06-07,422.24224853515625,424.6630237069637,421.3954666942958,424.58334054159934,13621700
2024-06-10,426.2469787597656,426.4561736654937,422.28209533796144,423.08902037615866,14003000
2024-06-11,431.0387268066406,431.17821034370814,423.6369179932823,423.8660564891145,14551100
2024-06-12,439.386962890625,441.7180831231833,431.6065903189822,433.6687456637979,22366200
2024-06-13,439.9049987792969,441.70816111194614,437.7033901966821,439.1777872502892,15960600
2024-06-14,440.8912353515625,441.4590805041377,435.06341969503586,436.61749981653395,13582000
2024-06-17,446.6692199707031,449.2294786395013,439.04824433956117,440.91114611586056,20790000
2024-06-18,444.6469421386719,448.4325462425365,443.2024605110735,448.00415421057704,17112500
2024-06-20,444.0093688964844,444.836207137568,439.59614980649565,444.60706863615064,19877400
2024-06-21,448.0738830566406,448.87083631771554,444.8162978396789,445.68299287159783,34486200
2024-06-24,445.971923828125,451.0326411348473,444.7166934969366,448.09381883309726,15913700
2024-06-25,449.23944091796875,449.7076593011684,445.05536045525633,446.54967056310835,16747500
2024-06-26,450.4448547363281,451.87939491079237,446.4899126612236,447.29683770913255,16507000
2024-06-27,451.1322326660156,454.43964637133854,450.0563123513601,450.4647607669407,14806300
2024-06-28,445.254638671875,453.65265464759193,444.7166784906869,451.3514193859445,28362300
2024-07-01,454.9975280761719,455.6350845987226,443.9695118583906,446.9581321622781,17662800
2024-07-02,457.537841796875,457.8466634618686,451.39123268024355,451.48091804269,13979800
2024-07-03,459.0221862792969,459.27123797386463,456.143164499039,456.4519861681576,9932800
2024-07-05,465.78643798828125,466.5734498542255,457.2290254263628,457.8665819543775,16000300
2024-07-08,464.471435546875,465.9259193229851,462.69818870917646,464.7802572139819,12962300
2024-07-09,457.796875,465.55730397446223,456.26270803688647,465.2285691118471,17207200
2024-07-10,464.4814147949219,464.6906097078431,457.1194320404737,459.4704958685422,18196100
2024-07-11,452.9752197265625,463.0169703529818,449.8371441541028,461.22381037027674,23111200
2024-07-12,451.8295593261719,454.6288978616777,448.94056583137933,452.6065993751412,16324300
2024-07-15,452.238037109375,455.52553783912686,449.7176350841416,451.58053696342466,14429400
2024-07-16,447.81488037109375,452.5767477715214,444.9657434486552,452.4970646024392,17175700
2024-07-17,441.8376159667969,443.16258799675774,437.51408223046485,440.91115096654386,21778000
2024-07-18,438.6995849609375,442.9633488615893,432.7522291311158,442.65452718481316,20794800
2024-07-19,435.4519348144531,439.4666773586476,430.36133271708457,431.4571662650149,20940400
2024-07-22,441.25982666015625,442.9135335372959,437.2451146156544,440.11419496144765,15808800
2024-07-23,443.16259765625,446.6891782136702,441.4192357696415,442.2161890427922,13107100
2024-07-24,427.2730712890625,439.80536929637776,425.9680428717,438.7792775544404,26805800
2024-07-25,416.8128967285156,428.1696475602488,415.9262885329197,427.1734408135737,29943800
2024-07-26,423.6568298339844,427.29300876037615,415.6871759053529,416.61367127993725,23583800
2024-07-29,425.111328125,430.51075182155637,423.0890295874203,429.942906663257,15125800
2024-07-30,421.3157958984375,427.4225180835465,415.77685808571965,426.09757640796397,32687600
2024-07-31,416.76312255859375,420.18010460008077,410.64639818879624,418.90496110695756,42891400
2024-08-01,415.5278015136719,425.838547918417,411.52306114392917,419.19386562327855,30296400
2024-08-02,406.94049072265625,413.42580647571236,402.80623873826266,410.9253177730246,29437900
2024-08-05,393.6510925292969,399.51876489974967,384.1173866027343,387.6937956010728,40709200
2024-08-06,398.09417724609375,404.1312183098937,396.9884023118245,398.48271248363807,24946500
2024-08-07,396.9186706542969,408.5244738707381,395.9623206324772,407.08996403891814,20650900
2024-08-08,401.1625061035156,404.32046453514727,398.42293748970286,400.9134544113508,20203000
2024-08-09,404.4798583984375,406.5021569084041,400.73414164807366,402.4974166714437,19276700
2024-08-12,405.2668762207031,407.2094915951495,402.7066175092627,405.5159279147697,16762900
2024-08-13,412.4395751953125,413.3760119926634,408.01641469772835,408.03632788850376,19414300
2024-08-14,415.27874755859375,416.13550120626286,410.88550237176327,413.22656400495976,18267000
2024-08-15,420.1889343261719,420.2687611144248,416.82567123071317,418.9613804533999,20752100
2024-08-16,417.634033203125,420.4982949962473,416.46635708464305,419.7597830235576,22775600
2024-08-19,420.68792724609375,420.90748898024606,415.6280480476388,418.12305390999944,15234000
2024-08-20,423.9513854980469,425.0092655510223,420.7977248783259,420.85760258271205,16387600
2024-08-21,423.292724609375,425.5481891739701,420.87754555991404,423.2328164492432,16067300
2024-08-22,414.7198791503906,425.93744667495105,413.78175447140427,423.51227773093285,19361900
2024-08-23,415.9573974609375,418.4224644213377,411.2667743519609,416.14702033916933,18493800
2024-08-26,412.6639709472656,416.4464082807184,410.51827204332665,415.53822251165116,13152800
2024-08-27,413.0132751464844,413.53222538686055,409.4304504838206,412.03522191159976,13492900
2024-08-28,409.77978515625,414.1709895566114,406.49634878347894,414.05123414353307,14882700
2024-08-29,412.29473876953125,421.2068927223571,409.77978373376925,414.11111041255606,17045200
2024-08-30,416.30670166015625,416.655978106258,411.3067002995332,414.76976956217663,24308300
2024-09-03,408.6220703125,419.04121691819955,406.2168810784247,417.07515113927735,20313600
2024-09-04,408.0831604003906,410.41848227651053,403.5622109113736,405.09914307922884,15135800
2024-09-05,407.5741882324219,412.2747707026805,405.31869320908027,406.80570694219614,14195500
2024-09-06,400.8975524902344,409.82965516660903,399.9993260182044,408.2428350994982,19609500
2024-09-09,404.9095153808594,407.83365496197575,401.34663967543116,406.42646799117773,15295100
2024-09-10,413.3725891113281,415.4983085515719,406.8855737804821,407.3845749597779,19594300
2024-09-11,422.1949157714844,423.14299971452004,408.7617824312734,414.66996964762023,19266900
2024-09-12,426.1470031738281,426.5162591700305,418.91148614101724,422.4643720681856,17418800
2024-09-13,429.7298278808594,430.9673410477323,424.61007095648097,424.97932695262114,15874600
2024-09-16,430.47833251953125,432.663960115382,427.36457004232324,429.7398205223156,13834700
2024-09-17,434.2807312011719,440.96735935499987,431.40647946288897,439.35060036636963,18874200
2024-09-18,429.94940185546875,435.1589754847829,429.5502069957536,434.13103425412396,18898000
2024-09-19,437.81365966796875,440.61804387535744,436.0272269078699,440.3485942013553,21706600
2024-09-20,434.4004821777344,438.3625528190564,433.35259186813613,436.34659898883444,55167100
2024-09-23,432.6440124511719,435.5881011366269,429.53024996375467,433.41246330331813,15128900
2024-09-24,428.31268310546875,432.48432563013114,425.24880857311865,432.1350187153662,17015800
2024-09-25,431.2467956542969,432.25478780854195,427.7138891426906,428.9713514363913,13396400
2024-09-26,430.4483947753906,434.4304144393862,428.27275694361356,434.2208424719693,14492000
2024-09-27,427.1649475097656,430.98731349999593,426.6160584093853,430.6579556744764,14896100
2024-09-30,429.4403991699219,429.5601850355194,424.5202548923187,427.3545779124989,16807300
2024-10-01,419.849609375,427.6240561781871,417.9733600914629,427.59411732607174,19092900
2024-10-02,416.2967224121094,421.9753581830839,415.87754802693416,421.735816910149,16582300
2024-10-03,415.7079162597656,418.7118826868124,413.46241092439135,416.79573518966424,13686400
2024-10-04,415.2288513183594,418.91148239103603,414.141032422096,417.4044891108862,19169700
2024-10-07,408.7218933105469,416.27674799671047,408.1829635105781,415.16898000097916,20919800
2024-10-08,413.8815612792969,414.8296757293512,407.3546475987459,410.0791746223265,19229300
2024-10-09,416.62603759765625,419.5402177563071,413.47234662969106,415.0292278034618,14974300
2024-10-10,415.0093078613281,416.5163012078428,412.3246790108455,414.4005410260384,13848400
2024-10-11,415.48834228515625,416.2967217455578,412.42446778596707,415.30870917320357,14144900
2024-10-14,418.302734375,423.1929399714268,416.6859449273295,416.93544552364324,16653100
2024-10-15,417.90350341796875,421.6360529989684,414.4304746563672,421.33663401346166,18900200
2024-10-16,415.2887268066406,415.5282376209468,409.66000947414466,414.34064286226896,15508900
2024-10-17,415.8875427246094,421.65599512005826,414.7597951900465,421.5162601711392,14820000
2024-10-18,417.3246765136719,418.81169030533886,415.4284780937268,416.30672505621476,17145300
2024-10-21,417.94342041015625,418.1230535224922,412.92346983800354,415.28873052027103,14206100
2024-10-22,426.656005859375,429.719850009177,417.20492213264845,417.65400492824705,25482200
2024-10-23,423.7518005371094,430.2188362215334,421.68592837942305,429.99927448801196,19654400
2024-10-24,423.8815612792969,425.1290642527003,421.55619868116815,424.48033834123805,13581600
2024-10-25,427.2947082519531,431.6559737319955,425.7178779096375,425.9075007963015,16899100
2024-10-28,425.7378234863281,431.0771422085262,425.44839427381163,430.79770276573566,14882400
2024-10-29,431.0871276855469,432.3046917719988,424.94938886176953,427.14500621655657,17644100
2024-10-30,431.66595458984375,437.6240298288107,431.2368208895649,436.566149775902,29749100
2024-10-31,405.53826904296875,415.3286698537771,405.4883506505116,414.53024968400064,53971000
2024-11-01,409.55023193359375,414.669989017628,406.6859699751707,408.1929633155515,24230400
2024-11-04,407.64404296875,409.6001495592508,404.75983193250556,408.98136250106245,19672300
2024-11-05,410.6380310058594,414.0711614645437,407.26477825056725,407.55420745470553,17626000
2024-11-06,419.3406066894531,419.6100868075599,409.6999006422783,411.5961294118678,26681800
2024-11-07,424.58013916015625,425.997315920461,419.041238212776,420.4384354335317,19901800
2024-11-08,421.6959228515625,425.6480036424066,420.9374313170091,424.4703681752109,16891400
2024-11-11,417.1749572753906,423.9613608320793,415.16896287691225,421.67592700377526,24503300
2024-11-12,422.1849365234375,423.59212350380113,416.3665961739424,417.41448646778457,19401200
2024-11-13,424.3506164550781,428.4723406260961,417.37455923502137,420.7977304833057,21502200
2024-11-14,426.0372314453125,427.3146732159619,419.1609807373746,424.1509924128195,30246900
2024-11-15,414.1709899902344,421.95539641463347,412.8137213651046,418.981368798022,28247600
2024-11-18,414.9294738769531,417.56418428856415,411.27678155870234,414.04123715109023,24742000
2024-11-19,416.9554138183594,417.10510808078726,410.727858391825,412.28473963430486,18133500
2024-11-20,414.65997314453125,416.4563955899673,409.7597781109004,416.0372212157148,19191700
2024-11-21,412.8699951171875,419.7799987792969,410.2900085449219,419.5,20780200
2024-11-22,417.0,417.3999938964844,411.05999755859375,411.3699951171875,24814600
2024-11-25,418.7900085449219,421.0799865722656,414.8500061035156,418.3800048828125,27691100
2024-11-26,427.989990234375,429.0400085449219,418.8500061035156,419.5899963378906,23458900
2024-11-27,422.989990234375,427.2300109863281,422.0199890136719,425.1099853515625,18332400
2024-11-29,423.4599914550781,424.8800048828125,417.79998779296875,420.0899963378906,16271900
2024-12-02,430.9800109863281,433.0,421.30999755859375,421.57000732421875,20207200
2024-12-03,431.20001220703125,432.4700012207031,427.739990234375,429.8399963378906,18302000
2024-12-04,437.4200134277344,439.6700134277344,432.6300048828125,433.0299987792969,26009400
2024-12-05,442.6199951171875,444.6600036621094,436.1700134277344,437.9200134277344,21697800
2024-12-06,443.57000732421875,446.1000061035156,441.7699890136719,442.29998779296875,18821000
2024-12-09,446.0199890136719,448.3299865722656,440.5,442.6000061035156,19144400
2024-12-10,443.3299865722656,449.6199951171875,441.6000061035156,444.3900146484375,18469500
2024-12-11,448.989990234375,450.3500061035156,444.04998779296875,444.04998779296875,19200200
2024-12-12,449.55999755859375,456.1600036621094,449.1099853515625,449.1099853515625,20834800
2024-12-13,447.2699890136719,451.42999267578125,445.5799865722656,448.44000244140625,20177800
2024-12-16,451.5899963378906,452.17999267578125,445.2799987792969,447.2699890136719,23598800
2024-12-17,454.4599914550781,455.2900085449219,449.57000732421875,451.010009765625,22733500
2024-12-18,437.3900146484375,452.6499938964844,437.0199890136719,451.32000732421875,24444500
2024-12-19,437.0299987792969,443.17999267578125,436.32000732421875,441.6199951171875,22963700
2024-12-20,436.6000061035156,443.739990234375,428.6300048828125,433.1099853515625,64263700
2024-12-23,435.25,437.6499938964844,432.8299865722656,436.739990234375,19152500
2024-12-24,439.3299865722656,439.6000061035156,434.19000244140625,434.6499938964844,7164500
2024-12-26,438.1099853515625,440.94000244140625,436.6300048828125,439.0799865722656,8194200
2024-12-27,430.5299987792969,435.2200012207031,426.3500061035156,434.6000061035156,18117700
2024-12-30,424.8299865722656,427.54998779296875,421.8999938964844,426.05999755859375,13158700
2024-12-31,421.5,426.7300109863281,420.6600036621094,426.1000061035156,13246500
2025-01-02,418.5799865722656,426.07000732421875,414.8500061035156,425.5299987792969,16896500
2025-01-03,423.3500061035156,424.0299987792969,419.5400085449219,421.0799865722656,16662900
2025-01-06,427.8500061035156,434.32000732421875,425.4800109863281,428.0,20573600
2025-01-07,422.3699951171875,430.6499938964844,420.79998779296875,429.0,18139100
2025-01-08,424.55999755859375,426.9700012207031,421.5400085449219,423.4599914550781,15054600
2025-01-10,418.95001220703125,424.7099914550781,415.0199890136719,424.6300048828125,20201100
2025-01-13,417.19000244140625,418.5,412.2900085449219,415.239990234375,17604800
2025-01-14,415.6700134277344,419.739990234375,410.7200012207031,417.80999755859375,16935900
2025-01-15,426.30999755859375,428.1499938964844,418.2699890136719,419.1300048828125,19637800
2025-01-16,424.5799865722656,429.489990234375,424.3900146484375,428.70001220703125,15300000
2025-01-17,429.0299987792969,434.4800109863281,428.1700134277344,434.0899963378906,26148000
2025-01-21,428.04998779296875,430.7900085449219,425.5950012207031,430.0400085449219,4237157
