Date,Close,High,Low,Open,Volume
2015-01-02,26.074962615966797,26.395926202137996,26.039687067815283,26.283637790337135,28951268
2015-01-05,25.531414031982422,26.05111497609867,25.49117052492575,25.99795173534796,41196796
2015-01-06,24.93967056274414,25.64593794847718,24.894459096025084,25.58755777971531,57998800
2015-01-07,24.896944046020508,25.202205556277463,24.824901037246317,25.19008213967972,41301082
2015-01-08,24.975444793701172,25.01519226703752,24.39512864215862,24.742423948415887,67071641
2015-01-09,24.65199851989746,25.08673673664131,24.583433464856444,25.078788762580785,41427428
2015-01-12,24.472139358520508,24.642359422252323,24.224212738144885,24.59088574161689,46535413
2015-01-13,24.652494430541992,24.99034794407595,24.464189023106176,24.78465468051605,47409807
2015-01-14,24.885517120361328,25.00277160186067,24.494498435404136,24.576479265830024,44714427
2015-01-15,24.931224822998047,25.124498190496986,24.730995552799406,25.11903229537012,54316718
2015-01-16,25.24374008178711,25.24920597680009,24.8422875778659,24.842785514059713,45965854
2015-01-20,25.18511199951172,25.46334429130835,25.141190987862515,25.38881920996693,44640224
2015-01-21,25.73859977722168,25.800208929407713,25.150333766579397,25.202503036638518,45374234
2015-01-22,26.550941467285156,26.64733013497606,25.821077208594602,25.90951410103029,53538588
2015-01-23,26.827186584472656,26.937487053085505,26.481879238422092,26.610563435223717,45634948
2015-01-26,26.59168243408203,26.77998784275595,26.31643204265648,26.756636155183394,30874534
2015-01-27,25.767913818359375,26.367607664739854,25.746052138092043,26.33133624268456,38080263
2015-01-28,25.339134216308594,25.98453743060079,25.339134216308594,25.974103576998196,33676205
2015-01-29,25.37192726135254,25.39329100546423,24.901911587256095,25.38882098267705,83727244
2015-01-30,26.557401657104492,26.823214074894498,25.61339440686337,25.63028812844617,112127002
2015-02-02,26.257307052612305,26.481880083421103,25.763937793964395,26.418780922967134,56996054
2015-02-03,26.29506492614746,26.501752151376913,25.99795097083776,26.23345577715605,40773638
2015-02-04,25.97311019897461,26.46558429923668,25.89908115073781,26.295065859467172,33273101
2015-02-05,26.212589263916016,26.258300567214366,25.93982095428318,26.024285757729402,36995292
2015-02-06,26.382511138916016,26.69055499967866,26.154458258482332,26.215571375055735,35270570
2015-02-09,26.225011825561523,26.432197002437963,26.1350830249429,26.233457735996225,25355423
2015-02-10,26.677637100219727,26.71539852919702,26.17979782500845,26.298046269798736,34997823
2015-02-11,26.62944221496582,26.75266051222041,26.500659195893032,26.596152711083423,27555446
2015-02-12,26.975248336791992,27.06915302705736,26.565004002932607,26.69304203133127,32404724
2015-02-13,27.27733039855957,27.322045828801354,26.985184392892418,26.996116182876722,38006060
2015-02-17,26.97077751159668,27.32651872401718,26.883828726900383,27.169018840184357,32336537
2015-02-18,26.814769744873047,27.10244386027685,26.70595927139014,26.899234556725716,29061570
2015-02-19,26.972267150878906,26.984191012468756,26.730800401345128,26.732290408913894,19782163
2015-02-20,26.777503967285156,27.015990703382016,26.6209961558529,26.985185176782075,28887092
2015-02-23,26.427724838256836,26.652746392342078,26.303512560297808,26.633418105137288,29157834
2015-02-24,26.635404586791992,26.670184098732104,26.245877854102282,26.332824733432787,20101036
2015-02-25,27.021953582763672,27.13871202517843,26.60336026529423,26.625966949961335,36519991
2015-02-26,27.59878921508789,27.631582685820586,26.904200508678702,26.98916134992092,46230579
2015-02-27,27.743867874145508,28.057377620488136,27.47060163458516,27.53718064424735,48203982
2015-03-02,28.38678741455078,28.427030921757044,27.761257922799157,27.849696712142073,42592618
2015-03-03,28.501062393188477,28.58800927606707,28.147307229327193,28.342568539822057,34095352
2015-03-04,28.487646102905273,28.673465627361082,28.221337663511513,28.41311911864571,37536775
2015-03-05,28.58502960205078,28.713215866807992,28.4896349072752,28.569625888436484,27792094
2015-03-06,28.205188751220703,28.652101685585848,28.159230381228323,28.56266892498989,33182854
2015-03-09,28.263072967529297,28.333624064045683,27.998999540484462,28.16419842423247,21242161
2015-03-10,27.575441360473633,28.064336833262193,27.561529553890704,28.03452717667022,35846146
2015-03-11,27.385147094726562,27.730952403504176,27.360305398293793,27.581898423867617,36415706
2015-03-12,27.60028076171875,27.643008249366183,27.349372228371998,27.50091208047838,27792094
2015-03-13,27.193363189697266,27.743867752793758,27.03934126467322,27.500413067893884,34071287
2015-03-16,27.550596237182617,27.666858642753716,27.12777996855501,27.373718649290844,32819860
2015-03-17,27.368255615234375,27.515321652827353,27.22715150883895,27.411481041806635,36110871
2015-03-18,27.79852294921875,27.812434755075127,27.177465346327335,27.450729703329195,42690887
2015-03-19,27.72349739074707,27.863109571728604,27.631827721029357,27.793054513150327,23945563
2015-03-20,27.841249465942383,27.908822449542164,27.776164262838513,27.905344498199522,52337299
2015-03-23,27.764238357543945,27.940619903222608,27.616178358663518,27.84472917421276,32876014
2015-03-24,28.329648971557617,28.548261970798297,27.88348292762274,27.950556074762584,51665459
2015-03-25,27.762998580932617,28.43249853983231,27.760763569487864,28.34505371705635,43045859
2015-03-26,27.583389282226562,27.768710877258535,27.358812448858554,27.703623772572296,31452115
2015-03-27,27.244041442871094,27.588852760125935,27.233607588868285,27.475572274181083,37949906
2015-03-30,27.427379608154297,27.498924679956808,27.235596244077705,27.40700793529864,25750504
2015-03-31,27.227149963378906,27.56053345892199,27.163552866681563,27.326518645231122,31760961
2015-04-01,26.956867218017578,27.38315955348473,26.804831320323984,27.25696122506429,39261497
2015-04-02,26.60758399963379,26.871906419883636,26.52396492093641,26.871906419883636,34327989
2015-04-06,26.668941497802734,26.750673351900943,26.31146132506801,26.44312553593223,26488525
2015-04-07,26.681610107421875,26.963322254501623,26.63093274737842,26.7342773116793,26057345
2015-04-08,26.909664154052734,27.020958597470763,26.749184256473868,26.749184256473868,23570536
2015-04-09,26.86842918395996,26.92656039056577,26.605598664904697,26.88084908245177,31157308
2015-04-10,26.830167770385742,26.94344825099067,26.696019582758886,26.94344825099067,28189181
2015-04-13,26.788433074951172,27.03139172721265,26.696020298889167,26.750673547243203,32906096
2015-04-14,26.352203369140625,26.708938546249662,26.238029639412833,26.64335540741576,52082601
2015-04-15,26.458528518676758,26.56783501942129,25.995966685093467,26.26823706453434,46376979
2015-04-16,26.52162742614746,26.61056415390058,26.313450181342493,26.327858022463452,25997180
2015-04-17,26.03720474243164,26.3248769414049,25.88616282163621,26.266249702651375,43037837
2015-04-20,26.600130081176758,26.63540563016079,26.059561418463208,26.114214667864307,33585958
2015-04-21,26.530075073242188,26.79936543326775,26.515416363589082,26.70595678284115,36895018
2015-04-22,26.798124313354492,26.88333412690747,26.41977639670739,26.55144062026763,31871263
2015-04-23,27.177465438842773,27.37421676482424,26.841101918641566,26.879359384876842,83697161
2015-04-24,28.07476806640625,28.37684999460812,27.686731327061135,28.1264394000203,98650102
2015-04-27,27.669082641601562,28.196189948265708,27.560971564440333,28.06864795517064,47960000
2015-04-28,27.584884643554688,27.701466333201076,27.41977698015881,27.6327131265132,29820000
2015-04-29,27.3557071685791,27.58488324557767,27.247345232846698,27.424958307962395,33976000
2015-04-30,26.770811080932617,27.33129721291742,26.65672096934279,27.2954248993418,41644000
2015-05-01,26.798709869384766,26.880415118887147,26.50974722707963,26.82511379186474,35364000
2015-05-04,26.94219398498535,27.106106224686226,26.657218627355,26.830097519966255,26160000
2015-05-05,26.444982528686523,26.89038078259967,26.42460515375925,26.814154728357625,27662000
2015-05-06,26.117158889770508,26.52369719584847,25.960970365350782,26.466902059884887,31340000
2015-05-07,26.439998626708984,26.577505042447566,25.994100548505617,26.105699076979874,30926000
2015-05-08,26.814653396606445,26.960630437598525,26.156020587118366,26.736435595319225,30552000
2015-05-11,26.689102172851562,27.001979045888582,26.674156485148067,26.822125255179976,18106000
2015-05-12,26.3572940826416,26.56499808939359,26.168971576702663,26.484836065193385,32684000
2015-05-13,26.386192321777344,26.620450398447577,26.33811487114026,26.433023031393045,25046000
2015-05-14,26.823617935180664,26.85351120984974,26.525190726735318,26.592946155257614,28078000
2015-05-15,26.596933364868164,26.867162580723335,26.424054477269088,26.86247969981392,39426000
2015-05-18,26.519710540771484,26.645258877767947,26.347827531416957,26.505262789365986,40068000
2015-05-19,26.771804809570312,26.93621497403663,26.55657854743094,26.60340925514138,39338000
2015-05-20,26.86696434020996,27.048811789873515,26.553192298733908,26.828104408944526,28616000
2015-05-21,27.028383255004883,27.094644878520377,26.703052272260518,26.801198916791915,29254000
2015-05-22,26.908815383911133,27.112083591536067,26.878922106074562,26.910807128788285,23524000
2015-05-26,26.520709991455078,26.85351575746803,26.399147028045814,26.809672660632543,48130000
2015-05-27,26.892871856689453,26.930735914982105,26.490318932175914,26.54462248774465,30500000
2015-05-28,26.892372131347656,26.933723640935664,26.716503731552397,26.80418801309766,20596000
2015-05-29,26.51024627685547,26.83507934473126,26.4773653812955,26.77230517096409,51948000
2015-06-01,26.60390853881836,26.74340859769423,26.393167492667626,26.74340859769423,38086000
2015-06-02,26.86248016357422,27.052796324079043,26.47138548061189,26.551098986039882,38780000
2015-06-03,26.918777465820312,27.07770654107103,26.759350454358515,26.898850514777507,34340000
2015-06-04,26.738924026489258,26.932727644323332,26.62035058897903,26.791735673893236,26966000
2015-06-05,26.571027755737305,26.763835497214483,26.530672116678396,26.721486212805058,27764000
2015-06-08,26.247190475463867,26.610385524100124,26.21779703516095,26.570031785709343,30412000
2015-06-09,26.240215301513672,26.365265706624477,26.056874052073958,26.283560457739732,29106000
2015-06-10,26.73842430114746,26.821625256428568,26.372739587170035,26.373237523354504,36300000
2015-06-11,26.634798049926758,26.85251590747163,26.55558248020751,26.82486524352774,24350000
2015-06-12,26.52120590209961,26.56056376581092,26.41309293502821,26.48483565545113,19116000
2015-06-15,26.265626907348633,26.320430301206297,26.106199889137226,26.3054827116415,32654000
2015-06-16,26.31295394897461,26.38718825447231,26.183918153486474,26.3254099560978,21436000
2015-06-17,26.368257522583008,26.453950069582596,26.161002013802612,26.373738622309034,25884000
2015-06-18,26.740419387817383,26.811164340221058,26.4444818335893,26.454944195586457,36662000
2015-06-19,26.73842430114746,26.816146057879628,26.555083057714384,26.764332186898113,37870000
2015-06-22,26.813159942626953,27.08966660167633,26.780277145081605,26.88290902769886,25006000
2015-06-23,26.927248001098633,26.978014688236172,26.6666848245022,26.88539855325614,23950000
2015-06-24,26.79572105407715,26.90333419319586,26.68711204252324,26.90333419319586,25732000
2015-06-25,26.665685653686523,26.948171312334672,26.665685653686523,26.84703515201711,26714000
2015-06-26,26.48931884765625,26.7917333513895,26.47237951512037,26.766823239020173,42182000
2015-06-29,25.982641220092773,26.335871833664676,25.933816865940926,26.15651597729963,38756000
2015-06-30,25.932321548461914,26.218294670475476,25.931823612261798,26.20683643631328,44344000
2015-07-01,25.998584747314453,26.19039662508561,25.81873284166954,26.14256813970039,39220000
2015-07-02,26.076303482055664,26.13857971296423,25.96071957290142,25.96071957290142,24718000
2015-07-06,26.049400329589844,26.168473595756055,25.85709243398133,25.88200254681935,25610000
2015-07-07,26.157014846801758,26.214807756041896,25.666777642500914,26.06285358900628,31944000
2015-07-08,25.748979568481445,26.04312301697243,25.71310915789271,25.95922457067383,25934000
2015-07-09,25.940792083740234,26.094737991964422,25.924350686588962,26.062355034380264,36846000
2015-07-10,26.411602020263672,26.53266704276435,26.183421791829637,26.22028997869469,39134000
2015-07-13,27.22966194152832,27.257561574771685,26.524696365379764,26.548608707714095,44130000
2015-07-14,27.954557418823242,28.191156944429107,27.237633792833833,27.240123473926143,64882000
2015-07-15,27.91071319580078,28.22373831619842,27.739827954305056,27.906229869496066,35692000
2015-07-16,28.88869857788086,28.93005008682979,28.14885664343485,28.15483567860138,95366000
2015-07-17,33.52603530883789,33.60266046476253,32.13453555282244,32.333820254443204,223298000
2015-07-20,33.032310485839844,33.324260728476766,32.53360269908987,32.84398798334731,117218000
2015-07-21,32.99644470214844,33.529529164960664,32.59787524539311,32.643214051017644,67544000
2015-07-22,32.98647689819336,33.81051573518716,32.832033046109885,32.92619240582173,78586000
2015-07-23,32.098663330078125,33.06269812588901,31.935249047748766,32.94512057668697,60582000
2015-07-24,31.066373825073242,32.29246947296133,31.014559953526,32.234176729385894,72514000
2015-07-27,31.250715255737305,31.601454313005565,30.913924114422482,30.93883422947927,53508000
2015-07-28,31.287582397460938,31.528218638727722,31.053922965141606,31.528218638727722,34546000
2015-07-29,31.48337745666504,31.554620344656414,31.021037986952024,31.32743790049526,31502000
2015-07-30,31.516258239746094,31.64728768146669,30.991146500973198,31.387222443366138,29484000
2015-07-31,31.16851043701172,31.532203441463903,31.163029337412315,31.455977386424745,34122000
2015-08-03,31.4475040435791,31.539473998096376,31.15505585666371,31.15505585666371,26090000
2015-08-04,31.349857330322266,31.626861910905866,31.24573164449281,31.308505817723205,29818000
2015-08-05,32.07375717163086,32.27702918933716,31.544660004184777,31.6029489527529,46686000
2015-08-06,32.018951416015625,32.15342079856914,31.499318876509022,32.13453723318694,31452000
2015-08-07,31.651273727416992,32.01895210957302,31.372775341354714,31.896893119096394,28078000
2015-08-10,31.573057174682617,32.05681933179797,31.44945115612981,31.859528253044804,36184000
2015-08-11,32.92071533203125,33.62418518908258,32.59638019961066,33.34020569725956,100584000
2015-08-12,32.85993576049805,33.13096133191671,32.49773463711635,33.03530435352419,58734000
2015-08-13,32.704986572265625,33.10604568594942,32.466395303266246,32.84807291494864,36214000
2015-08-14,32.73836898803711,32.8746286702273,32.51616779127651,32.633247425588664,21442000
2015-08-17,32.925193786621094,32.95060373604633,32.445418971908715,32.72242353051957,21034000
2015-08-18,32.68904495239258,33.08113741245336,32.556023763371435,32.976513791816515,29122000
2015-08-19,32.926692962646484,33.23060132876872,32.5923952803281,32.71246633840443,42682000
2015-08-20,32.2257080078125,33.03081761220153,32.029912656102816,32.65566260408594,57106000
2015-08-21,30.514358520507812,31.887921209864768,30.5068856765764,31.874471231100113,85304000
2015-08-24,29.37495231628418,29.859212385594454,28.151350099977964,28.547426046527228,115406000
2015-08-25,28.998804092407227,30.761967637061957,28.9514735469816,30.635423425826012,70760000
2015-08-26,31.31846809387207,31.47241589905319,29.845261167410133,30.408238843473573,84718000
2015-08-27,31.766361236572266,32.064290534648336,30.988655196346865,31.855539331095322,69826000
2015-08-28,31.40615463256836,31.729991826264847,31.11619800774183,31.527719489650195,39574000
2015-08-31,30.80182647705078,31.67618535614567,30.773428908953726,31.26466388528343,43534000
2015-09-01,29.782487869262695,30.53329013785481,29.59864868332674,30.01017014769595,74042000
2015-09-02,30.607025146484375,30.607025146484375,29.878145361544096,30.17109149690923,51512000
2015-09-03,30.203975677490234,30.874566548260542,30.033139837541157,30.739551708782717,35192000
2015-09-04,29.927467346191406,30.06547169584022,29.655943873780764,29.892592806625267,41780000
2015-09-08,30.622968673706055,30.705173761070448,30.09785502782864,30.51485759970773,45590000
2015-09-09,30.526315689086914,31.21384586106073,30.370874068462225,30.94979523074233,34042000
2015-09-10,30.956270217895508,31.096268213579215,30.46204762601675,30.545248585182698,38106000
2015-09-11,31.17647933959961,31.17697727580229,30.76047454797814,30.876556400358094,27470000
2015-09-14,31.050432205200195,31.18096180593717,30.860613988622006,31.172991025874403,34046000
2015-09-15,31.64330291748047,31.820665136551987,31.077335691923835,31.222812888553264,41688000
2015-09-16,31.685152053833008,31.783298701788116,31.502806673366464,31.659744003476476,25730000
2015-09-17,32.02991485595703,32.42848049444752,31.637324452154804,31.775328807006403,45494000
2015-09-18,31.349857330322266,31.885433348705284,31.238756736356102,31.725508397782146,102668000
2015-09-21,31.658248901367188,31.71056071223363,31.184951021950805,31.606435026720433,35770000
2015-09-22,31.02303123474121,31.265161264607364,30.66132999854369,31.237759569417257,51258000
2015-09-23,31.006591796875,31.333916450718867,30.889014228435858,30.991148171602045,29418000
2015-09-24,31.177974700927734,31.253700913807492,30.510373396450106,30.721614275741665,44802000
2015-09-25,30.488948822021484,31.37576368608788,30.440622403645214,31.37576368608788,43480000
2015-09-28,29.63800621032715,30.62022716816141,29.363493225323676,30.407741448903526,62554000
2015-09-29,29.64199447631836,30.141698172097296,29.405343639613925,29.757080458510934,46190000
2015-09-30,30.31208610534668,30.329025439511827,29.92896409304057,30.056006248499298,48268000
2015-10-01,30.4550724029541,30.4949282048778,29.88511980144227,30.309595209970855,37352000
2015-10-02,31.2332763671875,31.254699027016194,30.048532199218094,30.251304364326575,53696000
2015-10-05,31.958669662475586,32.03539364688462,31.23775878960001,31.486863721095194,36072000
2015-10-06,32.156455993652344,32.34627610592859,31.7125515940412,31.82763756791821,43326000
2015-10-07,32.00300979614258,32.41398201210646,31.49433755564112,32.34577995634449,41854000
2015-10-08,31.843584060668945,32.107136762531056,31.166018294504617,31.95319084652492,43642000
2015-10-09,32.065284729003906,32.18385815836954,31.652168743409938,31.885430939701337,32974000
2015-10-12,32.21773910522461,32.30891084679026,31.83611090440193,31.989558882681145,25504000
2015-10-13,32.498233795166016,32.772843725725494,32.04237127569187,32.04237127569187,36154000
2015-10-14,32.44143295288086,32.85146250886851,32.32634887376339,32.543566889726854,28310000
2015-10-15,32.96854019165039,33.03779132993765,32.60584120342336,32.61580752894008,37714000
2015-10-16,32.991455078125,33.12945941191613,32.74235016669372,33.086614096949496,32222000
2015-10-19,33.185760498046875,33.22163091010978,32.86092744257546,32.940639047044165,29546000
2015-10-20,32.39759063720703,33.11700579494699,32.09443112405179,33.0831271292405,49964000
2015-10-21,32.015464782714844,32.67608926667029,31.97161979089992,32.59039862987135,35822000
2015-10-22,32.47282028198242,32.77224336834724,32.08521307898441,32.219230130029814,81420000
2015-10-23,34.97433090209961,36.369320040507525,34.949422689544946,36.24476757461537,133078000
2015-10-26,35.51140594482422,35.828766174799036,34.937467914988815,34.95191566790385,54332000
2015-10-27,35.29767608642578,35.55325803277819,35.101382765879514,35.242374751841,44916000
2015-10-28,35.519874572753906,35.521368381457236,35.02814163552115,35.23988236739834,43578000
2015-10-29,35.71766662597656,35.78442429287856,35.37340262500971,35.397816705435126,29120000
2015-10-30,35.41325759887695,35.771471389293716,35.3753916405347,35.65837525151864,38176000
2015-11-02,35.926414489746094,35.9518244416421,35.166145688185466,35.4257149035971,37726000
2015-11-03,35.978729248046875,36.102779990632285,35.60805942590432,35.81431906236881,31308000
2015-11-04,36.2751579284668,36.52376493120483,35.965772300642286,35.970751662672505,34134000
2015-11-05,36.43159866333008,36.84162443487818,36.34291660240613,36.34291660240613,37232000
2015-11-06,36.55664825439453,36.638853341558494,36.22035506154558,36.44405385424792,30232000
2015-11-09,36.1147346496582,36.603977869461,35.84271324525316,36.37928321006046,41396000
2015-11-10,36.285621643066406,36.39871397608082,35.796378425263704,36.090324225317595,32160000
2015-11-11,36.63835525512695,36.91735157329846,36.38078159702649,36.49188218808691,27328000
2015-11-12,36.43060302734375,36.75792577578884,36.30181619404352,36.419142892097895,36744000
2015-11-13,35.72164535522461,36.42661276154505,35.70819347617891,36.32796818256966,41510000
2015-11-16,36.31751251220703,36.34391453655752,35.43916817202405,35.651900981817285,38118000
2015-11-17,36.135162353515625,36.46124215246283,36.02191797557918,36.33394913152792,30218000
2015-11-18,36.867530822753906,36.9377778375095,36.219856463559914,36.248755768423656,33686000
2015-11-19,36.7883186340332,36.967172763418475,36.73949047604274,36.8047581314105,26542000
2015-11-20,37.69456100463867,37.76032279248033,37.01699526987892,37.192861774697015,44246000
2015-11-23,37.66366958618164,37.998864268802784,37.456414097554315,37.736908018395106,28290000
2015-11-24,37.28004837036133,37.62874433381673,36.74945366014989,37.46537945581385,46662000
2015-11-25,37.27357482910156,37.46538290356605,37.169449142607164,37.27307689287718,22442000
2015-11-27,37.378692626953125,37.53562994576,37.24068828588741,37.289014702069124,16770000
2015-11-30,36.997066497802734,37.61135632599716,36.93080297257912,37.306452124807606,41952000
2015-12-01,38.214691162109375,38.30984638916574,37.20133018549941,37.221756972676886,42692000
2015-12-02,37.98252487182617,38.65884388160044,37.81213946221486,38.30735793121076,44608000
2015-12-03,37.49228286743164,38.31208726486871,37.14802272028762,38.16337159459147,51812000
2015-12-04,38.20323181152344,38.286930706737216,37.36574112213916,37.52018496911129,55146000
2015-12-07,38.0258674621582,38.29888854338533,37.61933105961927,38.251060060550216,36246000
2015-12-08,37.982025146484375,38.103092059122034,37.574987018742185,37.75882810054913,36590000
2015-12-09,37.445953369140625,38.07469093727579,36.71811889667656,37.822598386591075,54000000
2015-12-10,37.338836669921875,37.657192747966484,37.05834654912735,37.5077320668753,39768000
2015-12-11,36.81123352050781,37.152008132067074,36.70561403056997,36.92532172688073,44488000
2015-12-14,37.254638671875,37.302467152615534,36.07886310583589,36.956709390390145,48250000
2015-12-15,37.036922454833984,37.76829574973755,37.01749533980986,37.515207307795386,53324000
2015-12-16,37.768795013427734,37.8933474938591,36.839383705057514,37.36574412940977,39866000
2015-12-17,37.337345123291016,37.99747172377464,37.31592246238052,37.98451777977482,31068000
2015-12-18,36.833152770996094,37.57150090327098,36.775361765621,37.19186447576186,62974000
2015-12-21,37.254638671875,37.36573925707449,36.867529400313494,37.172931525566604,30514000
2015-12-22,37.36574172973633,37.607373830338474,37.143042608418426,37.447946817666526,27308000
2015-12-23,37.381187438964844,37.57548900271113,37.06681862306437,37.53862271555641,31318000
2015-12-24,37.28602600097656,37.43300080596823,37.19734774301873,37.34332287454949,10544000
2015-12-28,37.9890022277832,38.01291837038159,37.341829584571656,37.511219123470994,30306000
2015-12-29,38.690982818603516,38.85937648835093,38.1843003985999,38.19725434258661,35300000
2015-12-30,38.41197967529297,38.740800009356576,38.20771560801313,38.69097978326683,25866000
2015-12-31,37.80815124511719,38.33724836879463,37.781247486145155,38.33724836879463,30018000
2016-01-04,36.95920181274414,37.06980446996565,36.43199758714019,37.01699662348897,65456000
2016-01-05,36.996070861816406,37.465381436480364,36.79977376693939,37.188874801179765,39014000
2016-01-06,37.047882080078125,37.22524619243903,36.315512963596824,36.369320480946726,38940000
2016-01-07,36.18946838378906,36.792799834355236,35.824279680821746,36.38476581039363,59274000
2016-01-08,35.595603942871094,36.53024549193032,35.52236930343442,36.44156342556311,49018000
2016-01-11,35.67332077026367,35.81406567076831,35.05105635099409,35.70222007561467,41812000
2016-01-12,36.173526763916016,36.30704588990248,35.737441066698054,35.95481113125774,40490000
2016-01-13,34.902591705322266,36.60547273337286,34.80544092944538,36.411669117830996,50034000
2016-01-14,35.608055114746094,35.967013889080455,34.331643219258886,35.142728048947866,44516000
2016-01-15,34.59818649291992,35.21048840862046,34.14581333108745,34.49057145122027,72162000
2016-01-19,34.963871002197266,35.37190500864134,34.546372406976076,35.03910117933649,45362000
2016-01-20,34.79747009277344,35.2159645724775,33.54247698779276,34.30723098723454,68900000
2016-01-21,35.20301055908203,35.83075607843274,34.598683245765315,34.98330285819309,48244000
2016-01-22,36.13267135620117,36.27615680133914,35.87713886473675,36.050466272040026,40236000
2016-01-25,35.45610046386719,36.353377654510815,35.37339744594375,36.049469340555014,34234000
2016-01-26,35.524356842041016,35.78541984667093,35.19753205058045,35.564712479910554,26634000
2016-01-27,34.87419509887695,35.7831795792833,34.595198770928896,35.555744357447175,43884000
2016-01-28,36.41714859008789,36.55316119065441,35.48998000184242,35.98171289483879,53528000
2016-01-29,37.01449966430664,37.116135659001635,36.209891825829835,36.44554487056246,69486000
2016-02-01,37.46537780761719,37.75733184011001,37.030443878416285,37.38865382805922,102784000
2016-02-02,38.09561538696289,39.35210224390722,38.09561538696289,39.084562270065895,126962000
2016-02-03,36.217369079589844,38.586355821765125,35.8960253616574,38.37312508296887,123420000
2016-02-04,35.27376174926758,36.21985961902654,34.96735991209568,36.011110301378075,103374000
2016-02-05,34.05613327026367,35.07347773541785,33.885744065224735,35.06749870002565,102114000
2016-02-08,34.0147819519043,34.07904993091411,33.034303764917006,33.27294824055884,84948000
2016-02-09,33.78410720825195,34.86970691511019,33.31878014329781,33.495646315436424,72178000
2016-02-10,34.083534240722656,34.93995407139829,33.98438792422223,34.220040975290964,52760000
2016-02-11,34.0332145690918,34.344097816531914,33.323666860156095,33.62916783518336,60480000
2016-02-12,33.997840881347656,34.56331015502183,33.80852249680075,34.389435394793075,42828000
2016-02-16,34.426300048828125,34.77504922621487,34.129864578413226,34.524944626560696,50400000
2016-02-17,35.29318618774414,35.360445586050695,34.44523503703379,34.779532681660136,49852000
2016-02-18,34.74266815185547,35.489983011992535,34.6769025588476,35.3729033798212,37664000
2016-02-19,34.9200325012207,35.02819109335058,34.57825819196222,34.627082550279155,31786000
2016-02-22,35.196537017822266,35.53432021462607,34.999741986749406,35.245859309381764,38996000
2016-02-23,34.66793441772461,35.29318645549646,34.55484208130207,34.94693073720212,40186000
2016-02-24,34.8527717590332,34.874692355653494,33.9171344051447,34.32267494521966,39272000
2016-02-25,35.16115951538086,35.17261964977268,34.40562687423276,34.87518830112933,32844000
2016-02-26,35.12728500366211,35.54378772298014,34.917536034385925,35.30215563322466,44870000
2016-02-29,34.76359176635742,35.41724137946373,34.7591065393738,34.89063392014859,49622000
2016-03-01,35.811824798583984,35.811824798583984,34.86323346708635,35.05504534619152,43028000
2016-03-02,35.81381607055664,35.87110913891802,35.47253973918091,35.821288914210754,32580000
2016-03-03,35.493465423583984,35.843708416629234,35.174611415568336,35.805344523930785,39160000
2016-03-04,35.417240142822266,35.69624025666093,35.174612177718934,35.62150801543558,39442000
2016-03-07,34.6335563659668,35.27779076943896,34.22203681194315,35.21845654103357,59702000
2016-03-08,34.57427215576172,35.06351157536976,34.14431375104123,34.3062342404741,41526000
2016-03-09,35.1357536315918,35.15767422712608,34.57576546840664,34.79846457916757,28430000
2016-03-10,35.51339340209961,35.693745124685,35.042087309319015,35.27923416423604,56670000
2016-03-11,36.21089172363281,36.215874886946985,35.72787837886946,35.87111296557262,39416000
2016-03-14,36.393733978271484,36.64333684528678,36.1276878139728,36.21039083345776,34366000
2016-03-15,36.28611755371094,36.48340670522877,36.108753450980416,36.215870543669304,34420000
2016-03-16,36.6727294921875,36.74148269487735,36.09580011300402,36.18846945630226,32488000
2016-03-17,36.756927490234375,37.020480175267764,36.66824543455683,36.69066396631227,37216000
2016-03-18,36.747962951660156,36.96717272094495,36.46049410871934,36.960197812817164,59614000
2016-03-21,36.971656799316406,36.99208358684457,36.54449215301892,36.69315841907802,36730000
2016-03-22,36.9048957824707,37.116636504421905,36.740987345103456,36.740987345103456,25394000
2016-03-23,36.770877838134766,37.15250602385372,36.67571880954467,36.98510823599241,28642000
2016-03-24,36.63337326049805,36.755284012516256,36.41914285191456,36.46946101782411,31898000
2016-03-28,36.545188903808594,36.81721412201908,36.493874865775986,36.70760733678143,26026000
2016-03-29,37.10517501831055,37.22873161288041,36.30754205380839,36.59799849797427,38076000
2016-03-30,37.392147064208984,37.75833163245404,37.302967069397326,37.37072440413062,35648000
2016-03-31,37.1141471862793,37.40808919737403,36.91436453352055,37.328377591380814,34376000
2016-04-01,37.36125564575195,37.38267830561911,36.71806651041464,36.79778191544196,31534000
2016-04-04,37.13108444213867,37.50523979469318,36.98859486321643,37.36872925137381,22684000
2016-04-05,36.75792694091797,37.007031898556114,36.63686381682167,36.767893267805896,22646000
2016-04-06,37.1510124206543,37.17841411591688,36.646325572244756,36.65678983456379,21074000
2016-04-07,36.8814811706543,37.21627675254674,36.68219645717747,37.13507133915493,29064000
2016-04-08,36.8251838684082,37.13905472555968,36.645828006881715,37.065322156537285,25816000
2016-04-11,36.6732292175293,37.116635702373806,36.67073953652759,37.01799112015044,24402000
2016-04-12,37.02147674560547,37.058346830740675,36.41963912396802,36.76789038170903,27060000
2016-04-13,37.45143127441406,37.58395832448293,37.07981882741605,37.3238911884274,34142000
2016-04-14,37.52516555786133,37.72993135598722,37.5005044136791,37.56552119407938,22706000
2016-04-15,37.81412887573242,37.9137693266355,37.49995775232724,37.56402807507167,36186000
2016-04-18,38.193267822265625,38.26500864368742,37.72943456188311,37.88686602006093,31176000
2016-04-19,37.56153869628906,38.35717998500181,37.33236259334548,38.337749068672416,40610000
2016-04-20,37.49876022338867,37.77088424577083,37.36623698000458,37.76430844737546,30584000
2016-04-21,37.82110595703125,37.88636980994699,37.34332285954709,37.633779313860224,61210000
2016-04-22,35.80982971191406,36.674224126767335,35.55275400082057,36.184980917062354,119038000
2016-04-25,36.028045654296875,36.066903680223824,35.65139685774719,35.67680680622823,39184000
2016-04-26,35.28023910522461,36.15838199080026,35.02545158790836,36.14114427405683,54892000
2016-04-27,35.165645599365234,35.32208498996627,34.49430977001508,35.23788435871049,61972000
2016-04-28,34.42729949951172,35.580656644303374,34.354064863386654,35.28621288799508,57346000
2016-04-29,34.52644348144531,34.75611750194077,34.32666083684646,34.41135560257994,49754000
2016-05-02,34.7855110168457,34.90657793136007,34.42630136495561,34.75661551327789,32906000
2016-05-03,34.49406051635742,34.76707780709243,34.47612340921138,34.718751386186575,30876000
2016-05-04,34.660457611083984,34.86223198342748,34.32715587444613,34.40089223660971,33870000
2016-05-05,34.9459342956543,34.99027722494609,34.661456881454356,34.76010146408599,33670000
2016-05-06,35.4286994934082,35.46556577648657,34.78037897510958,34.79397909479763,36586000
2016-05-09,35.51738357543945,35.806844160603035,35.37290225096566,35.47254270872147,30206000
2016-05-10,36.029544830322266,36.045486391998516,35.65787914107477,35.70919698184518,31392000
2016-05-11,35.63645553588867,36.09430979455676,35.512400997346056,36.04100401128864,33842000
2016-05-12,35.537811279296875,35.83374884393508,35.32308293243607,35.724639993183835,27214000
2016-05-13,35.41425323486328,35.70480851515991,35.336035438681336,35.469056626123425,26290000
2016-05-16,35.69623947143555,35.79538198733009,35.156180162946185,35.32955698223452,26342000
2016-05-17,35.18507385253906,35.94683635853348,35.07945437060928,35.67132561938507,40024000
2016-05-18,35.20500564575195,35.452616776375784,34.90608047887831,35.05753290660971,35336000
2016-05-19,34.89063262939453,35.17361623223392,34.715264061862385,34.99226862929141,33404000
2016-05-20,35.359947204589844,35.60108136200386,34.900599159141954,34.95540254951058,36568000
2016-05-23,35.0859375,35.44653837054736,35.082946081463696,35.20002571774741,26614000
2016-05-24,35.8755989074707,35.919440102597186,35.21646436562154,35.21646436562154,38590000
2016-05-25,36.133670806884766,36.245269341585974,35.85641534645646,35.90897612771832,32584000
2016-05-26,36.076377868652344,36.28612305825985,35.885063922125006,36.01410162888631,31526000
2016-05-27,36.50184631347656,36.565418706201065,36.07039787381303,36.07089581004304,39500000
2016-05-31,36.654296875,36.854079524955736,36.43209569252069,36.45601183471098,42590000
2016-06-01,36.57607650756836,36.728528599675364,36.4022017568617,36.595009485298114,25072000
2016-06-02,36.389251708984375,36.51978322028847,36.07886639259669,36.49387533231058,26836000
2016-06-03,35.98768997192383,36.34390818116012,35.89900792147682,36.33294978454451,24526000
2016-06-06,35.6992301940918,36.11573294556612,35.60257735072747,36.11573294556612,31306000
2016-06-07,35.7042121887207,35.96975663064497,35.699229025534336,35.8631412651115,26724000
2016-06-08,36.28363037109375,36.29807812303101,35.900006637334236,36.06840409960112,31674000
2016-06-09,36.29857635498047,36.346404838039604,35.98749166050973,36.01409893869569,19778000
2016-06-10,35.84172058105469,36.16455811378393,35.69325195802499,35.844708198507355,24328000
2016-06-13,35.789405822753906,36.14213852491499,35.697238207133026,35.697238207133026,25178000
2016-06-14,35.7849235534668,35.99417079531641,35.528341962793334,35.69574355731284,26122000
2016-06-15,35.81730270385742,36.0195750268714,35.73709316594065,35.82128999441162,24290000
2016-06-16,35.390838623046875,35.704211543191,35.03710626296667,35.61752122989074,39650000
2016-06-17,34.4621696472168,35.31411181987474,34.29935592407069,35.30563930297478,68048000
2016-06-20,34.56132125854492,34.9982508085513,34.54637556919629,34.813413834582526,41650000
2016-06-21,34.672420501708984,35.012697192848535,34.47662133598458,34.79497743020045,29312000
2016-06-22,34.748146057128906,34.917535585355886,34.53002720137591,34.82785765834172,23686000
2016-06-23,34.96785354614258,34.97184083664808,34.227015730427965,34.74764792092301,43428000
2016-06-24,33.64012908935547,34.34659033410167,33.55194496755351,33.637635607290726,88980000
2016-06-27,33.293373107910156,33.494653374811826,33.0454654845466,33.4298836549039,52580000
2016-06-28,33.88026428222656,33.89471203455247,33.529527134602176,33.82695849990127,43476000
2016-06-29,34.083038330078125,34.24839116387375,33.94851953121768,34.02773700188879,38652000
2016-06-30,34.48110580444336,34.49206800318397,34.060117841990326,34.150791646067006,31954000
2016-07-01,34.835330963134766,34.907075586319216,34.48259828568345,34.48608764007197,26894000
2016-07-05,34.62309646606445,34.72223898397471,34.32068194827669,34.678397792333534,29252000
2016-07-06,34.76359176635742,34.95839125591981,34.3311436653798,34.37548659588059,28238000
2016-07-07,34.64352035522461,34.78501024434658,34.28754921815817,34.77903120943392,26084000
2016-07-08,35.15518569946289,35.159169189123645,34.69708058743634,34.84977975741869,31504000
2016-07-11,35.62649154663086,35.697236497958876,35.235394967432356,35.27575060617347,22236000
2016-07-12,35.90299987792969,36.01758602683988,35.66734680707501,35.82727175994595,26738000
2016-07-13,35.72065353393555,36.07039862774865,35.71417656177012,36.05146564749278,18718000
2016-07-14,35.91844177246094,35.98121594343135,35.77296457926986,35.94982695742629,19004000
2016-07-15,35.8636360168457,36.157080064893826,35.824029185578475,36.15658212872338,25586000
2016-07-18,36.55764389038086,36.674723516702045,35.93040011218803,36.00612822708956,25910000
2016-07-19,36.71607208251953,36.71756589102069,36.31949823429604,36.363837359400534,24550000
2016-07-20,36.92681884765625,36.97364765604894,36.723048913474145,36.73450904799557,25794000
2016-07-21,36.799278259277344,36.951730370907306,36.659829505428526,36.88547064192721,20526000
2016-07-22,37.00404357910156,37.02895179376883,36.69614794157781,36.96019858349848,25196000
2016-07-25,36.856075286865234,36.99756900747363,36.74298293846331,36.900916157839504,20648000
2016-07-26,36.788818359375,36.95173093552691,36.5820607863516,36.81970561074715,23734000
2016-07-27,36.95571517944336,37.08973223815451,36.71806657360246,36.781840418149955,30250000
2016-07-28,37.16197204589844,37.29847877551735,36.832653789349195,37.21826924113097,70604000
2016-07-29,38.301876068115234,38.788131675591444,38.20123974065082,38.49717728965357,76830000
2016-08-01,38.505645751953125,38.88179283851494,37.918255884687454,37.918255884687454,54010000
2016-08-02,38.415470123291016,38.65311492713872,38.25504724223678,38.29689668946832,35690000
2016-08-03,38.520591735839844,38.522085544449006,38.20372946287046,38.221666569299565,25748000
2016-08-04,38.4423713684082,38.56492828383461,38.30212441531797,38.47276067892007,22806000
2016-08-05,38.97097396850586,39.01182754427258,38.47874311549001,38.55048394066875,36024000
2016-08-08,38.94805908203125,38.9914023406278,38.76526326959884,38.96001335268688,22158000
2016-08-09,39.07261276245117,39.305772361455276,38.888771658370175,38.915177483744415,26378000
2016-08-10,39.09353256225586,39.19974881262068,38.99877264522197,39.04719788962677,15728000
2016-08-11,39.10200500488281,39.34612679595752,39.0083397783252,39.10947784943327,19502000
2016-08-12,39.02079391479492,39.02951350003224,38.88029988273663,38.935103274171524,14810000
2016-08-15,38.981937408447266,39.233532041837,38.865853649269695,39.04720126388534,18764000
2016-08-16,38.71788024902344,38.90919417688493,38.53374268402856,38.875315510449475,20560000
2016-08-17,38.85588836669922,38.90072923584841,38.538030195831055,38.7268544610446,18484000
2016-08-18,38.735816955566406,39.002858993698396,38.710904941931545,38.860867357851,14388000
2016-08-19,38.6321907043457,38.71588959989385,38.518102495904394,38.61126598045867,17230000
2016-08-22,38.46927261352539,38.58834778079247,38.364648998783274,38.525075675760775,19028000
2016-08-23,38.46578598022461,38.68300398363237,38.45108736053892,38.63517550380176,18564000
2016-08-24,38.34422302246094,38.5863530505645,38.2161850011321,38.39105563225143,21440000
2016-08-25,38.332767486572266,38.45632408469974,38.02262925021544,38.212696441895936,18538000
2016-08-26,38.3392448425293,38.665073774241236,38.155403752117614,38.31234108290614,23334000
2016-08-29,38.46927261352539,38.61076631230015,38.19351479327794,38.29938514900591,16952000
2016-08-30,38.31682586669922,38.58466615886956,38.204729392472366,38.32878393892185,22600000
2016-08-31,38.21519088745117,38.31682309086051,38.13198992625636,38.213195341531886,24972000
2016-09-01,38.30137634277344,38.41297486355965,38.07817930120102,38.324794547356674,18502000
2016-09-02,38.434898376464844,38.557455291418194,38.282944222413114,38.51212029391025,21454000
2016-09-06,38.86436080932617,38.96001398131437,38.411983832930254,38.53404663094563,28856000
2016-09-07,38.877811431884766,38.996384871329035,38.671053866936184,38.86037226085831,17874000
2016-09-08,38.6272087097168,38.87781126877313,38.54052219429379,38.79012507986261,25406000
2016-09-09,37.847015380859375,38.52383235149909,37.847015380859375,38.36714588358242,37710000
2016-09-12,38.31333923339844,38.37661134548027,37.5650284857383,37.62132568939347,26220000
2016-09-13,37.848506927490234,38.17383791549363,37.65470331625844,38.0871476030343,27900000
2016-09-14,37.988006591796875,38.24657612875245,37.819612924284364,37.844521138432924,21748000
2016-09-15,38.44984817504883,38.55148037870317,37.86196034580962,38.00793548041734,26102000
2016-09-16,38.30636215209961,38.34970540892669,38.09611903874176,38.34970540892669,40986000
2016-09-19,38.14793014526367,38.5614452555903,38.08520538792743,38.482725723143716,23456000
2016-09-20,38.43240737915039,38.52806434410733,38.28892193171499,38.31234013727406,19572000
2016-09-21,38.67205047607422,38.71888308948096,38.27751773188415,38.49468634923507,23356000
2016-09-22,39.219581604003906,39.351108986295515,38.782652072043646,38.86037193407054,29724000
2016-09-23,39.204132080078125,39.30526633242799,39.067123618923134,39.18868465640955,28238000
2016-09-26,38.57190704345703,38.99688230313284,38.515111906119024,38.99688230313284,30664000
2016-09-27,39.01033020019531,39.15879500027504,38.57678744097738,38.63617488142505,23064000
2016-09-28,38.93809127807617,38.9505472855332,38.60977266345665,38.75325811524039,22196000
2016-09-29,38.61176681518555,39.14933650588908,38.57300760982798,38.93211466929263,26294000
2016-09-30,38.72535705566406,38.90720641339552,38.56593003314555,38.67753236984455,31706000
2016-10-03,38.48970031738281,38.66432388139344,38.337248217834734,38.57390094840877,25576000
2016-10-04,38.6825065612793,38.79610062777567,38.506142127905854,38.66257771099854,24028000
2016-10-05,38.684505462646484,38.963501788699034,38.64365188618309,38.82599537056174,29224000
2016-10-06,38.70392990112305,38.884281628141885,38.638168114974995,38.81054906194918,21414000
2016-10-07,38.615257263183594,38.84343750469506,38.39952922921808,38.84343750469506,18664000
2016-10-10,39.15631103515625,39.327696128168114,38.654611764233515,38.74628524719521,23498000
2016-10-11,39.0133171081543,39.47216717972537,38.88926258571036,39.19217501646693,27450000
2016-10-12,39.16627502441406,39.265421355739925,38.96300680020332,39.04770157687111,18748000
2016-10-13,38.77019500732422,38.921153301266536,38.511625476826424,38.921153301266536,27306000
2016-10-14,38.787132263183594,39.057161927313906,38.661085984383675,38.94257578332843,17050000
2016-10-17,38.85837936401367,39.15182343604992,38.73581863735551,38.85040858359554,21860000
2016-10-18,39.62063980102539,39.937004142291386,39.137626473034196,39.251467614206554,41138000
2016-10-19,39.931522369384766,40.08596621479685,39.758643481389285,39.769103942665474,35336000
2016-10-20,39.70582962036133,40.05457879514449,39.65899701273304,40.02119806629199,35150000
2016-10-21,39.825401306152344,39.83187827784137,39.5578651252064,39.60768535286369,25324000
2016-10-24,40.509944915771484,40.61307473309469,40.09693151127845,40.10091500120012,33950000
2016-10-25,40.238914489746094,40.68780205543775,40.11286821751079,40.68780205543775,31528000
2016-10-26,39.810455322265625,40.20453951580248,39.67345064748561,40.172656394837695,32954000
2016-10-27,39.625125885009766,40.030666429138854,39.43331401084501,39.90661189141587,54984000
2016-10-28,39.626121520996094,40.6285203422565,39.53743946068589,40.27279622857981,85398000
2016-10-31,39.0865592956543,39.700351194775045,39.059655536291054,39.63110005153699,48546000
2016-11-01,39.04022216796875,39.33316828323261,38.63816721348537,39.004351758084944,48128000
2016-11-02,38.297393798828125,38.94257466357143,38.03583285875825,38.77069165149581,37448000
2016-11-03,37.97006607055664,38.359668819289645,37.815622233187305,38.2251500310316,38864000
2016-11-04,37.9645881652832,38.38009499162961,37.39368724417589,37.39862099338091,42696000
2016-11-07,38.98591995239258,39.11894114222929,38.48920386864954,38.58635464562509,31702000
2016-11-08,39.38399124145508,39.639223462501576,38.869835989708236,39.02976093860188,27338000
2016-11-09,39.12491989135742,39.41971333413445,38.445362393722654,38.85738370499066,52142000
2016-11-10,37.99148941040039,39.41686784907898,37.474350373717165,39.41686784907898,94904000
2016-11-11,37.56602096557617,37.9028120856473,37.38467336286082,37.69156930591757,48636000
2016-11-14,36.67223358154297,37.75683745991087,36.24676039924725,37.64473719643651,73088000
2016-11-15,37.78872299194336,38.083961169087786,37.21478496253902,37.21478496253902,47680000
2016-11-16,38.0871467590332,38.18081197726816,37.39114979793642,37.62480730525478,29452000
2016-11-17,38.42344284057617,38.49667747640343,38.07469362835908,38.208714494328525,26080000
2016-11-18,37.89085388183594,38.61126492819918,37.863950123137265,38.43041526231559,30942000
2016-11-21,38.322303771972656,38.3472157868531,37.89384296309968,37.993985157796075,26612000
2016-11-22,38.27597427368164,38.70891652404722,38.21269836177713,38.493192303212915,31862000
2016-11-23,37.913272857666016,38.27661804385949,37.62730163565488,38.249068108096395,29568000
2016-11-25,37.94765090942383,38.113056959428626,37.88985989958209,38.0761906739475,11748000
2016-11-28,38.274471282958984,38.83695289544857,37.85398509959728,37.86394762388307,43764000
2016-11-29,38.404014587402344,38.78564282124855,38.27447893953783,38.43839119467623,32332000
2016-11-30,37.76630401611328,38.5111291915116,37.60637906252896,38.365651990662315,47858000
2016-12-01,37.262115478515625,37.85648029615104,36.71931556898886,37.73641304586827,60358000
2016-12-02,37.39065170288086,37.565024394556524,37.02197366786421,37.096207971263134,29050000
2016-12-05,37.989501953125,38.05825516477358,37.510225017588695,37.74986538587685,27884000
2016-12-06,37.819610595703125,38.30387064508034,37.73142647657194,38.09960277602388,33814000
2016-12-07,38.42144775390625,38.429916470075426,37.654702051192736,37.9137695053859,35220000
2016-12-08,38.68201446533203,38.76970065959838,38.224160179045136,38.48572115204136,29762000
2016-12-09,39.32320785522461,39.33018276310277,38.811595511582055,38.860370453212845,36438000
2016-12-12,39.32221221923828,39.42085680253105,39.07734163720659,39.11146737197856,42082000
2016-12-13,39.6624870300293,40.07500625133033,39.52498062292895,39.552880253294845,42904000
2016-12-14,39.7108154296875,40.05607527322349,39.55836332742795,39.72725492660264,34084000
2016-12-15,39.74967575073242,40.006253526138,39.50405637250758,39.724265800974095,32530000
2016-12-16,39.398433685302734,39.89943347076943,39.37302373760805,39.87671465889642,48876000
2016-12-19,39.56782913208008,39.740210091040716,39.17274904841338,39.369544086433,24642000
2016-12-20,39.67843246459961,39.78953306073004,39.521498928986446,39.695373699570126,19020000
2016-12-21,39.58576583862305,39.69118767823832,39.21410016429163,39.64953588380875,24226000
2016-12-22,39.421356201171875,39.523988078957686,39.28783707332542,39.476159594154204,19444000
2016-12-23,39.35409927368164,39.495095055831804,39.2230698187218,39.40342157025738,12468000
2016-12-27,39.4358024597168,39.75017505311877,39.24185060617443,39.39245920361317,15782000
2016-12-28,39.11196517944336,39.56932148342956,39.01979756816832,39.54291946149306,23076000
2016-12-29,38.99937057495117,39.15580996612719,38.806562835869045,39.02627433398958,14886000
2016-12-30,38.45283508300781,38.99887345336563,38.382588066735615,38.99737964473001,35400000
2017-01-03,39.16627502441406,39.340149805129066,38.651127654688125,38.801086290766484,33146000
2017-01-04,39.204132080078125,39.425337362513304,39.017801333115194,39.276868767903395,21460000
2017-01-05,39.558860778808594,39.58177724717545,39.11047113029362,39.163282775921274,26704000
2017-01-06,40.16319274902344,40.25038100785456,39.46838921791713,39.62064368193924,32804000
2017-01-09,40.1880989074707,40.35330349118094,39.997780855187806,40.175642900733514,25492000
2017-01-10,40.09543228149414,40.311658234288295,40.031662235964006,40.248386124978246,23536000
2017-01-11,40.25087356567383,40.26283163637008,39.92504464699815,40.10589431186055,21318000
2017-01-12,40.17365264892578,40.22496668530085,39.815438863590785,40.21251067810076,27062000
2017-01-13,40.24938201904297,40.41598159567095,40.19009339946179,40.22945316710912,21984000
2017-01-17,40.08646774291992,40.21251403196845,39.875228743264216,40.20952641449033,27242000
2017-01-18,40.15920639038086,40.16593042991592,39.90611415044764,40.146252446494216,25888000
2017-01-19,39.965152740478516,40.32909471386129,39.946470629111424,40.111876683689324,18386000
2017-01-20,40.10689163208008,40.20105479039296,39.94098764907914,40.20105479039296,33400000
2017-01-23,40.8188362121582,40.896556076653134,40.043123773841565,40.217994419215145,39272000
2017-01-24,41.0460205078125,41.14715477843624,40.74465125232808,40.96780270720006,29480000
2017-01-25,41.633907318115234,41.63889048139872,41.105304303997684,41.33248865662224,29890000
2017-01-26,41.458534240722656,41.74999037177186,41.20245438724557,41.74052198158897,59478000
2017-01-27,41.01811981201172,41.94678227265299,40.87513229392299,41.586078792495925,59316000
2017-01-30,39.97237777709961,40.645956253586824,39.84682942979009,40.58716937076851,64932000
2017-01-31,39.69686508178711,39.9190662604659,39.38448803730766,39.70035063519038,43212000
2017-02-01,39.642311096191406,39.91607716930711,39.41786731237856,39.840846994377834,40594000
2017-02-02,39.78355407714844,39.99130751690597,39.45822306906444,39.54790100426394,30642000
2017-02-03,39.931026458740234,40.15571733039209,39.87522719299752,40.00575870422849,29268000
2017-02-06,39.92354965209961,39.939989148038734,39.62013927421547,39.84184250650251,23690000
2017-02-07,40.20404052734375,40.379910828405905,39.94547100779385,40.055575721767944,24824000
2017-02-08,40.274288177490234,40.44666912693144,40.01571865384825,40.20553497219173,23106000
2017-02-09,40.33308029174805,40.38788368345721,40.082979475568294,40.330586809645034,19794000
2017-02-10,40.537841796875,40.61656132996295,40.34403818347302,40.439695149658014,22700000
2017-02-13,40.81534957885742,40.90099080840774,40.62852086664504,40.653927017207124,24266000
2017-02-14,40.875633239746094,41.002679205945334,40.6539299705233,40.803394471567046,21094000
2017-02-15,40.802391052246094,41.0026716221016,40.77698110349803,40.821320228725575,26272000
2017-02-16,41.06046676635742,41.07242483768461,40.8023951666246,40.84972191363503,25752000
2017-02-17,41.25526809692383,41.25526809692383,40.93566525005562,41.00367345785227,32220000
2017-02-21,41.43412399291992,41.52330398915888,41.26921588036229,41.28465950514785,25246000
2017-02-22,41.3892822265625,41.5133367604466,41.28366273540101,41.284658607812005,19658000
2017-02-23,41.41768264770508,41.47397984595591,40.99669470026944,41.35739815886177,29456000
2017-02-24,41.28366470336914,41.3016018107413,41.06245938431202,41.23832970026937,27844000
2017-02-27,41.3155517578125,41.376334187330365,41.05249698842889,41.07989868528301,22030000
2017-02-28,41.01313400268555,41.278678432392596,40.86317158609786,41.13270330637852,45216000
2017-03-01,41.61248016357422,41.66304919268494,41.21490663915564,41.2941241027528,29930000
2017-03-02,41.3828125,41.576114391893526,41.333486403232676,41.54323539543538,18850000
2017-03-03,41.30558395385742,41.41917802809771,41.13973318453079,41.37932032481902,17928000
2017-03-06,41.24081802368164,41.29562141541245,40.9727801006215,41.19946651177712,22180000
2017-03-07,41.44658279418945,41.52131504311295,41.17804691493879,41.22188811116907,20752000
2017-03-08,41.61895751953125,41.757459797024374,41.440597541785834,41.526288176392704,19796000
2017-03-09,41.78386306762695,41.94926910768745,41.56116395738924,41.650343948930264,25230000
2017-03-10,42.01154708862305,42.09425011209401,41.82471838149717,42.01304469829524,34080000
2017-03-13,42.12563705444336,42.28232350853338,42.011545050029056,42.04891307026483,24472000
2017-03-14,42.12962341308594,42.210334693293866,41.88948891942405,42.030978826858366,15598000
2017-03-15,42.208343505859375,42.27958639673799,41.88799566397927,42.227774421837154,27630000
2017-03-16,42.28705978393555,42.39018959987366,42.155034462293415,42.29951579185347,19552000
2017-03-17,42.453460693359375,42.51723073908117,42.20385780890964,42.42805454293889,34246000
2017-03-20,42.268123626708984,42.35880122895301,42.10620693906683,42.34833696675576,24630000
2017-03-21,41.37433624267578,42.52221222453575,41.30259541919943,42.41758860653285,49270000
2017-03-22,41.33099365234375,41.62792707818805,41.2109264080681,41.446579470729795,28030000
2017-03-23,40.732643127441406,40.981250119925235,40.46744459727404,40.903028526800476,69742000
2017-03-24,40.575706481933594,40.94936388115721,40.29969779065731,40.85719627234806,39620000
2017-03-27,40.828800201416016,40.934423504198655,40.024690164577564,40.20305017104699,37886000
2017-03-28,40.899051666259766,41.151642189143345,40.555635288346274,40.87364171267638,32410000
2017-03-29,41.42166519165039,41.48917165428693,40.97178175106849,41.10231325069693,35726000
2017-03-30,41.42615509033203,41.53476220601045,41.30160261188908,41.52579555267039,21106000
2017-03-31,41.329498291015625,41.43312603439,41.22138532088037,41.30010485157337,28038000
2017-04-03,41.77739334106445,41.89197949086477,41.312560366698676,41.312560366698676,33430000
2017-04-04,41.5791015625,41.609490874618736,41.303393150425855,41.41917661965024,20908000
2017-04-05,41.42166519165039,41.97169082055561,41.38728858984381,41.62593305775891,31106000
2017-04-06,41.24580001831055,41.66977558685353,41.17505506769354,41.470988813408006,25088000
2017-04-07,41.08587646484375,41.27594365968329,40.87876920851981,41.249784903686056,21146000
2017-04-10,41.088863372802734,41.319035334742075,41.041034889653815,41.12174616766257,19578000
2017-04-11,41.020111083984375,41.22323105058368,40.70474641111467,41.087868420048586,21594000
2017-04-12,41.06843566894531,41.18501735645484,40.90402549935394,40.9493643004564,18010000
2017-04-13,41.03057098388672,41.1710650032578,40.92494770023639,40.959822236996565,22448000
2017-04-17,41.70863723754883,41.73753274111007,41.07590857222241,41.10281233099727,17900000
2017-04-18,41.691200256347656,41.79632181494335,41.48643823864626,41.56166461867834,16734000
2017-04-19,41.76044845581055,41.960231097191354,41.664791493234645,41.839164184888844,19084000
2017-04-20,41.93183517456055,42.10869755408789,41.81575142062191,41.921370912131174,19180000
2017-04-21,42.00856018066406,42.04293678498894,41.879522480131016,41.99311655578879,26472000
2017-04-24,42.98355484008789,43.0179314424388,42.34086365750287,42.40762511744221,27450000
2017-04-25,43.45884704589844,43.59336203342992,42.986043342231596,43.09515218161929,33440000
2017-04-26,43.430450439453125,43.645680524760216,43.23206656314012,43.5550029160592,24744000
2017-04-27,43.555999755859375,43.61329282707957,43.36319201767558,43.52361489771594,40536000
2017-04-28,45.135826110839844,45.67837516126108,45.12636152117109,45.36998538070085,65526000
2017-05-01,45.46514129638672,45.62008308039475,44.911128347277916,44.935542425699126,42320000
2017-05-02,45.65793991088867,45.87366789767738,45.30984072966922,45.318161204747724,31744000
2017-05-03,46.18605041503906,46.23885826064918,45.46379584197302,45.57922961893506,29990000
2017-05-04,46.41622543334961,46.6289620415417,46.063990656192225,46.137727031662465,28442000
2017-05-05,46.19053268432617,46.577641985317314,46.094377779353096,46.5098846490304,38226000
2017-05-08,46.54774475097656,46.67852331144726,46.097363397386715,46.14020871313471,26596000
2017-05-09,46.44163131713867,46.707175751151624,46.31010394063174,46.67977405600269,31636000
2017-05-10,46.272735595703125,46.4331584748362,46.09238386559755,46.43216260244352,23478000
2017-05-11,46.36341094970703,46.45956585337586,45.98626798030652,46.10035618972344,16700000
2017-05-12,46.44411849975586,46.50490092222158,46.22640255991523,46.409741898618975,21012000
2017-05-15,46.68625259399414,46.74454153964638,46.30063710417218,46.48049090537381,22162000
2017-05-16,46.98119354248047,46.98667084077641,46.71116387680236,46.83172905698907,19390000
2017-05-17,45.816375732421875,46.79849597561264,45.74264316406411,46.61600425793945,47242000
2017-05-18,46.34547805786133,46.49145319141379,45.773033857692894,45.88513032325887,31938000
2017-05-19,46.533302307128906,46.71988014678916,46.383339883869404,46.40675809008191,27860000
2017-05-22,46.92439270019531,46.9255406141566,46.582622223939495,46.582622223939495,22408000
2017-05-23,47.27115249633789,47.40302577103258,46.96001838380736,47.226311629860305,25416000
2017-05-24,47.57705307006836,47.58353004194846,47.30502785318375,47.47840468321139,20496000
2017-05-25,48.303443908691406,48.45734041186403,47.60245993273328,47.695129285315495,33210000
2017-05-26,48.39959716796875,48.57446780331859,48.078747600509836,48.31141304546047,25040000
2017-05-30,48.61930847167969,48.63525383466844,48.30095236271122,48.34180594111481,29334000
2017-05-31,48.07027816772461,48.788199542319454,47.837114790038854,48.57645882442041,48962000
2017-06-01,48.17440414428711,48.401090551700094,47.82864636629464,48.27404459976724,28210000
2017-06-02,48.60535430908203,48.61930412479995,48.127073284021904,48.29945423569045,35020000
2017-06-05,49.00790786743164,49.16883248755447,48.58044673758321,48.65268549813389,25042000
2017-06-06,48.653682708740234,49.23559150297341,48.582439818645966,48.982005128719585,36292000
2017-06-07,48.87140655517578,49.02286280209127,48.622301586098494,48.82457393914793,29078000
2017-06-08,48.99446105957031,49.05225206950981,48.68507161961795,48.94164941183949,29638000
2017-06-09,47.321468353271484,49.04875957952848,46.61401125879757,49.04875957952848,66188000
2017-06-12,46.97621154785156,47.297806126930055,45.59781385766888,46.80980962504496,75270000
2017-06-13,47.49932861328125,47.82715308947304,47.03549533196116,47.425098107570264,40266000
2017-06-14,47.3677978515625,47.88543861493348,46.943822303569156,47.82415825610229,29794000
2017-06-15,46.94681930541992,46.998083931263935,46.05651692142497,46.53131242401468,42662000
2017-06-16,46.82076644897461,46.93336464883735,46.41298330487463,46.83172864755018,61894000
2017-06-19,47.697120666503906,47.82765217646119,47.28260966729416,47.32794847078767,30666000
2017-06-20,47.361328125,47.90886030281674,47.33043707473122,47.7045924251935,22520000
2017-06-21,47.80074691772461,47.83313177634754,47.367800888749315,47.511286338063535,24044000
2017-06-22,47.683170318603516,47.86401999225946,47.55662610087398,47.76338366195166,18828000
2017-06-23,48.10664367675781,48.127070462935954,47.539182691398416,47.67021212443396,30558000
2017-06-26,47.443031311035156,48.49126685299138,47.36929874169313,48.32137557969974,31968000
2017-06-27,46.200496673583984,47.24474489440751,46.176580532085616,46.95428844930299,51598000
2017-06-28,46.856143951416016,46.968738353184335,45.63602537096823,46.283699751324434,54428000
2017-06-29,45.72520065307617,46.39628936957933,45.36798276796311,46.32952791293342,65984000
2017-06-30,45.273826599121094,46.1367272292707,45.252901875558656,46.1367272292707,41804000
2017-07-03,44.77412414550781,45.533393250080564,44.579320855397754,45.4457108638121,34196000
2017-07-05,45.42229461669922,45.56179278363384,44.76415974988555,44.926578187845124,36278000
2017-07-06,45.17219161987305,45.58341471146872,44.823944155492825,45.04415359459829,28490000
2017-07-07,45.76506042480469,45.9120314222742,45.27980450433329,45.27980450433329,32756000
2017-07-10,46.27373123168945,46.35245076278464,45.814881128588645,45.92349203547005,23856000
2017-07-11,46.33800506591797,46.404762728203494,45.934950405926365,46.31060336988561,22264000
2017-07-12,47.022544860839844,47.145599721564565,46.55621810068813,46.76596327489122,30642000
2017-07-13,47.18844985961914,47.55164301618044,46.98169229820009,47.14510280142587,25894000
2017-07-14,47.62836456298828,47.674201299918344,47.23054395399606,47.429577792280234,21076000
2017-07-17,47.50033187866211,47.86501886614176,47.29212990939673,47.6786880813794,23310000
2017-07-18,48.09718322753906,48.228710608065626,47.35983091802237,47.4794040283482,23080000
2017-07-19,48.370697021484375,48.47781412119084,48.02892653711169,48.21874285750987,24490000
2017-07-20,48.234188079833984,48.620297674639545,47.90337600801751,48.57546061241936,32490000
2017-07-21,48.47183609008789,48.48727971469756,47.83562185342979,47.94024547326271,34220000
2017-07-24,48.84150314331055,49.1334571891089,48.36471974898544,48.43695850538636,64966000
2017-07-25,47.364810943603516,47.81320057502296,47.100760327611944,47.51975271909244,93220000
2017-07-26,47.22032928466797,47.57904098718796,46.94526705908348,47.56309942739937,41766000
2017-07-27,46.537288665771484,47.41862441558759,45.83531259209116,47.41862441558759,64260000
2017-07-28,46.907955169677734,47.022545115509566,46.20896676291093,46.30362785724854,36928000
2017-07-31,46.35843276977539,47.01058858698221,46.136227778791415,46.92589381613247,39402000
2017-08-01,46.37487030029297,46.70453447605062,46.29665250473502,46.45209222344173,25554000
2017-08-02,46.35295486450195,46.46305959461005,45.66990794903178,46.264272796695415,36488000
2017-08-03,46.017154693603516,46.445117560064325,45.946907677988925,46.35045646613728,24050000
2017-08-04,46.23188400268555,46.348815390963466,45.9862684109766,46.171603312027955,21646000
2017-08-07,46.301631927490234,46.41821361719299,46.15914615199554,46.28668623925342,20644000
2017-08-08,46.17359161376953,46.62317477024946,46.114800935109116,46.18853730126502,21232000
2017-08-09,45.97978973388672,46.133237706116766,45.69829993870544,45.86569772659276,23842000
2017-08-10,45.1995964050293,45.79844646359409,45.144295073367026,45.71324995195218,36480000
2017-08-11,45.555816650390625,45.72470825609004,45.11689156839887,45.235962944181274,24136000
2017-08-14,45.96833038330078,46.067872012364525,45.74513332897731,45.96135547535317,21290000
2017-08-15,45.9459114074707,46.16163561555719,45.82634210109976,46.046049798809435,17668000
2017-08-16,46.182064056396484,46.46803528972718,46.006942548295044,46.098863095057006,20134000
2017-08-17,45.385921478271484,46.17707745644628,45.385921478271484,46.123273741333215,25544000
2017-08-18,45.370479583740234,45.59990273884928,45.195308668481275,45.35254247732585,26854000
2017-08-21,45.17070007324219,45.486566495481995,45.00828163494728,45.3371020014349,18868000
2017-08-22,46.068973541259766,46.12726248971086,45.410587800202684,45.47261697201706,23334000
2017-08-23,46.18405532836914,46.330030461384034,45.80342300244011,45.9314648296128,21804000
2017-08-24,45.899078369140625,46.37536764641143,45.61111540392169,46.26675673855671,25406000
2017-08-25,45.63054656982422,46.11206612045653,45.6111194542877,46.009187171305406,21068000
2017-08-28,45.52691650390625,45.79769497902126,45.43026366321414,45.63602535210772,21730000
2017-08-29,45.89957809448242,46.0012140984836,45.08799527424547,45.09297843746196,23712000
2017-08-30,46.31209945678711,46.374326282673316,45.817873031460145,45.83780188419494,26024000
2017-08-31,46.79834747314453,46.930372785805886,46.42120451386624,46.42120451386624,31652000
2017-09-01,46.69920349121094,46.955283328273495,46.59009465027225,46.888023933031896,18948000
2017-09-05,46.25629806518555,46.68226539457891,45.932958811155096,46.4869679682031,26528000
2017-09-06,46.22441101074219,46.37910572923307,45.79894161877508,46.34099270298343,30554000
2017-09-07,46.62995529174805,46.65287176077789,46.01566164556267,46.419708376596624,24254000
2017-09-08,46.15914535522461,46.681765503485295,46.078434078891334,46.65685729053381,20230000
2017-09-11,46.287681579589844,46.75101691480367,46.18007034489794,46.545259034250456,25340000
2017-09-12,46.43665313720703,46.50690015931692,46.027672625440474,46.46256102653667,22688000
2017-09-13,46.58711242675781,46.69472367056342,46.326547332832554,46.36640503840797,22052000
2017-09-14,46.08989334106445,46.471521517656114,46.03459201596578,46.395793405762454,27952000
2017-09-15,45.849754333496094,46.15864581144614,45.653958985921065,46.06747407711882,50108000
2017-09-18,45.586204528808594,45.938937219010555,45.366990962829135,45.83580740779966,26138000
2017-09-19,45.92548370361328,45.955873015542586,45.464140119273665,45.706768081634046,18734000
2017-09-20,46.412235260009766,46.526825206566286,45.93495009666804,45.98377445277374,33396000
2017-09-21,46.45558166503906,46.65884986704592,46.0261249914122,46.482983360501926,25812000
2017-09-22,46.26028060913086,46.5691721044588,46.1581504720735,46.221422579761054,21054000
2017-09-25,45.883636474609375,46.154164081008176,45.32215447379419,46.106833533111846,37136000
2017-09-26,46.07744216918945,46.37437561263491,45.89210726002578,46.020647029569616,33338000
2017-09-27,47.055423736572266,47.32495546425794,46.22092446771385,46.22092446771385,44788000
2017-09-28,47.30502700805664,47.36431562635531,46.85913083393191,46.89948647314699,20406000
2017-09-29,47.783809661865234,47.81748687412621,47.4051690863148,47.429579363644365,31620000
2017-10-02,47.492855072021484,47.95469280385803,47.22232367042644,47.8271527163372,25668000
2017-10-03,47.71804428100586,47.72850854350706,47.287093794410005,47.52922382913171,17766000
2017-10-04,47.413639068603516,47.84758098318553,47.364316775379585,47.67868557804435,19048000
2017-10-05,48.324363708496094,48.371694252415544,47.58800733034031,47.603454754889675,24276000
2017-10-06,48.76926803588867,48.79766560439443,47.99554737504142,48.16194929634314,23478000
2017-10-09,48.67510223388672,49.09484723753789,48.630763106777074,48.824566713630006,17828000
2017-10-10,48.455894470214844,48.90278651716799,48.13106141239813,48.82456872075389,19368000
2017-10-11,49.28541564941406,49.35815234834441,48.438456542716885,48.51169497890992,33866000
2017-10-12,49.214664459228516,49.52804117571035,49.07367249434938,49.19573528161824,25248000
2017-10-13,49.30683517456055,49.68198638263974,49.272956508363905,49.42241718754242,23396000
2017-10-16,49.42241668701172,49.51742747256932,49.023851078865896,49.427399849912426,18210000
2017-10-17,49.43138885498047,49.64362370881308,49.252530930933375,49.33722569798507,25804000
2017-10-18,49.462772369384766,49.65757184744034,49.17206886138089,49.41096039870484,21152000
2017-10-19,49.046268463134766,49.26697582168654,48.74435189567127,49.12349038161127,26272000
2017-10-20,49.23310089111328,49.372599051334724,49.05274915524988,49.294879190788464,23664000
2017-10-23,48.24913787841797,49.29886725205093,48.13305412147656,49.29886725205093,29568000
2017-10-24,48.3532600402832,48.43745686780848,47.87796664927409,48.326356282203484,24244000
2017-10-25,48.49225997924805,48.629766385963315,47.854054035895736,48.245146796105274,24226000
2017-10-26,48.45389938354492,49.20320976388475,48.43596607773391,48.82456918347684,40842000
2017-10-27,50.78104019165039,52.23182486059913,50.229520720913165,50.2788430132575,103354000
2017-10-30,50.67342758178711,51.06502212307368,50.19464858660684,50.518485789309075,41702000
2017-10-31,50.6500129699707,51.016695493776545,50.34012558523241,50.57926801425359,26614000
2017-11-01,51.09142303466797,51.29917645657264,50.66545192881526,50.678405871802454,27468000
2017-11-02,51.09540557861328,51.220455978392934,50.469157707355905,50.90509132995626,20980000
2017-11-03,51.43917465209961,51.447643368694955,50.83285179406277,50.922529725227,21528000
2017-11-06,51.111351013183594,51.55824686769232,51.06651394738744,51.26530072824596,22504000
2017-11-07,51.48152160644531,51.51340852876371,51.072989657004506,51.1796050204696,22246000
2017-11-08,51.806358337402344,51.98930239272425,51.23839933814387,51.341529155492594,21774000
2017-11-09,51.37839126586914,51.51440386922316,50.80076626884002,51.51440386922316,24904000
2017-11-10,51.219459533691406,51.353476584245016,51.08045932035841,51.13924999824464,14400000
2017-11-13,51.103878021240234,51.394334478760925,50.945450681719684,50.98779806630698,17716000
2017-11-14,51.1163330078125,51.15668864673035,50.525955515421,50.94644553664048,19184000
2017-11-15,50.86274719238281,51.0211745304549,50.58922817078183,50.77804862294279,17080000
2017-11-16,51.44017028808594,51.61055949682677,50.942956278774865,50.942956278774865,22594000
2017-11-17,50.772071838378906,51.535829999596075,50.70531417374546,51.515403210907344,27942000
2017-11-20,50.736698150634766,50.947443004570175,50.69285695690251,50.830363374837134,19070000
2017-11-21,51.53931427001953,51.57020532092018,50.94968556461029,50.982317491764476,21940000
2017-11-22,51.612552642822266,51.799179898428996,51.38686210067466,51.564724158386746,14926000
2017-11-24,51.84421920776367,51.972162211067634,51.564724942287036,51.60806820035819,10740000
2017-11-27,52.52178192138672,52.58405815561343,51.73610701814815,51.813826876621874,26158000
2017-11-28,52.18299865722656,52.92857258608514,51.81382648151175,52.56562651332964,28488000
2017-11-29,50.900108337402344,52.01709322306404,50.60068524778877,51.947344147297805,49188000
2017-11-30,50.887657165527344,51.24038986836024,50.56830519520535,50.935485650745356,34480000
2017-12-01,50.327667236328125,50.941462941398896,49.9216287636733,50.6081611660164,38192000
2017-12-04,49.75522232055664,50.62310611934622,49.600280538164384,50.4517210390949,38128000
2017-12-05,50.07756423950195,50.8477955043002,49.23708596154848,49.61871414009933,41346000
2017-12-06,50.736698150634766,51.06502057052472,49.87778477580472,49.89572188289875,25440000
2017-12-07,51.36195373535156,51.52686184876864,50.72130367463947,50.83883182646282,29164000
2017-12-08,51.6668586730957,51.915963623487904,51.441266955478255,51.688779270155514,25816000
2017-12-11,51.868629455566406,52.00314444693474,51.41775013498342,51.58963314692713,23856000
2017-12-12,51.837738037109375,52.327479183351244,51.499456915814726,51.79539065492409,25590000
2017-12-13,51.84421920776367,52.14588493902379,51.733118612292145,52.1187341109608,25654000
2017-12-14,52.269691467285156,52.735516501683335,51.96877074527952,52.06293390522098,31174000
2017-12-15,53.01899337768555,53.18988051171645,52.28712222634471,52.54170825025863,65518000
2017-12-18,53.66417694091797,53.73143633835413,52.90988722035151,53.11315922126085,31092000
2017-12-19,53.34233856201172,53.6492345258603,52.987116176508806,53.56752737155154,26774000
2017-12-20,53.056861877441406,53.476850155521184,52.88597473521602,53.39713855225572,25372000
2017-12-21,52.9911003112793,53.2750798088535,52.89962828428028,53.0568659049272,19914000
2017-12-22,52.816226959228516,53.01949516355502,52.78234829166747,52.86554925141657,15102000
2017-12-26,52.647830963134766,52.81622462001972,52.32199824552625,52.714090685648834,15212000
2017-12-27,52.28064727783203,52.72903692029658,52.21488549082504,52.680212565975744,25438000
2017-12-28,52.2193717956543,52.54868627576137,52.05147226871127,52.39175274843871,16742000
2017-12-29,52.1326789855957,52.297089150192235,52.057946747048234,52.14862054545879,17750000
2018-01-02,53.059349060058594,53.15600189265572,52.074389493515376,52.22933126696027,24752000
2018-01-03,53.93022537231445,54.12004170065094,52.97017392960718,53.024977322253164,28604000
2018-01-04,54.125518798828125,54.482736697061604,54.006048323941435,54.20523420079827,20092000
2018-01-05,54.9141845703125,55.01482469417834,54.40451458168848,54.504158833195184,25582000
2018-01-08,55.148841857910156,55.36456605632568,54.88379537034074,54.91418468151409,20952000
2018-01-09,55.11496353149414,55.329691858869495,54.86441420721329,55.2714029170671,18050000
2018-01-10,54.93312072753906,55.032263247564586,54.609283543219235,54.6586058351278,20856000
2018-01-11,55.07809829711914,55.12816559128516,54.78265868989563,55.11695632538054,19566000
2018-01-12,55.91210174560547,56.01323981226761,54.860380643720845,54.923154815809134,34410000
2018-01-16,55.8871955871582,56.79144398062693,55.69149904650902,56.42276971497312,31506000
2018-01-17,56.3963623046875,56.427253355306746,55.65054127635537,56.1093952013774,24052000
2018-01-18,56.28725051879883,56.42276518339767,55.67495244923095,56.36796179412958,23964000
2018-01-19,56.671875,56.68931417128803,56.21302486042355,56.3888913768042,35564000
2018-01-22,57.583595275878906,57.78636553623037,56.552301003238064,56.6708744346418,32360000
2018-01-23,58.2890625,58.371613481434274,57.730070190272194,57.78487358148314,26662000
2018-01-24,58.00358963012695,58.781791709293806,57.84466055467234,58.65574542901182,28332000
2018-01-25,58.308990478515625,58.58649298387276,57.92985197262779,58.41660171345427,29610000
2018-01-26,58.581512451171875,58.581512451171875,57.69818499465332,58.54365029302297,40376000
2018-01-29,58.56855773925781,59.13203528537411,58.38920187428582,58.61339860602072,27578000
2018-01-30,57.97618865966797,58.61539052296558,57.967716141883116,58.18244448405544,31126000
2018-01-31,58.287567138671875,58.44001923716927,57.749001630942814,58.318952323106224,30774000
2018-02-01,58.175968170166016,58.489842838858365,57.66879161864634,57.92238179492612,48242000
2018-02-02,55.395957946777344,55.95245677283688,55.16568335689886,55.8991471904024,97158000
2018-02-05,52.60100173950195,55.30129846396112,52.41317715603265,54.33477004924922,75966000
2018-02-06,53.8365592956543,53.89186062364573,50.97369594317276,51.17512444508008,68960000
2018-02-07,52.241294860839844,53.89535158677829,52.225349498419874,53.88339351522329,47384000
2018-02-08,49.8967170715332,52.74149508476534,49.853871750831146,52.58157013593477,57182000
2018-02-09,51.703224182128906,52.011617735820046,49.45031755332755,50.68039861262287,70118000
2018-02-12,52.40869140625,52.8849807007185,51.860060721954085,52.21239810793834,41154000
2018-02-13,52.41666030883789,52.7290373520179,52.017444713073495,52.06293175495293,25302000
2018-02-14,53.293514251708984,53.394150584952854,52.150123429715975,52.25972641615981,31116000
2018-02-15,54.280967712402344,54.378567015283274,53.02647248621465,53.76033546895866,36868000
2018-02-16,54.54401779174805,55.035750686129845,54.220826795438285,54.225661717843,33590000
2018-02-20,54.9256477355957,55.49808812275175,54.23114075795798,54.33327469599879,28462000
2018-02-21,55.36806106567383,56.49551032691691,55.11845817628806,55.12543308456806,30258000
2018-02-22,55.13340377807617,55.94000345612299,54.93212731073745,55.60969308632836,26344000
2018-02-23,56.137794494628906,56.162204773104584,55.03794458364652,55.432827020625794,25220000
2018-02-26,56.98275375366211,56.993218015816026,56.133057947387364,56.18810840462502,31182000
2018-02-27,55.71431350708008,56.99720241961965,55.69986575514217,56.857704262260754,35482000
2018-02-28,55.03873825073242,56.17465613574529,54.964503946900656,55.95046321671788,37652000
2018-03-01,53.2845458984375,55.30727683587994,53.15904696700149,55.19518037081711,50318000
2018-03-02,53.75286102294922,53.90625958777441,52.218126569848856,52.46548683952026,45432000
2018-03-05,54.35121536254883,54.65860926817973,53.258640624652024,53.564540721563944,24044000
2018-03-06,54.556968688964844,54.89525361831359,54.29366686936309,54.76422417850022,30656000
2018-03-07,55.28335952758789,55.411899288162,54.07978690413026,54.26452123608348,25850000
2018-03-08,56.09843063354492,56.178146037289075,55.44079375681427,55.56634209677562,27102000
2018-03-09,57.794334411621094,57.832200367213794,56.42032324664243,56.59663826532575,42560000
2018-03-12,58.01654052734375,58.641796375809484,57.6638078318267,57.98415946900142,43446000
2018-03-13,56.70475387573242,58.62734635650008,56.463619719053256,58.29055523506756,38144000
2018-03-14,57.26872634887695,57.72209916496371,56.86766724273857,57.055495621514915,25828000
2018-03-15,57.27321243286133,57.846154564638745,56.5239058555256,57.29214541209204,27908000
2018-03-16,56.583187103271484,57.58707966081758,56.39536253457442,57.50039315266796,61840000
2018-03-19,54.79412078857422,55.89864973361276,54.25555526341621,55.800005149284395,56118000
2018-03-20,54.68899917602539,55.062154852762816,53.97904856903295,54.75326715653181,36638000
2018-03-21,54.348716735839844,55.11695626011824,54.063243454895996,54.441386082205035,37578000
2018-03-22,52.26620101928711,53.95114873028584,52.1082716183038,53.900332629735985,53340000
2018-03-23,50.895626068115234,52.97764560331567,50.87819069868034,52.164071050482626,43134000
2018-03-26,52.471961975097656,52.59253095460483,50.23948211980544,52.11275231966364,53302000
2018-03-27,50.075077056884766,53.0513330366447,49.667540971974184,52.959712773153974,61906000
2018-03-28,50.04817199707031,51.02814845239125,48.85645482380063,49.7213471998961,67386000
2018-03-29,51.4047966003418,51.96329095928835,49.965468316379045,50.40040608022095,54536000
2018-04-02,50.143333435058594,51.554762174349456,49.341215191199154,50.95790388559817,53608000
2018-04-03,50.48908996582031,50.866730871548924,49.52554918398634,50.51399817959799,45502000
2018-04-04,51.073490142822266,51.25175131310965,49.472245059852504,49.49267184839625,49694000
2018-04-05,51.20650863647461,51.95282758176205,50.823933988439094,51.88009088563878,27260000
2018-04-06,50.171730041503906,51.386363718218526,49.97194738871041,50.81740887421659,34928000
2018-04-09,50.590721130371094,51.79389844141662,50.52246586016918,50.6579805281671,35032000
2018-04-10,51.39732360839844,51.628491436579246,50.38595818341799,51.13825234817273,39490000
2018-04-11,50.815914154052734,51.38357283329456,50.61164627793898,51.215479452472486,29678000
2018-04-12,51.44066619873047,51.84820226124208,50.88889968869652,51.06850261071202,27140000
2018-04-13,51.27925109863281,52.13367924843922,50.9658743667308,51.8576705394777,24460000
2018-04-16,51.71318817138672,51.975247058754626,51.153203785180686,51.66436381526812,24224000
2018-04-17,53.515716552734375,53.7010514626261,52.22535089295237,52.380296487956905,46406000
2018-04-18,53.412086486816406,53.67862680396311,53.12038328588676,53.67862680396311,26882000
2018-04-19,54.19028854370117,54.51238105799436,53.2177848975573,53.27856732570125,34954000
2018-04-20,53.455928802490234,54.42195929868205,53.28703719545148,53.90631022230016,37794000
2018-04-23,53.18141555786133,53.942182265331446,52.84512236497454,53.7000522307441,46826000
2018-04-24,50.816410064697266,52.66078090653016,50.348589514151406,52.411675975466075,95206000
2018-04-25,50.876197814941406,51.43967538337012,50.58374960060861,51.09242377473469,47822000
2018-04-26,51.815818786621094,52.211396789115696,50.727231425200195,51.291203088431374,41590000
2018-04-27,51.31810760498047,52.28712567490067,51.095906422987426,52.11275297614378,32396000
2018-04-30,50.68438720703125,51.664363681392224,50.66047106472668,51.316116217660145,33426000
2018-05-01,51.6798095703125,51.737600577430435,50.230017020001966,50.501540487672465,28558000
2018-05-02,51.03562545776367,51.833209028348115,50.960395279340794,51.22095655313264,32062000
2018-05-03,51.002742767333984,51.29942532232844,50.13436102888092,50.76758764264581,36302000
2018-05-04,52.22285842895508,52.237804117481545,50.66296490616158,50.66296490616158,38774000
2018-05-07,52.55067825317383,52.8939463516482,52.16755625295652,52.27367368060168,29322000
2018-05-08,52.5068359375,52.83764802164801,52.169797750380276,52.73750583062673,24354000
2018-05-09,53.944175720214844,54.07769484855773,52.629148953421655,52.71558840164227,40656000
2018-05-10,54.68202209472656,54.82500580223927,54.08765732985817,54.10708444337326,28860000
2018-05-11,54.716400146484375,54.86935399560627,54.35021935714901,54.484236425050085,25074000
2018-05-14,54.81304931640625,55.33866089176407,54.7587476627766,54.80308679126532,30362000
2018-05-15,53.76830291748047,54.30736637024956,53.481335821910676,54.30487668923445,29898000
2018-05-16,53.89485168457031,54.26850909819454,53.62033679128667,53.67265050165156,21946000
2018-05-17,53.73642349243164,54.14893895825188,53.48283330918081,53.80118941263685,20876000
2018-05-18,53.12710952758789,53.305469515971126,52.84412592058202,52.90291280107676,31304000
2018-05-21,53.785743713378906,54.20523787242644,53.49030409134862,53.510730879409124,20464000
2018-05-22,53.295005798339844,54.134986174175786,53.14354956763144,53.98403168071712,21800000
2018-05-23,53.791221618652344,53.845527071516294,52.89543821657059,53.06582741902964,21214000
2018-05-24,53.76880645751953,53.830083020863654,53.11664684712293,53.7568483861666,15336000
2018-05-25,53.5904426574707,53.93420487561247,53.496530372686166,53.757840440362635,17988000
2018-05-29,52.82619094848633,53.47635501987042,52.5721066362966,53.053873237631,37302000
2018-05-30,53.198848724365234,53.26909573750333,52.65231244217955,52.96120392655091,22770000
2018-05-31,54.055274963378906,54.663091635485394,53.18689321204204,53.18689321204204,61766000
2018-06-01,55.774593353271484,55.79950536715482,54.72835338784526,54.77070077061522,48432000
2018-06-04,56.76055145263672,56.89008708026987,55.899395528891525,55.915587957475616,37792000
2018-06-05,56.77899169921875,57.08180154461706,56.4566483096605,56.84525142714172,33560000
2018-06-06,56.64048767089844,56.94539187995066,56.08563088526468,56.9040403679047,33964000
2018-06-07,55.99181365966797,56.58767222164917,55.62612704765405,56.363479306894476,30400000
2018-06-08,55.84285354614258,56.13181620809355,55.40841368073932,55.708836478253446,25816000
2018-06-11,56.297218322753906,56.659415596791476,55.729757301667064,55.729757301667064,21586000
2018-06-12,56.76205062866211,56.78546503465038,56.33433861018325,56.35102897652976,18240000
2018-06-13,56.53635787963867,57.119764272097456,56.466110863369884,56.851726349570214,30128000
2018-06-14,57.399757385253906,57.566657243855225,56.827814919614944,56.98773987009872,26868000
2018-06-15,57.40673065185547,57.46452546106243,56.96955406645995,57.23734111699857,42450000
2018-06-18,58.46293640136719,58.50528378467184,56.974783746096435,56.97777136330112,28274000
2018-06-19,58.193904876708984,58.35382982729569,57.49392058236461,57.71761557848996,32420000
2018-06-20,58.28258514404297,59.101941069618356,58.24870647691555,58.55510448863709,32970000
2018-06-21,57.67576599121094,58.654001604276615,57.40533721079762,58.53218968054365,24762000
2018-06-22,57.56715393066406,57.91675076187951,57.15762610549626,57.749501211242254,26220000
2018-06-25,56.039146423339844,56.99072530931735,55.43979848331686,56.97528168501298,43146000
2018-06-26,55.722782135009766,56.45764094202609,55.63305479175686,56.19807554271852,31264000
2018-06-27,55.001373291015625,56.3891860531487,54.983436185277405,55.86626563616953,25878000
2018-06-28,55.511539459228516,55.91459410813049,54.60429969886694,54.90721215553621,21448000
2018-06-29,55.58279037475586,56.20938801777037,55.55040551395304,55.79951047141471,26302000
2018-07-02,56.17117691040039,56.198080671880874,54.494199851370496,54.753271139161804,24346000
2018-07-03,54.94707107543945,56.58767587196273,54.80408356041324,56.58767587196273,13580000
2018-07-05,56.01224136352539,56.173162176561505,55.22556680219712,55.32770073658583,21334000
2018-07-06,56.80439376831055,56.842259725294134,55.8362233572282,55.977865298709446,19922000
2018-07-09,57.495906829833984,57.5267978777293,56.96631179941597,57.218404340146066,18180000
2018-07-10,57.43562316894531,57.771916341181615,57.27370648663275,57.641882778528135,15968000
2018-07-11,57.48843765258789,58.00607844683835,56.84574645234227,57.024604376719985,22400000
2018-07-12,58.96214294433594,59.00847761891123,57.5898231544004,57.78686525409757,25038000
2018-07-13,59.228187561035156,59.55685585765057,58.78876457104439,59.03786950566746,24438000
2018-07-16,58.981075286865234,59.33679558820533,58.752895071983076,59.25658604822692,21114000
2018-07-17,59.725399017333984,59.936641800443255,58.320447308450504,58.40115858612108,32208000
2018-07-18,59.57992172241211,60.00937839476939,59.303913023777326,59.613800389486386,27872000
2018-07-19,59.135520935058594,59.78518706016215,58.95417332492572,59.33679739700297,25534000
2018-07-20,59.03338623046875,59.62874689185839,58.99900962672104,59.13552016929018,24948000
2018-07-23,60.0592041015625,60.108526394419975,58.83858758349514,58.83908551971311,52384000
2018-07-24,62.180580139160156,63.073372183120384,61.556821895632744,62.903484706462834,66364000
2018-07-25,62.95878219604492,63.06639342903174,61.734680189192225,61.734680189192225,42556000
2018-07-26,63.189456939697266,63.26124718071679,62.22741373526871,62.326058323341925,48112000
2018-07-27,61.70329284667969,63.466458340910286,61.329635436868095,63.32247495586326,42612000
2018-07-30,60.768653869628906,61.52473771881574,60.35663635000265,61.18067519029505,36998000
2018-07-31,60.64509582519531,61.1596463835485,60.06418291302714,60.782104304676444,32894000
2018-08-01,60.7821044921875,61.45269533835391,60.293860928762804,61.18017598823093,31344000
2018-08-02,61.08800506591797,61.273837903660954,60.023827942111396,60.079129270733254,30626000
2018-08-03,60.96644592285156,61.27981886119017,60.5354916144367,61.26088588115689,21792000
2018-08-06,61.01925277709961,61.08491954235307,60.57220867382197,61.03071291238782,21634000
2018-08-07,61.88862991333008,62.3345260988848,61.587211253054186,61.62856276574844,29880000
2018-08-08,62.057518005371094,62.60007080295265,61.678778613591575,61.801438163101565,27406000
2018-08-09,62.23139572143555,62.5523403009885,62.077446015610384,62.27124962162756,16972000
2018-08-10,61.658958435058594,62.06176224834904,61.37946036010602,61.92749431058556,22174000
2018-08-13,61.5294189453125,62.24001573105843,61.46121308740856,61.62756559360371,19946000
2018-08-14,61.882652282714844,62.0704768708819,61.03619489485899,61.53838829326088,26962000
2018-08-15,60.50161361694336,61.540878704481806,60.25898184582228,61.242949406904664,36576000
2018-08-16,60.108524322509766,61.080529995833686,59.912227229242234,61.017257888974456,26864000
2018-08-17,59.83301544189453,60.23457249266139,59.1992908789089,59.886325025373054,27792000
2018-08-20,60.17229461669922,60.33321543414317,59.51744769327562,60.03528614011269,17416000
2018-08-21,59.86589813232422,60.64509608994178,59.802823677658246,60.18375628569215,24112000
2018-08-22,60.15037536621094,60.37506623200738,59.7353664375446,59.78518666622516,17748000
2018-08-23,60.053226470947266,60.845378394587954,59.99643133245166,60.14090885983876,19852000
2018-08-24,60.813987731933594,60.863807957688564,60.10199600329295,60.22460613697558,18932000
2018-08-27,61.86869812011719,61.93197022670652,61.066382265577744,61.160245139548486,23126000
2018-08-28,61.33710861206055,61.90482050637275,61.21455168732111,61.84229340244434,26080000
2018-08-29,62.24135971069336,62.309117044173426,61.596627358797825,61.65098222633765,25978000
2018-08-30,61.73418426513672,62.45733587950101,61.40885327253516,61.98876650478475,26628000
2018-08-31,60.69143295288086,61.7112671757741,60.347419832156035,61.52792781479911,36328000
2018-09-04,59.63572311401367,60.43236405333625,59.41153018091673,59.99792420239332,36620000
2018-09-05,59.11160659790039,59.73586275068742,57.89198599507385,59.476293550723504,41226000
2018-09-06,58.3622932434082,59.102633110584044,57.393773173809876,59.102633110584044,37770000
2018-09-07,58.032981872558594,58.55261440864033,57.653592497456984,57.726082125683675,28026000
2018-09-10,58.02351379394531,58.516744310877684,57.79782706021079,58.39966468523573,22308000
2018-09-11,58.6572380065918,58.7229997945171,57.60501899146924,57.87355484450357,24186000
2018-09-12,57.93284225463867,58.71951687019654,57.71064106565184,58.42607279084089,25910000
2018-09-13,58.55610275268555,58.71951705949931,57.93434005112072,58.327424591015244,28624000
2018-09-14,58.416603088378906,58.80994228784272,58.2073558479846,58.74392962982405,18880000
2018-09-17,57.595558166503906,58.6512628040262,57.494918031674416,58.297534224981476,26130000
2018-09-18,57.85313034057617,58.59347027613643,57.647368650138155,57.647368650138155,24072000
2018-09-19,58.3448600769043,58.45047956556809,57.522315097351125,58.04045381679563,23828000
2018-09-20,59.13103103637695,59.28149138499067,58.45795055911796,58.788264695003186,24508000
2018-09-21,58.09575653076172,59.397080495311435,58.093263048693885,59.38661623291394,88112000
2018-09-24,58.45845413208008,58.68912784006222,57.14019268057427,57.65135652537526,25420000
2018-09-25,59.02043151855469,59.13153590980462,58.190915414550695,58.59695388141662,19554000
2018-09-26,58.81318283081055,59.49771971246593,58.52795659609419,59.045346548214034,29246000
2018-09-27,59.51814651489258,59.88981219856469,58.96961844360271,59.124062297754534,25216000
2018-09-28,59.45985412597656,59.556506963544386,59.01295828601573,59.380138721325295,27612000
2018-10-01,59.5515251159668,60.27841315858655,59.30192223627641,59.77970533541787,27152000
2018-10-02,59.79066848754883,60.28140553810924,59.11908176208086,59.334805977589866,33758000
2018-10-03,59.932159423828125,60.10454038491495,59.47779451576798,60.03429336628591,25124000
2018-10-04,58.20037841796875,59.66112934877073,57.57193733269693,59.55251844254118,44190000
2018-10-05,57.66032028198242,58.464928167138815,57.05100981671414,58.166003001855415,23686000
2018-10-08,57.24282455444336,58.190917934865574,56.16638906204602,57.29961969251925,38648000
2018-10-09,56.73713684082031,57.510853647374375,56.674959435701226,57.102321716527406,26174000
2018-10-10,53.86745071411133,56.40583071967394,53.86296548712145,56.35152526373803,53514000
2018-10-11,53.772789001464844,55.12194146350162,53.22226920621143,53.45493085104249,58980000
2018-10-12,55.3052864074707,55.55040406758991,54.12562227096292,55.201658656639836,42026000
2018-10-15,54.41697311401367,55.472977967666225,54.25505642422931,55.24699095244392,27448000
2018-10-16,55.863277435302734,56.00975050362874,54.92764008775764,55.03176577177794,38570000
2018-10-17,55.58477783203125,56.24739788001588,54.91219525897424,56.12135160228784,29344000
2018-10-18,54.203739166259766,55.89117655645856,53.66168809085405,55.89117655645856,41890000
2018-10-19,54.6267204284668,55.319231833130395,54.19277854361025,54.47277072260103,25352000
2018-10-22,54.860877990722656,55.41239745482619,54.35469732871583,54.955539084570454,30284000
2018-10-23,54.9869270324707,55.196174266566416,53.30845633080944,53.85100533086611,36974000
2018-10-24,52.347408294677734,55.10798933882786,52.24926165067344,55.01482585776418,39648000
2018-10-25,54.58238220214844,55.35012384870088,53.28604133605609,53.397639868315295,50916000
2018-10-26,53.38169479370117,55.128416964758465,51.51938300606842,51.665859871058615,83752000
2018-10-29,50.82139587402344,54.65561874690411,49.613235375034485,53.92972657508433,77614000
2018-10-30,51.62500762939453,51.68877767370072,49.85835276066234,50.24247443721064,64254000
2018-10-31,53.645748138427734,54.40153170195671,52.66078467699588,52.80078457747617,50596000
2018-11-01,53.30845642089844,54.004704262420454,52.932807271286116,53.597419059541615,29640000
2018-11-02,52.70014190673828,53.954884112491094,52.54171077156013,53.494289327424816,36780000
2018-11-05,51.81831359863281,52.73402209597513,50.87918689510509,52.56114320395685,48828000
2018-11-06,52.601497650146484,53.02671996251917,51.71767229466673,51.78791930954971,24666000
2018-11-07,54.4737663269043,54.57689613281499,53.104187148210414,53.25863478950369,41168000
2018-11-08,53.92623519897461,54.467792124571666,53.41830987222706,54.37362896924855,29764000
2018-11-09,53.11664581298828,53.58546225732527,52.46697969737854,53.50724446091402,26864000
2018-11-12,51.745574951171875,52.91586953386071,51.36544054961825,52.87950118378806,29436000
2018-11-13,51.617034912109375,52.641103407799505,51.3729093406769,51.97773836906849,30274000
2018-11-14,51.99617004394531,52.53941843378312,51.36543692519778,52.312036440034916,31318000
2018-11-15,53.04490280151367,53.400623093834156,51.404298083114696,52.04848307281718,36722000
2018-11-16,52.88447952270508,53.15899060157628,52.26121926081655,52.78085178048318,33162000
2018-11-19,50.81740951538086,52.849608872023325,50.6310787401496,52.670750941167015,37172000
2018-11-20,51.10437774658203,51.40231085985072,49.62270196621098,49.820990817221265,48982000
2018-11-21,51.69475555419922,52.24029597468545,51.488495936454,51.65240817101148,30686000
2018-11-23,51.010711669921875,51.693758486443606,50.93692588916328,51.3156158626548,13830000
2018-11-26,52.243282318115234,52.27765892023462,51.510415276448676,51.731620576862184,38856000
2018-11-27,52.033538818359375,52.689681896762984,51.738597141349906,51.86364754707108,36064000
2018-11-28,54.11705017089844,54.14743948235135,51.602582666002334,52.25025700442737,49508000
2018-11-29,54.220184326171875,54.51636895618894,53.60738447674911,53.611371767589795,29378000
2018-11-30,54.52558517456055,54.58238031118342,53.701048417983046,54.25854312373467,51604000
2018-12-03,55.123435974121094,56.031173698261256,54.98568248976068,55.9559473190505,39824000
2018-12-04,52.35289001464844,55.023295226543155,52.31104056794607,54.95852551066592,46904000
2018-12-06,53.24518585205078,53.36824451528305,51.3539823050993,51.52785706929689,55384000
2018-12-07,51.64344024658203,53.57051805034072,51.24088731744407,52.81074719466927,42024000
2018-12-10,51.79140853881836,52.23481502409256,50.98131955463356,51.56721181413744,36154000
2018-12-11,52.399227142333984,52.840140161947524,51.80585821569032,52.63537814564913,27894000
2018-12-12,52.993587493896484,53.888873004282964,52.949248364678326,53.20881757129462,30476000
2018-12-13,52.9049072265625,53.794707802736234,52.50783161937056,53.212301104217396,26596000
2018-12-14,51.91844940185547,52.93978114210491,51.8531855518079,52.311039777636694,33732000
2018-12-17,50.64453125,52.46897719341809,50.21457662030301,51.68977541448521,47708000
2018-12-18,51.25135040283203,52.28613027082079,50.88914932134153,51.12081889543917,43850000
2018-12-19,50.967369079589844,52.90988659258935,50.222046020511364,51.51440330315422,49586000
2018-12-20,50.28980255126953,51.525858814876386,49.63963853024271,50.724242371340154,53470000
2018-12-21,48.80165100097656,51.01768753916418,48.51019868190271,50.58324770963842,91920000
2018-12-24,48.63624954223633,49.99735636525265,48.33184325126523,48.520663715900056,31806000
2018-12-26,51.786922454833984,51.81382621339199,48.974031489420014,49.273454585866546,47466000
2018-12-27,52.00713348388672,52.00763142009461,49.671523789867194,50.67541639952744,42196000
2018-12-28,51.66835021972656,52.5890418632099,51.47006138033776,52.293104313258894,28296000
2018-12-31,51.59511184692383,52.44655234863896,50.99626563946043,52.359865836544806,29866000
2019-01-02,52.105281829833984,52.42762521571366,50.603677224683864,50.64652254619742,30652000
2019-01-03,50.62111282348633,52.65978521444579,50.52196650628477,51.86364606489749,36822000
2019-01-04,53.34383010864258,53.35030708040654,51.18697950604518,51.44465579292933,41878000
2019-01-07,53.22824478149414,53.50774284026294,52.54918521971009,53.38319036800955,39638000
2019-01-08,53.62133026123047,54.033849486988174,52.83665124819264,53.61286154500066,35298000
2019-01-09,53.54062271118164,53.937694511437904,53.129099358385034,53.88887015783961,23986000
2019-01-10,53.32489776611328,53.36575134202293,52.69616016857261,53.19187657681907,29128000
2019-01-11,52.67025375366211,52.99832531012975,52.23631183232449,52.968680999799766,30416000
2019-01-14,52.04749298095703,52.388267623360655,51.87635875538802,52.15859358018757,22886000
2019-01-15,53.6646728515625,53.80915416602692,52.179511672058936,52.32050363221333,29272000
2019-01-16,53.8549919128418,54.423201724266086,53.773782701259066,53.806665495052755,26636000
2019-01-17,54.29989242553711,54.39455351674884,53.48282854645377,53.780259898337725,24854000
2019-01-18,54.716400146484375,55.21919411403272,54.349717619870574,54.8030904654934,39112000
2019-01-22,53.33436584472656,54.38010791195814,52.98312696182237,54.20523727534482,32270000
2019-01-23,53.58596420288086,54.052287200018625,52.79779574111763,53.67464626841741,19340000
2019-01-24,53.50275802612305,53.78051139905167,52.84512114495975,53.63129778516301,27226000
2019-01-25,54.35420227050781,54.50416469956836,53.897343876061896,54.05577502212615,22382000
2019-01-28,53.312442779541016,53.95612983309895,52.99956400469341,53.81214645249265,25686000
2019-01-29,52.84113311767578,53.56503351358219,52.60423712362769,53.44197485548408,20436000
2019-01-30,54.2580451965332,54.35469803646671,53.151520700470535,53.23024023464636,25596000
2019-01-31,55.618656158447266,55.66648464078924,54.57440792922019,54.95255056112906,30766000
2019-02-01,55.33866500854492,56.048615660662655,55.04671472699218,55.42087010097203,29244000
2019-02-04,56.437217712402344,56.437217712402344,55.252475373413624,55.433822989123996,51530000
2019-02-05,57.094356536865234,57.13720185898585,55.66240216616505,56.04064364986114,71044000
2019-02-06,55.56186294555664,57.14467294026464,55.439302217750566,56.77450487680719,42112000
2019-02-07,54.73881912231445,55.04422126349874,54.10559250643192,55.01034259616361,40896000
2019-02-08,54.556968688964844,54.74878055428458,54.13299312109346,54.15541165312001,21516000
2019-02-11,54.55447769165039,55.09926929257268,54.44736439608158,54.651130526275075,21304000
2019-02-12,55.867759704589844,56.063307987298266,55.094537027186774,55.14186757215209,32182000
2019-02-13,55.80747604370117,56.53336818689574,55.72477302309277,56.04811226158318,20996000
2019-02-14,55.88270950317383,56.209534314218416,55.32347010934751,55.70235776347594,18952000
2019-02-15,55.4831428527832,56.38091803981758,55.333682167707586,56.30170437086267,28996000
2019-02-19,55.72776794433594,55.89367193217501,55.301298871374016,55.301298871374016,20928000
2019-02-20,55.4906120300293,55.96939476975429,55.06613854305071,55.799005570925665,21756000
2019-02-21,54.652130126953125,55.397951160445146,54.430426875823045,55.343147767937495,28302000
2019-02-22,55.31972885131836,55.363072105154124,54.5838704032713,54.8479210177993,20990000
2019-02-25,55.27140808105469,55.72676886301756,55.16528684739145,55.60022464183785,28262000
2019-02-26,55.556880950927734,55.775094850276886,54.79910183636128,55.08955829996046,29426000
2019-02-27,55.602718353271484,55.698869459608126,54.85291001043501,55.14934551332013,19368000
2019-02-28,55.7955207824707,56.1806383377126,55.35161634511024,55.366064097530554,30850000
2019-03-01,56.84524917602539,56.9438937601787,56.036156049196734,56.043628893387755,29006000
2019-03-04,57.184532165527344,57.70665821261725,56.33209574969371,57.14417652473388,28920000
2019-03-05,57.89348602294922,58.27112693483869,57.10456879747419,57.29712567559852,28864000
2019-03-06,57.685733795166016,58.16929449383903,57.56765829057092,57.91640370476741,21986000
2019-03-07,56.9603385925293,57.63067858159087,56.54233823758392,57.57911367465999,23332000
2019-03-08,56.9115104675293,57.148657329568785,55.96391509071277,56.134798429015525,24248000
2019-03-11,58.57752227783203,58.59894873852702,57.01762880634448,57.01762880634448,34384000
2019-03-12,59.4463996887207,59.78518254183267,58.7020725240258,58.7020725240258,40262000
2019-03-13,59.4523811340332,59.8315196393053,59.383627928056406,59.81731895501022,28718000
2019-03-14,59.06527328491211,59.67956692680371,59.01196370191376,59.51166739737745,23456000
2019-03-15,59.01096725463867,59.6142986919102,58.91879964280611,59.45536961792705,49236000
2019-03-18,59.00100326538086,59.28697448379699,58.66027807073977,58.95317478340664,25852000
2019-03-19,59.7278938293457,59.78518690250279,59.0812153232513,59.227688392587744,30414000
2019-03-20,60.97939682006836,61.13732622141282,59.59437014815573,59.65316083025626,44548000
2019-03-21,61.35654067993164,61.36899668743454,60.44033423974038,60.58232208236194,24080000
2019-03-22,60.0592041015625,61.27981681859003,59.925932042979824,61.09647746334284,34284000
2019-03-25,59.436439514160156,60.10394009407609,59.13950609463705,59.63223486961855,29936000
2019-03-26,59.01893997192383,59.92617977105753,58.62535369612214,59.7119493627361,38024000
2019-03-27,58.441017150878906,59.16536229810466,57.76095791822469,59.06278363734229,28004000
2019-03-28,58.21532440185547,58.36852530469884,57.76399655662992,58.36727856369567,19234000
2019-03-29,58.45546340942383,58.73844701337965,57.935830875345566,58.53467707658442,25398000
2019-04-01,59.50768280029297,59.618783390129856,58.88840600676618,58.99303342596801,25050000
2019-04-02,59.809600830078125,59.85244615078365,59.07324439344951,59.55202336755063,16558000
2019-04-03,60.08013153076172,60.597270625240775,59.810101847913344,60.15785139570169,20286000
2019-04-04,60.532501220703125,60.56588195208767,59.990948077454135,60.08112394529368,19000000
2019-04-05,60.14139938354492,60.59327835674676,60.03577990028525,60.531997998697584,18144000
2019-04-08,59.97650146484375,60.21813356851439,59.77821261865551,60.17827586458029,17204000
2019-04-09,59.64817810058594,59.89927478952264,59.44042466844525,59.585901864565066,17528000
2019-04-10,59.892799377441406,59.973757721030964,59.60757316284839,59.81906300919436,14492000
2019-04-11,60.015357971191406,60.181759889798585,59.79166298028385,59.98247897726861,14204000
2019-04-12,60.67548751831055,60.699399859113115,60.18923191159463,60.28339506827909,18668000
2019-04-15,60.83641052246094,60.990854373425684,60.23905810568686,60.6819666714962,23748000
2019-04-16,61.1368293762207,61.32067046894827,60.78758603501196,61.030711946067946,17126000
2019-04-17,61.595680236816406,61.80592334178126,61.17120293525717,61.429278323142135,24438000
2019-04-18,61.59717559814453,61.87766572389955,61.50948941231332,61.73717169291887,26636000
2019-04-22,62.21844482421875,62.23089703055354,61.1956192275045,61.57824329535533,16146000
2019-04-23,63.00113296508789,63.222836215549265,62.09588492004219,62.31061326240617,26398000
2019-04-24,62.575164794921875,63.17351691199609,62.525344563445856,62.97971328475357,20376000
2019-04-25,62.94633102416992,63.14352137328164,62.37737616437507,63.01209281587319,22146000
2019-04-26,63.38126754760742,63.425606677417164,62.79038830138504,63.22283640576431,24828000
2019-04-29,64.14851379394531,64.23271443696488,63.08807678629555,63.47194763945505,49988000
2019-04-30,59.211246490478516,59.4269706954736,58.53965979774222,59.037869668361296,124140000
2019-05-01,58.19489669799805,59.18982261012818,58.15005963506615,59.18982261012818,52784000
2019-05-02,57.92237854003906,58.49930414083956,57.54333886503478,58.178956319242225,38896000
2019-05-03,59.057796478271484,59.127545553664454,58.24073262277712,58.472398380109574,39614000
2019-05-06,59.256587982177734,59.3293246804585,58.10422673542923,58.10422673542923,31278000
2019-05-07,58.49482727050781,59.308899799161864,57.844161449609885,58.81218369860678,31028000
2019-05-08,58.10472106933594,58.80988613474986,58.07831524723993,58.39069228358578,26186000
2019-05-09,57.910919189453125,58.27361819986456,57.336483261853985,57.74401933671468,23714000
2019-05-10,58.00508499145508,58.42009392931628,56.92048106625549,57.971206322952135,26290000
2019-05-13,56.39885711669922,57.191506974307686,55.904630703455965,56.89357766513076,37212000
2019-05-14,55.82142639160156,56.81685026555772,55.77708726371306,56.65692532198454,36732000
2019-05-15,58.00209045410156,58.356818681337515,55.633404157862905,55.69338836507659,45786000
2019-05-16,58.73794937133789,59.19530567340911,57.93383561963858,58.01703657785171,30628000
2019-05-17,57.90694046020508,58.79624318758003,57.79284844281393,58.21433436806889,24172000
2019-05-20,56.7386360168457,57.134563737967184,56.36961205627354,57.02012202807475,27066000
2019-05-21,57.275699615478516,57.429048758374414,56.693292920011075,57.21890448130365,23196000
2019-05-22,57.36488342285156,57.71861199553244,57.089372648911585,57.13222177152827,18290000
2019-05-23,56.83428955078125,57.093505253448356,56.25905540832672,56.82083767132001,23978000
2019-05-24,56.47059631347656,57.282429996070064,56.38042044525804,57.16260981845026,22240000
2019-05-28,56.50447463989258,57.373202280966915,56.45315680186088,56.49700179569064,27300000
2019-05-29,55.62314224243164,56.25287950175901,55.212614746090054,56.17415996869325,30764000
2019-05-30,55.69737243652344,55.95544782943437,55.40691598622755,55.57730519381001,19038000
2019-05-31,54.98393630981445,55.28136766812729,54.81205329354728,54.86735462047499,30156000
2019-06-03,51.62600326538086,53.0842645663248,51.066513019292934,53.0842645663248,102612000
2019-06-04,52.463993072509766,52.61345756121914,51.499460207130404,51.95831033386683,56670000
2019-06-05,51.92443084716797,52.488904260164944,51.340032383627715,52.388762066038026,43368000
2019-06-06,52.030052185058594,52.18698952119173,51.49995915809854,52.0624370451597,34064000
2019-06-07,53.11116409301758,53.35429379809999,52.232321896753916,52.34342628796708,36048000
2019-06-10,53.825599670410156,54.4373998178564,53.42414145839582,53.456921624848626,29284000
2019-06-11,53.742897033691406,54.90222935749057,53.68724601090894,54.50316579763225,28734000
2019-06-12,53.6587028503418,53.853004409181544,53.18589909626381,53.707029271936705,21220000
2019-06-13,54.24359893798828,54.51263274112008,53.81414224584734,53.98801701506506,21154000
2019-06-14,54.07320785522461,54.4388906615792,53.81523130420611,54.12651363320433,22230000
2019-06-17,54.42942810058594,54.76223192764212,54.11954074154248,54.11954074154248,18832000
2019-06-18,54.982444763183594,55.61965488957637,54.752770729521444,55.285855169462785,27734000
2019-06-19,54.91917419433594,55.15183585187143,54.47825735701426,55.0820867681306,26776000
2019-06-20,55.37204360961914,55.80548758907765,55.03923976278998,55.79901061713973,25240000
2019-06-21,55.89317321777344,56.00427381101088,55.20564113303601,55.26343594367529,38952000
2019-06-24,55.57630920410156,55.899146711101,55.35161454249649,55.780075341045844,27912000
2019-06-25,54.12303161621094,55.518017005724474,53.99598566358655,55.43382017420872,30938000
2019-06-26,53.79670715332031,54.452846465403965,53.420058306576976,54.130506877042,36218000
2019-06-27,53.607879638671875,54.16039496690494,53.57200922712161,54.0059511222392,20086000
2019-06-28,53.85200500488281,53.85648643065941,53.476352054861586,53.626812409349036,33864000
2019-07-01,54.70095443725586,55.18073308939964,54.48936575333743,54.70344791939308,28726000
2019-07-02,55.36357116699219,55.389479053000365,54.71191333351013,54.91468359275194,19832000
2019-07-03,55.87822341918945,56.136298818168086,55.49360760387705,55.670469986262994,15340000
2019-07-05,56.376930236816406,56.44120201782349,55.60719688270791,55.68989990542671,25286000
2019-07-08,55.6176643371582,56.097439203080135,55.36158447396458,56.05708356181717,24728000
2019-07-09,56.04014587402344,56.1993220237378,55.1603077551794,55.39097766519124,26608000
2019-07-10,56.81984329223633,56.89806489529567,56.346047451828944,56.358503460052155,24190000
2019-07-11,57.005672454833984,57.44708720657376,56.77500255365358,56.957843971055965,23910000
2019-07-12,57.0400505065918,57.16161536449653,56.735146290417525,56.994715503770536,17280000
2019-07-15,57.311073303222656,57.33498944509063,56.76603461683793,57.137696478838684,18076000
2019-07-16,57.47249221801758,57.7215971408083,57.04502731907585,57.094847543426106,24776000
2019-07-17,57.11228942871094,57.71063768762034,57.08339392527593,57.34246138484185,23400000
2019-07-18,57.11129379272461,57.174812966613224,56.43372806362182,56.88261564423039,25814000
2019-07-19,56.30270004272461,57.35093178352222,56.27878390053225,57.203960780024154,32944000
2019-07-22,56.699771881103516,56.758562563147876,56.01074980083292,56.46959991813744,26030000
2019-07-23,57.105316162109375,57.13969276571062,56.38739477719278,56.995211443343635,21874000
2019-07-24,56.68681716918945,56.995210725297966,56.14775371703241,56.3923772298689,31796000
2019-07-25,56.40333557128906,56.88062072450941,55.84534294191392,56.687315049035966,44196000
2019-07-26,62.29666519165039,63.05095496077926,60.980893404429786,60.98288514935918,96116000
2019-07-29,61.748634338378906,62.145208234009345,61.19163375283274,61.83034149201651,44474000
2019-07-30,61.03768539428711,61.52244339614907,60.94601571874506,61.05113727394641,29066000
2019-07-31,60.6161994934082,61.47910013321654,60.17199478463942,60.93107002381096,34510000
2019-08-01,60.23407745361328,61.4845854052534,60.07016520556219,60.48417828373331,33970000
2019-08-02,59.48576354980469,60.12895269872881,59.23416512328214,59.82205294413828,32902000
2019-08-05,57.40972137451172,58.55161831546215,56.80290059194957,58.292547052180446,51950000
2019-08-06,58.28806686401367,58.78677468522436,57.79234666006381,57.95725477057367,34188000
2019-08-07,58.489341735839844,58.711292044185626,57.27540369678669,57.59306038295543,28886000
2019-08-08,60.02432632446289,60.03478678551596,58.441014671020525,58.92975614727956,29360000
2019-08-09,59.187835693359375,59.97849380274402,58.96827242492408,59.68504972188963,21314000
2019-08-12,58.52521514892578,59.0358810535932,58.174573022526154,58.74940808217496,20060000
2019-08-13,59.649173736572266,60.02332908742772,58.36329718277537,58.36329718277537,25888000
2019-08-14,58.00607681274414,58.903354026581276,57.81924811332101,58.604923002862854,31574000
2019-08-15,58.15404510498047,58.58151003114517,57.8974673222491,57.966718464786844,24374000
2019-08-16,58.6692008972168,58.9242848916927,58.380736169314865,58.766351679001794,26266000
2019-08-19,59.70796585083008,60.133435248934724,59.29146310578417,59.29146310578417,24632000
2019-08-20,58.92278289794922,59.5888923050633,58.8938873938927,59.548536666209294,18310000
2019-08-21,59.34925079345703,59.73536420310823,59.158932737706095,59.443911885137105,14814000
2019-08-22,59.2635612487793,59.68614184072026,58.71802082262473,59.48974591893031,18950000
2019-08-23,57.35840606689453,59.49024587905991,57.18204161847959,58.887910296773164,33740000
2019-08-26,58.235252380371094,58.26414788331042,57.441602916713386,57.655833308868544,24522000
2019-08-27,58.18294143676758,58.90833566702696,57.864585351045044,58.815172182326826,21544000
2019-08-28,58.341373443603516,58.61040724130766,57.65783245205042,57.87754015595829,16040000
2019-08-29,59.4289665222168,59.58889146572505,58.84456427345257,58.84456427345257,21768000
2019-08-30,59.19231414794922,59.71045287508529,58.97823579082762,59.71045287508529,22596000
2019-09-03,58.21034240722656,59.13203372271315,57.95177287922764,58.64079875240773,29598000
2019-09-04,58.859012603759766,58.96214241337881,58.3403759384465,58.6248533529942,21378000
2019-09-05,60.352149963378906,60.43485298765829,59.363203026575825,59.363203026575825,28162000
2019-09-06,60.030799865722656,60.38378341284956,59.91083145227928,60.19023067281565,21442000
2019-09-09,60.00489807128906,60.78160634412705,59.41750818754207,59.98447128342842,29438000
2019-09-10,60.0841064453125,60.283391143183806,59.51515165471628,59.543549220525215,25202000
2019-09-11,60.79007339477539,60.91114030998167,59.8947917100551,59.95507619955846,26140000
2019-09-12,61.49155807495117,61.870692796251326,60.93206781311293,60.99583785892227,34518000
2019-09-13,61.756103515625,61.82186530298735,61.13084769376749,61.34707363653927,26028000
2019-09-16,61.344581604003906,61.756104974838095,61.061100058580465,61.25590334636474,21066000
2019-09-17,61.23746871948242,61.52892104726575,60.96544730709261,61.29974495536022,19102000
2019-09-18,61.39988327026367,61.55931028186595,60.608727247830366,61.155761490225146,22702000
2019-09-19,61.7137565612793,61.99922984677527,61.380454793260476,61.382446538062354,19920000
2019-09-20,61.27632522583008,61.943430498183616,60.9350526780369,61.43525429747233,45400000
2019-09-23,61.480594635009766,61.73268719582508,60.989359655936624,61.08053139628999,21248000
2019-09-24,60.719825744628906,62.113819026408834,60.31727283930037,61.77802378047906,31664000
2019-09-25,62.10285949707031,62.19154155699007,60.28788199068896,60.573355284941805,29060000
2019-09-26,61.84727478027344,62.0271285730502,61.39280727642576,61.87567234744454,30760000
2019-09-27,61.035194396972656,61.97830455724558,60.50509760445849,61.927986394179904,27078000
2019-09-30,60.731788635253906,61.08053405095386,60.39798890864967,60.82993528788376,28082000
2019-10-01,60.039276123046875,61.34109807501698,59.96354800537634,60.73178758007621,25470000
2019-10-02,58.62086868286133,59.634723787370426,58.354822515262114,59.634723787370426,32302000
2019-10-03,59.178863525390625,59.240143888786534,57.91340995741788,58.78876661340956,32424000
2019-10-04,60.233577728271484,60.35513878499801,59.24562664418619,59.381141318349414,23248000
2019-10-07,60.167808532714844,60.69212394375996,59.97201317865986,60.00439803658435,16858000
2019-10-08,59.24363327026367,60.088098876315875,59.23765423468089,59.6651191689719,20786000
2019-10-09,59.900272369384766,60.20118927641272,59.66710899435593,59.75279963252635,17354000
2019-10-10,60.217132568359375,60.53250103725607,59.652662957962306,59.71444125738713,16932000
2019-10-11,60.5549201965332,61.199603155924414,60.469727491227204,60.89171132907406,25454000
2019-10-14,60.63911819458008,61.09697625497012,60.37108406604796,60.399979571253894,17350000
2019-10-15,61.92798614501953,62.14321241302108,60.80153284110888,60.80153284110888,27634000
2019-10-16,61.959373474121094,62.512386751684204,61.70080394206041,61.83631481125006,21892000
2019-10-17,62.42918395996094,62.940096905930254,62.27324630757062,62.32256859830595,19048000
2019-10-18,62.051544189453125,62.71914360470536,61.83183268953383,62.448616004541776,27056000
2019-10-21,62.08442306518555,62.506855416596785,61.807916430041125,62.38882933194672,20544000
2019-10-22,61.91752624511719,62.30612936197141,61.84678129020023,62.16912467923839,20476000
2019-10-23,62.731101989746094,62.76896414675614,61.89560304304751,61.89560304304751,18230000
2019-10-24,62.823768615722656,62.97373103979089,62.46132046356626,62.819283388733574,20562000
2019-10-25,63.030029296875,63.25272842269501,62.27673541143346,62.3275515136555,24262000
2019-10-28,64.26908111572266,64.73291443997107,63.39920548127076,63.54418475367942,52264000
2019-10-29,62.90497589111328,63.850077806238254,62.635542992734,63.58303956287251,37728000
2019-10-30,62.838714599609375,63.24076958859277,62.37587718255855,62.424203603073174,28178000
2019-10-31,62.77992630004883,63.156571329204006,62.318233006413415,62.83821524466579,29114000
2019-11-01,63.458984375,63.50282556649354,62.79935575261423,63.02354867412212,33402000
2019-11-04,64.33731842041016,64.47482481764611,63.589258684628824,63.59399097854077,30020000
2019-11-05,64.3702163696289,64.71398242337197,64.3303054500767,64.4130616920282,25654000
2019-11-06,64.35874938964844,64.45490809394231,63.8954178449174,64.24217149966927,23060000
2019-11-07,65.20870208740234,65.95003410432021,64.48056728103616,64.48230815731286,40600000
2019-11-08,65.333740234375,65.66405816144575,64.98474399962865,65.03033366634848,25028000
2019-11-11,64.7269287109375,65.08738128745507,64.63824285714325,64.92570787303349,20238000
2019-11-12,64.7074966430664,65.26548923284996,64.55653456066965,64.76727939137783,21718000
2019-11-13,64.66764068603516,64.98150772520644,64.44394190688787,64.47184153712884,16534000
2019-11-14,65.3382339477539,65.61424265954248,64.55056725411802,64.64273486977683,23870000
2019-11-15,66.5045394897461,66.50504122697197,65.47872252729222,65.71089002544576,35652000
2019-11-18,65.798583984375,66.53737688995162,65.63915317018164,66.37251819089587,29748000
2019-11-19,65.53752136230469,66.14732978631665,65.40499430715609,66.14732978631665,25384000
2019-11-20,64.91923522949219,65.5145996893556,64.32637185379158,65.35218126036304,26172000
2019-11-21,64.83453369140625,65.39452561677743,64.41853273922996,64.84101066248286,19910000
2019-11-22,64.53511810302734,65.20222339507046,64.33932654266393,65.04727780845323,27714000
2019-11-25,65.10059356689453,65.33076173964967,64.67412448728324,64.72643439898943,20724000
2019-11-26,65.4423599243164,65.50463616242392,65.02087781135316,65.25851882737378,21394000
2019-11-27,65.4144515991211,65.68199155963015,65.24705382313128,65.51459378364034,19912000
2019-11-29,65.01439666748047,65.27570294129762,64.96507437659734,65.12201170289069,11740000
2019-12-02,64.26509094238281,65.05773696116405,63.82068858146408,64.81710834010002,30218000
2019-12-03,64.5321273803711,64.69060792638085,63.72104254057905,63.74944010759681,22876000
2019-12-04,65.79061126708984,66.05267016383819,65.00991567642,65.11653484638099,30750000
2019-12-05,66.16874694824219,66.22992848046287,65.58633646781333,66.16226997688881,24254000
2019-12-06,66.79100799560547,66.95940164989565,66.43329216324464,66.43329216324464,26296000
2019-12-09,66.93749237060547,67.72915017140485,66.6525131991432,66.66247952597082,27086000
2019-12-10,66.9922866821289,67.25708229539589,66.56283003925228,66.83484762750214,21882000
2019-12-11,67.01022338867188,67.31811520302209,66.89314376513646,67.30018189791723,17008000
2019-12-12,67.27178955078125,67.54605740509923,66.78504355110631,67.05606531712135,25620000
2019-12-13,67.15023040771484,67.41243375320646,66.95293362230578,67.15620564269082,30992000
2019-12-16,67.81483459472656,67.9897052240032,67.39135316732647,67.5821653568167,27946000
2019-12-17,67.51341247558594,68.0056471101961,67.32424233430966,67.90052555764954,37080000
2019-12-18,67.38886260986328,67.77995919657764,67.30815893290959,67.58715525395334,30452000
2019-12-19,67.55925750732422,67.66188558468679,67.2077677454771,67.34901438824723,29398000
2019-12-20,67.2379150390625,67.93789939585746,67.20851779425129,67.92345544314443,66300000
2019-12-23,67.2005386352539,67.74657316341117,67.08445488896126,67.55078161882918,17662000
2019-12-24,66.93749237060547,67.27129209957117,66.89863053784971,67.18360970931198,6950000
2019-12-26,67.7764663696289,67.82265660286629,66.98282450499487,67.0675192693954,13350000
2019-12-27,67.35249328613281,67.98223434629827,67.2239573262439,67.90550655808211,20768000
2019-12-30,66.56781005859375,67.40779417611138,66.46218677290594,67.2583297008049,21018000
2019-12-31,66.61165618896484,66.66048434603213,66.21632524517379,66.26739601571373,19236000
2020-01-02,68.12372589111328,68.16208598510593,66.83734758257737,66.83734758257737,28132000
2020-01-03,67.78942108154297,68.37930442399039,67.03632869883518,67.15171305828703,23728000
2020-01-06,69.46092224121094,69.57500664769613,67.2583337483084,67.2583337483084,34646000
2020-01-07,69.4175796508789,69.89835039114612,69.2701069019076,69.6467595551646,30054000
2020-01-08,69.96461486816406,70.32631421540323,69.29302434643913,69.35479884560189,30560000
2020-01-09,70.73733520507812,71.11099262015763,70.26104211370898,70.77420529099804,30018000
2020-01-10,71.2305679321289,71.48958599528463,70.66360482018497,71.1224511531256,36414000
2020-01-13,71.70386505126953,71.76813303326296,71.04573020325485,71.54942119958059,33046000
2020-01-14,71.28785705566406,71.83189989584855,71.16281044519533,71.69290346896483,31178000
2020-01-15,71.7023696899414,71.81172561021167,71.25447794475107,71.25447794475107,25654000
2020-01-16,72.32512664794922,72.33957820087372,71.78805494305209,72.11289179547897,23474000
2020-01-17,73.75448608398438,73.79957401298498,72.64995725776873,72.88361474988854,47924000
2020-01-21,73.95427703857422,74.32544097270726,73.29663633699343,73.69122227835783,40734000
2020-01-22,74.03150177001953,74.8916086900579,73.98068186600193,74.28310020582609,32216000
2020-01-23,74.06637573242188,74.50829225732234,73.83969690461086,74.11570563092833,27024000
2020-01-24,73.07294464111328,74.50703893637343,73.00020034197286,74.41212697328763,35692000
2020-01-27,71.43831634521484,71.64607358067836,70.80558765170744,71.29383882097378,35104000
2020-01-28,72.36798095703125,72.53936985821755,71.36707585576754,71.89169541978912,31548000
2020-01-29,72.6703872680664,73.0091663200214,72.07801046020607,72.67885598415737,21554000
2020-01-30,72.53137969970703,72.60312051643608,71.56285966866811,71.74022376690966,26788000
2020-01-31,71.45475769042969,73.24332933521633,71.17077440981794,73.18204897262366,48344000
2020-02-03,74.03099822998047,74.23327436658063,72.68832651582746,72.83828513994706,60736000
2020-02-04,72.09445190429688,73.21193469355039,71.05967213118852,72.59266174583459,78660000
2020-02-05,72.15225219726562,72.92996017106478,71.27191614536156,72.85921521589113,39724000
2020-02-06,73.54723358154297,73.83469859858627,72.21900593271481,72.25687188844265,33588000
2020-02-07,73.69670104980469,74.02601552536632,73.05500192940411,73.10233247546581,23446000
2020-02-10,75.16392517089844,75.20477874534971,73.45208133976502,73.45208133976502,28398000
2020-02-11,75.1694107055664,76.20767995883487,75.0123745430737,75.31987106902943,26892000
2020-02-12,75.64170837402344,75.76252822139317,75.13553152149302,75.45288792672153,23352000
2020-02-13,75.46186065673828,76.08561888964451,74.96066315107382,75.36371020707828,18590000
2020-02-14,75.76477813720703,75.76477813720703,75.09717106498607,75.50869446698948,23956000
2020-02-18,75.71146392822266,76.30732256200518,75.3587350175316,75.47880226931406,22414000
2020-02-19,76.06120300292969,76.33103119620074,75.79764652486257,75.98049172981426,18986000
2020-02-20,75.63573455810547,76.20817874720811,75.07126495040771,75.82754262619551,21932000
2020-02-21,73.9896469116211,75.3400422729174,73.75698527381057,75.13154004320887,34634000
2020-02-24,70.82501220703125,71.5912637591547,70.31684363464926,71.05020099096896,57342000
2020-02-25,69.1739501953125,71.64955212683627,68.87253535172991,71.393476084412,49566000
2020-02-26,69.40959930419922,70.53157498683595,68.70313807301896,69.5570720409222,44048000
2020-02-27,65.66854858398438,68.33964561997183,65.62270804503615,67.85917139391135,59566000
2020-02-28,66.72674560546875,66.81692147538106,63.32247728092318,63.64631447485842,75782000
2020-03-02,69.20682525634766,69.29451523650313,66.10323093139287,67.33853834494676,48630000
2020-03-03,66.82937622070312,70.2550631453751,66.36155187083929,69.72048493834501,48046000
2020-03-04,69.07779693603516,69.1560223385628,66.91507361334381,67.71818774596102,38266000
2020-03-05,65.71587371826172,67.70223609245625,65.02136300311673,67.26829423031056,51226000
2020-03-06,64.68807220458984,65.07716944684681,62.82676002012818,63.624393022283726,53212000
2020-03-09,60.560401916503906,62.51338379399321,59.78518744098574,60.04923807735038,67308000
2020-03-10,63.7902946472168,63.82816060450684,60.72032413320116,62.77444398655538,52228000
2020-03-11,60.55292510986328,62.82227118669047,59.589388177979856,62.261287154918875,52170000
2020-03-12,55.54591751098633,59.479784657543554,55.465707968907616,56.098432856783845,84534000
2020-03-13,60.76815414428711,60.769647952918845,55.65716963315186,58.73894625394374,74002000
2020-03-16,54.02239227294922,57.407081382695296,53.52966348290674,54.60380312270381,85048000
2020-03-17,55.78954315185547,56.34056086815719,52.6114596712959,54.45981784071647,77230000
2020-03-18,54.64366149902344,55.12692570590036,51.67831446726973,52.63637416423167,84668000
2020-03-19,55.564849853515625,57.69120851467344,52.81563000992744,54.456831557327384,73022000
2020-03-20,53.42404556274414,56.99471585428309,53.08376886721932,56.58269453030905,72036000
2020-03-23,52.64185333251953,53.374222460318244,50.49536439498534,52.87601258301732,80882000
2020-03-24,56.51991653442383,56.54682029314317,54.33576312451831,54.99091032045878,66890000
2020-03-25,54.92714309692383,57.23933464646578,54.1060918807709,56.12185173507094,81630000
2020-03-26,57.87953567504883,58.28906350653857,54.48074469302241,55.39097589821836,71434000
2020-03-27,55.336666107177734,57.32751377267818,55.09752750653452,56.081989141296134,64170000
2020-03-30,57.13570785522461,57.37534821799909,54.62772089959847,56.050605984161514,51482000
2020-03-31,57.932342529296875,58.55510488311153,56.703261119657064,57.15962155498236,49728000
2020-04-01,55.08308029174805,56.28227414679603,54.67604594221727,55.899148337756905,46884000
2020-04-02,55.84135437011719,56.141275401525384,54.62372933746652,54.71639488242185,39298000
2020-04-03,54.69746780395508,55.97587150922342,53.79720293795534,55.75043184056625,46268000
2020-04-06,59.13352966308594,59.51914515659062,56.344550877283865,56.69628770254205,53294000
2020-04-07,59.113101959228516,61.030711333281545,58.89986742758703,60.831426617699606,47746000
2020-04-08,60.29734802246094,60.73527343208442,59.195308721541366,60.1090255003296,39502000
2020-04-09,60.35563659667969,61.0591102518556,59.62252243250163,60.984875942954375,43508000
2020-04-13,60.66004180908203,60.807016615626516,59.16730885587306,60.24254319783127,34796000
2020-04-14,63.23428726196289,63.873990809597274,61.62507156986149,62.03161175142881,49408000
2020-04-15,62.89750289916992,63.793784258229195,61.79795334033705,62.057518739034414,33434000
2020-04-16,62.947322845458984,63.72104347713637,61.9085557170271,63.47692170380985,50362000
2020-04-17,63.93278503417969,64.48978182697054,63.33393879149443,64.01250044409663,38980000
2020-04-20,63.103759765625,63.8505766092305,62.84269676867109,63.32247158014304,33910000
2020-04-21,60.59925842285156,62.48896802492623,60.26894428779156,62.126766969358776,43060000
2020-04-22,62.93437194824219,64.05050929334271,61.87766766242511,62.05403591202552,41848000
2020-04-23,63.58702087402344,64.43397611393483,63.056927895062465,63.349874015014585,31324000
2020-04-24,63.736488342285156,63.790789996183854,62.24883360306302,62.832734125623766,32792000
2020-04-27,63.56560134887695,64.57547679678876,63.22283498633219,64.56800395261827,32012000
2020-04-28,61.4626579284668,64.17192127471371,61.38942329439581,64.16594604012816,59026000
2020-04-29,66.8338623046875,67.75604783893392,66.02975227900954,66.83286643219056,75872000
2020-04-30,67.19157409667969,67.39882959463397,65.88775661719674,66.00683559309654,53378000
2020-05-01,65.79409790039062,67.3614642516672,65.31531893094996,66.18718622925435,41450000
2020-05-04,66.10248565673828,66.14533858027171,64.71746274764548,65.17731255153716,30080000
2020-05-05,67.31362915039062,68.45104464151677,66.63357755150157,66.6564978203561,33030000
2020-05-06,67.12382507324219,68.31056307074364,67.12333093800265,67.840754489158,24308000
2020-05-07,68.38229370117188,68.6333903861905,67.52088687184003,68.05247748320235,27952000
2020-05-08,69.16996765136719,69.68760844457282,68.52777438862209,68.90890464132967,27738000
2020-05-11,69.91179656982422,70.57291896498748,68.61106566283502,68.66726783227412,28242000
2020-05-12,68.54073333740234,70.49670290759258,68.4924069148752,70.10411629249947,27812000
2020-05-13,67.22496032714844,69.02609080159317,66.18220578020906,68.60599984484796,36252000
2020-05-14,67.5637435913086,67.62801157479208,65.95851120564234,66.51201864323788,32062000
2020-05-15,68.41368865966797,68.47795664514966,66.71030576743806,67.25833972454419,34154000
2020-05-18,68.94926452636719,69.36701404449302,67.47008214467314,67.84373959690274,36448000
2020-05-19,68.42837524414062,69.35081153698461,68.42837524414062,69.10156216552032,25612000
2020-05-20,70.08418273925781,70.26852557468654,69.11417254852687,69.23024870647818,33108000
2020-05-21,69.88887786865234,70.52110477602236,69.4230528704439,70.14794912189906,27700000
2020-05-22,70.26851654052734,70.38509442076389,69.34234006155904,69.58546974957504,26188000
2020-05-26,70.59732818603516,71.79204048259427,70.3537043665957,71.60620766622463,41212000
2020-05-27,70.63818359375,70.83248513095839,69.31543705158543,70.60879395632884,33716000
2020-05-28,70.58289337158203,71.78407519266794,69.55010521988339,69.5929505415694,33844000
2020-05-29,71.1902084350586,71.37205778596045,70.41449981432054,70.5933539457811,36418000
2020-06-01,71.3346939086914,71.64059399925303,70.64616593577318,70.6655968518366,24342000
2020-06-02,71.70336151123047,71.72279242651851,70.68751082730623,71.27141135212777,25562000
2020-06-03,71.56187438964844,72.06865183730712,71.2329095891964,71.65753136014015,25124000
2020-06-04,70.356201171875,71.69040407543716,69.98503725880404,71.26393503645289,29686000
2020-06-05,71.6620101928711,71.9938181415722,70.04830924942172,70.40552334664528,34698000
2020-06-08,72.07154083251953,72.1402940426909,70.86238441975776,70.86238441975776,28084000
2020-06-09,72.54733276367188,73.13721615425051,71.90215184383143,72.00926514975647,28184000
2020-06-10,73.03009796142578,73.44904095512503,72.55280900832531,72.71572156988468,30504000
2020-06-11,69.94068908691406,72.46337044940645,69.84901562115698,71.86577105118403,39826000
2020-06-12,70.40602111816406,71.59275894947336,69.05288896980493,71.16878337124848,38928000
2020-06-15,70.73832702636719,70.98493847353093,69.14754635473658,69.29102799634474,30078000
2020-06-16,71.87773895263672,72.49053498978878,71.03974651051058,72.00229142534695,34184000
2020-06-17,72.29622650146484,72.73863708536014,71.31276075781638,72.09893734974908,30992000
2020-06-18,71.54093933105469,72.31068025179812,71.09504698146569,72.19857999287221,31638000
2020-06-19,71.32970428466797,72.13082663218098,70.81305935612863,71.94150444297918,63158000
2020-06-22,72.3331069946289,72.37744232517777,70.90573285210748,71.19419377763502,30848000
2020-06-23,72.9583511352539,73.53284028816566,72.00328667503676,72.52142161211505,28596000
2020-06-24,71.3421630859375,73.50688561657245,71.23156043207413,72.81387245217365,35120000
2020-06-25,71.80847930908203,71.88669710131052,70.74579987084343,71.23903036725484,24610000
2020-06-26,67.7515640258789,71.41589554890012,67.35747983004785,71.3132674765276,85354000
2020-06-29,69.49878692626953,69.53017591522648,67.10937711298362,67.66587218651603,36204000
2020-06-30,70.42744445800781,70.67854874983512,68.95025395932078,69.2730990764932,40848000
2020-07-01,71.64456939697266,71.8916825762437,70.23861810447518,70.30239194502477,35504000
2020-07-02,72.9728012084961,73.88203271256032,72.06207209478745,72.08797998142785,37182000
2020-07-06,74.51725769042969,75.05980291455755,73.3793403903291,73.73805212311827,31280000
2020-07-07,73.9931411743164,75.5684745653254,73.91192815547616,74.23327567203478,29164000
2020-07-08,74.53219604492188,75.02442305506965,74.01555115717608,74.44849715564595,24994000
2020-07-09,75.27900695800781,75.86340915901333,74.13785891845036,75.05282230927719,28466000
2020-07-10,76.81100463867188,76.9151303165417,74.55910155405785,75.03788049778584,37126000
2020-07-13,75.29645538330078,78.57427448460577,74.9926990857716,77.22253349363405,36928000
2020-07-14,75.75679779052734,75.87487328964137,73.90943925246394,74.2487200614685,31700000
2020-07-15,75.41104888916016,76.49166941609427,74.63185085070943,75.8838526785356,32214000
2020-07-16,75.62825775146484,75.66263435320313,74.04942755345188,74.73147848917887,30386000
2020-07-17,75.50618743896484,75.89927572620824,74.65275527390709,75.80860573313267,29134000
2020-07-20,78.00572204589844,78.23340433066593,74.91083940978167,75.49175232432286,31146000
2020-07-21,77.64202117919922,79.06541172209533,77.43576156058828,79.06541172209533,24324000
2020-07-22,78.14372253417969,78.21895271408748,77.02823138131289,77.74565483909969,18640000
2020-07-23,75.5126724243164,78.31211540945279,75.0997578719082,78.06799743119716,32552000
2020-07-24,75.32286071777344,75.61012811712042,74.15356198548388,74.6781815268445,30880000
2020-07-27,76.23607635498047,76.77264631663479,75.48925568592946,75.50868660063844,24920000
2020-07-28,74.74842071533203,76.05074057337652,74.61490539134913,75.98597845727959,34044000
2020-07-29,75.82853698730469,76.288485594667,74.79774063891395,75.04635144013983,22130000
2020-07-30,76.2983627319336,76.61821265922241,74.34388308640193,74.58202585443561,33428000
2020-07-31,73.88253021240234,75.17737712044061,72.44120644663028,74.98108383916886,68798000
2020-08-03,73.45855712890625,74.25668422333258,73.0196282781996,74.06587203460529,46604000
2020-08-04,72.98625183105469,74.01206886075751,72.6713888949411,73.5641771323543,38070000
2020-08-05,73.41670989990234,73.85513707201787,72.91102712382464,73.20198154119143,39590000
2020-08-06,74.73645782470703,74.8505498279593,73.03756799189742,73.32403713892269,39908000
2020-08-07,74.45697021484375,75.57071285686534,73.81676870052543,74.73148130186058,31556000
2020-08-10,74.53717803955078,74.93450071008027,73.39029795982702,74.09277569240042,25786000
2020-08-11,73.75100708007812,75.22969522518599,73.6354250587106,74.35484027905359,29088000
2020-08-12,75.0613021850586,75.34856957917027,73.99662329724408,74.01306659600198,28740000
2020-08-13,75.65068054199219,76.58731755778908,75.13030299341314,75.24663001451341,29104000
2020-08-14,75.11659240722656,75.82255948564368,74.8749603220762,75.51167245961807,27096000
2020-08-17,75.62725830078125,76.00739264664327,75.12854673056206,75.4623464064371,27566000
2020-08-18,77.65099334716797,77.84379728947582,75.91273984080412,76.0357947029655,40542000
2020-08-19,77.09947204589844,78.40228594083284,76.92111206782128,77.38743119727448,33212000
2020-08-20,78.8043441772461,79.00960791163963,76.63464241918054,76.89619954838109,34138000
2020-08-21,78.73809051513672,79.59999148935754,78.11956251593469,78.56919511356264,28930000
2020-08-24,79.12570190429688,80.41955310709193,78.74556749802319,79.41366109106676,28198000
2020-08-25,80.12311553955078,80.29250508084044,78.82029391592643,78.82029391592643,44942000
2020-08-26,82.32320404052734,82.66397484069635,79.89293336609661,80.11214692058896,79868000
2020-08-27,81.42393493652344,82.45373543110213,80.99647000654137,82.38796984139424,37232000
2020-08-28,81.92613220214844,82.06363862258311,81.24557880928286,81.3820893572564,29980000
2020-08-31,81.41645812988281,82.1032375600804,81.22365419912411,82.0995049392302,36468000
2020-09-01,82.73821258544922,82.98831339794923,81.31881312335304,81.53852082213,36506000
2020-09-02,86.10462188720703,86.34873987239516,83.01820791378776,83.38912858933894,50224000
2020-09-03,81.79810333251953,85.17965311352417,80.46389261790303,85.17965311352417,62156000
2020-09-04,79.26718139648438,81.9610008821091,77.1036069183023,80.92223000681182,52172000
2020-09-08,76.34518432617188,77.91330329540637,76.12696663128943,76.40098359042678,52218000
2020-09-09,77.56928253173828,78.16912459266335,76.52757721817763,77.59768389970756,35494000
2020-09-10,76.32675170898438,78.92048252348167,76.01711899708599,77.75262821216407,32372000
2020-09-11,75.76377868652344,78.47802523690928,74.59995349288066,76.52504334961185,31942000
2020-09-14,75.69203186035156,77.92002663149194,75.51567120872866,76.67475272915162,33932000
2020-09-15,76.79605865478516,77.69931488751669,76.3175305815149,76.52503693269898,26622000
2020-09-16,75.77273559570312,77.82037841932755,75.7189280795232,77.49853679669494,26234000
2020-09-17,74.50877380371094,75.14489296227245,73.236847171824,74.5321958088919,37596000
2020-09-18,72.73814392089844,74.88109419570088,71.59923833567183,74.63233894048756,62078000
2020-09-21,71.30180358886719,72.15872518751786,70.07570980844478,71.74521007637182,57776000
2020-09-22,73.01066589355469,73.21293441697799,71.46970161710587,72.24491604968256,31664000
2020-09-23,70.50716400146484,72.78647286049964,70.13301242700652,72.67786954472031,33148000
2020-09-24,71.1588134765625,71.92700357591858,70.2401174139501,70.29890429211261,29004000
2020-09-25,71.98933410644531,72.24043078495706,70.41399322831646,71.37504048840655,26460000
2020-09-28,72.96382904052734,73.57562917317371,72.20560525974234,73.44659908232394,40158000
2020-09-29,73.20347595214844,73.56881670878619,72.67910728573281,73.25628760132989,19564000
2020-09-30,73.21692657470703,74.220819168746,72.73266651539177,73.07742081579438,34032000
2020-10-01,74.23775482177734,74.68365477779284,73.69570376792392,73.94779631658012,35590000
2020-10-02,72.65991973876953,73.8944897877433,72.2862623452686,72.83977732895586,25682000
2020-10-05,74.03498840332031,74.14409344979013,72.9513803745539,73.04803321463315,22266000
2020-10-06,72.41181182861328,74.07184746665617,72.17017973957381,73.5148507219076,24908000
2020-10-07,72.75308990478516,73.18503243355454,71.54293774921727,72.95237080464543,34924000
2020-10-08,74.03050231933594,74.23327258625343,72.99223310534455,72.99223310534455,23756000
2020-10-09,75.48976135253906,75.5545234695273,74.2058765198503,74.4674336741052,28706000
2020-10-12,78.17659759521484,79.40767830674608,76.35415113988951,76.8737836640096,49652000
2020-10-13,78.30265045166016,79.21537132134426,77.88017248517762,78.90299427235132,32020000
2020-10-14,78.12329864501953,79.0999910644463,77.24893782313865,78.6469147044331,38586000
2020-10-15,77.67739868164062,78.47329083512476,76.97492848809848,77.08054418420672,30800000
2020-10-16,78.36890411376953,78.77345634547878,77.87020013465877,78.01219176469232,28694000
2020-10-19,76.45578002929688,79.1231974763329,76.12646557310629,78.74007550563559,32142000
2020-10-20,77.51797485351562,78.5926124623821,76.01039119543788,76.07914440554948,44834000
2020-10-21,79.38027954101562,80.64673283460431,78.3001608273862,78.38485559933862,51366000
2020-10-22,80.47733306884766,80.80914100726197,78.96626024078267,79.36731551603609,28672000
2020-10-23,81.7562484741211,81.82399820975644,80.73541078336078,81.0124153689847,27516000
2020-10-26,79.23778533935547,81.61873369883584,78.54278046424884,80.9596030348755,37066000
2020-10-27,79.92581939697266,80.05460623126643,78.85566701810664,79.49786031329589,24580000
2020-10-28,75.55950927734375,77.78799809147694,75.45986882020406,77.70778854976022,36680000
2020-10-29,78.0814437866211,79.4002069040002,75.83949935418448,75.8454745885727,40062000
2020-10-30,80.76032257080078,84.04800923898793,79.93578578829252,83.3061754829489,86582000
2020-11-02,81.01042175292969,82.7412024368724,80.51221185929819,81.1165391831238,50708000
2020-11-03,82.21509552001953,82.78753973985212,80.54161165748323,81.2968935014004,33234000
2020-11-04,87.14337921142578,88.2511541967473,84.99609591226361,85.20783662504263,71418000
2020-11-05,87.85283660888672,89.36091429659673,87.21213336445717,88.73118085261464,41316000
2020-11-06,87.77212524414062,88.30420997882027,86.70595642792426,87.38352215425387,33218000
2020-11-09,87.83440399169922,90.57754596852064,87.68593537863329,89.22440622191118,45366000
2020-11-10,86.70794677734375,87.83440006431711,85.55757734926334,86.24460765327092,52722000
2020-11-11,87.32174682617188,87.89518691672917,87.05545356956816,87.18673388725607,25280000
2020-11-12,87.17874908447266,88.09695099264714,86.96751011522662,87.06864817427758,24950000
2020-11-13,88.53289794921875,88.73318235279658,86.91521330413626,87.56687121649847,29998000
2020-11-16,88.75011444091797,89.63144634561714,88.0680634532121,88.26784610746493,24936000
2020-11-17,88.19062805175781,88.93047008173104,88.03369071175136,88.52891301072637,22942000
2020-11-18,87.02630615234375,88.35603154313138,86.99442302965078,87.94550402962024,23470000
2020-11-19,87.88023376464844,88.16271942743678,86.53930300603713,86.60780534214375,24998000
2020-11-20,86.79762268066406,88.3824281602176,86.78118698513572,87.94450277788363,46270000
2020-11-23,86.43244171142578,87.3810368579821,85.57851526731669,87.16681024311319,43232000
2020-11-24,88.12734985351562,88.26286452265683,86.07522170743782,86.21522160348317,31560000
2020-11-25,88.25439453125,88.60862102244772,87.51256081825862,88.32713122684146,20916000
2020-11-27,89.3385009765625,89.87706271477253,88.30471695682945,88.33710181658857,17698000
2020-11-30,87.72181701660156,89.0831747263986,87.43584196493583,88.74035131925527,36476000
2020-12-01,89.58311462402344,90.9148316611526,88.15175713429376,88.40086206683466,34738000
2020-12-02,91.07027435302734,91.45389809026554,89.15331118291863,89.58311755305067,24440000
2020-12-03,91.01148986816406,92.02933231770002,90.80622611448626,90.87398345075272,24546000
2020-12-04,91.072265625,91.32983928089875,90.5242393195846,90.8993867362451,27564000
2020-12-07,90.6482925415039,91.2904858226934,89.96574742148972,90.62437639889983,26418000
2020-12-08,90.60195922851562,90.76886288991709,89.48871066665589,90.18097125488364,21926000
2020-12-09,88.88711547851562,91.38514355811702,88.0740426806724,90.27612941214994,30152000
2020-12-10,88.44869232177734,88.74661780036864,86.70445609674687,88.17317777227223,27256000
2020-12-11,88.76954650878906,88.90306943819704,87.68494258118176,87.83739468926349,24414000
2020-12-14,87.68792724609375,89.54774559544967,87.54618647320665,88.43225445521954,32004000
2020-12-15,88.07203674316406,88.25388607036788,87.18422796938802,87.90514070497869,29646000
2020-12-16,87.83440399169922,88.33261387525727,87.48964208329406,88.3266310386734,30270000
2020-12-17,87.08210754394531,88.27203831828774,86.62176359024846,88.10892048797689,32494000
2020-12-18,86.2406234741211,87.44131105470635,85.70305765321262,87.39497638246168,80328000
2020-12-21,86.6571273803711,86.73086754886542,84.64585288156944,85.36875740142833,36568000
2020-12-22,85.8664779663086,86.55923267897111,85.322184267216,86.41101493195013,18734000
2020-12-23,86.30888366699219,87.08658397331801,85.94319324817421,86.09614708208859,20676000
2020-12-24,86.6312255859375,86.98745144144733,86.14596963064815,86.43941751149356,6936000
2020-12-28,88.48656463623047,89.21584740023756,87.00414378034387,87.26819443627748,27860000
2020-12-29,87.62117004394531,89.30113847739997,87.49014059474887,89.06947269445656,25988000
2020-12-30,86.66460418701172,87.9387811423012,85.97109687580982,87.78508229747757,26122000
2020-12-31,87.2803955078125,87.63163439064002,86.46034397937562,86.46034397937562,20238000
2021-01-04,86.10263061523438,87.71732756885685,85.08677989575592,87.56238197837872,38038000
2021-01-05,86.73435974121094,87.07065296042022,85.59321149120517,85.94121191383199,22906000
2021-01-06,86.453857421875,87.08708017234814,84.64584743378701,84.8267008869391,52042000
2021-01-07,89.04256439208984,89.09985366331173,86.54154865050819,86.69150727101282,45300000
2021-01-08,90.0369873046875,90.1680167508294,88.35926912599481,89.07893520733126,41012000
2021-01-11,88.01972961425781,89.3945428040825,87.71084193832758,88.9837644626548,24194000
2021-01-12,87.01485443115234,88.58371852946979,85.95666007066143,87.38203490509386,27140000
2021-01-13,87.40594482421875,87.93578697058811,86.5893750391474,86.61777640877358,21882000
2021-01-14,86.6974868774414,88.43275268694677,86.35969608887581,87.36707801613831,23590000
2021-01-15,86.49871063232422,87.48566589277956,85.76932905172552,86.59835109693319,26844000
2021-01-19,89.222412109375,90.13986905214878,86.76125413357745,87.29882757063513,34692000
2021-01-20,94.0072250366211,94.84471573719306,90.94970663424161,91.24514625351006,49806000
2021-01-21,94.22394561767578,96.39663518128715,94.01768599304087,94.56023881445353,41278000
2021-01-22,94.71218872070312,95.20541924704591,93.75114142011083,94.44464873344057,25442000
2021-01-25,94.62998962402344,96.1335821761026,93.04219643637758,95.68968153399263,38546000
2021-01-26,95.51879119873047,95.9054025547831,93.87494793171386,94.10387695436938,26262000
2021-01-27,91.21176147460938,94.1616647073556,90.12616175049438,93.78950491733684,54966000
2021-01-28,92.82198333740234,94.6015845297441,91.80214917183197,91.86691128686934,35462000
2021-01-29,91.45838165283203,92.53152158224601,90.18595321324841,91.97801418474643,32252000
2021-02-01,94.72713470458984,95.77546908638578,92.2151643313105,92.34668791083097,32044000
2021-02-02,96.03045654296875,97.43789793993892,95.38178630319933,95.78383748183572,45474000
2021-02-03,103.13294219970703,105.44612591877271,100.55769197562022,103.27891734052496,82364000
2021-02-04,102.74931335449219,103.55541507522759,101.76385576837667,103.07415021829466,37046000
2021-02-05,104.5244369506836,104.74913161911523,102.59785710728634,103.1294477314843,30702000
2021-02-08,104.27084350585938,105.79721181780508,103.22908495062416,104.91851786610322,24838000
2021-02-09,103.80252075195312,104.87965173858774,103.55491343334917,103.55491343334917,17798000
2021-02-10,104.3938980102539,105.04107823313376,102.7851839795167,104.33561286754824,22710000
2021-02-11,104.4193115234375,104.72521159543216,103.49413086134795,104.59966325454417,18914000
2021-02-12,104.8288345336914,105.06349551760604,103.7835942420509,104.13831486439251,17114000
2021-02-16,105.71515655517578,107.24864803849417,104.84129751290209,104.84129751290209,22676000
2021-02-17,106.03450775146484,106.30105187167726,104.57027117071891,104.62407869119302,21418000
2021-02-18,105.48099517822266,106.25496287985891,104.8089105444317,105.14171437551147,22432000
2021-02-19,104.68086242675781,106.14509884801335,104.49502960749821,105.58411863808807,29148000
2021-02-22,102.87435913085938,104.19660394159791,102.73784859762551,102.97997481489446,27350000
2021-02-23,103.17229461669922,103.72780139192155,99.7426163272961,100.8880064824724,33348000
2021-02-24,104.3834457397461,104.66294381263855,101.5416590043264,101.7259942399108,24966000
2021-02-25,101.20436096191406,104.3689925502295,100.7026617374143,103.0023971597996,36568000
2021-02-26,101.47837829589844,103.17976166380777,100.44210084992288,102.15893164306217,41670000
2021-03-01,103.702880859375,103.95247992404877,101.93871956599969,102.45785034687391,28090000
2021-03-02,103.42040252685547,104.84179377421107,103.19222610505683,103.43784169765694,22692000
2021-03-03,100.97270202636719,104.05203849302907,100.14019066201675,102.99044605505739,29684000
2021-03-04,102.08769226074219,104.08800473581407,100.65184942162192,100.80630087873591,42360000
2021-03-05,105.04955291748047,105.52634015993338,101.95441933136465,103.28488972982532,43904000
2021-03-08,100.84615325927734,106.05941610566539,100.71860556962618,104.68037608028752,32948000
2021-03-09,102.26754760742188,103.5300097825868,102.0249196310353,103.12944859998922,33946000
2021-03-10,102.38363647460938,103.37855870779623,101.3045136022265,103.21713613893671,25372000
2021-03-11,105.35993194580078,105.9044764932289,103.24802108196583,103.33171997584115,24782000
2021-03-12,102.72689056396484,104.13881715831704,102.01096474180935,103.87675827919472,34516000
2021-03-15,102.95457458496094,102.98296835178934,101.8096862122997,102.74582148265634,25962000
2021-03-16,104.25141143798828,105.7978568245775,103.12944335521269,103.57733506337729,29832000
2021-03-17,104.17967224121094,105.11132228238145,102.33230611740419,103.42986394056526,25980000
2021-03-18,101.44648742675781,103.40346030151868,101.31346624256287,102.68105750859993,27228000
2021-03-19,101.79424285888672,102.2874657579344,100.52281031542299,101.73694598789224,46298000
2021-03-22,101.56455993652344,102.5310882746904,100.94080174339037,101.7264842215868,39096000
2021-03-23,102.28050231933594,103.24413434997071,101.59595784152712,102.21772434452562,27340000
2021-03-24,101.88690948486328,103.53847647621345,101.71228971707605,102.89877668432139,23080000
2021-03-25,101.85204315185547,102.57494013386389,100.17655994568996,101.87446168548546,28378000
2021-03-26,101.4131088256836,102.18234804553319,100.34046301114472,101.57802073614924,29870000
2021-03-29,102.4294662475586,102.55302285161483,100.42018332451111,101.03098763547561,24596000
2021-03-30,102.4090347290039,103.16830762467589,101.83559466706443,102.51316041211432,20732000
2021-03-31,103.06119537353516,104.29162236380512,102.46906939412082,102.587395762969,29198000
2021-04-01,106.50481414794922,106.7633912791889,104.46912930631458,104.52194095242272,33980000
2021-04-05,110.87909698486328,111.46499685570095,107.19583624191266,107.26160183185722,43298000
2021-04-06,110.83924865722656,111.48243780963159,110.34352464574785,110.72714839080221,27060000
2021-04-07,112.08129119873047,112.34633772245307,110.86815125163015,110.90800895775025,25798000
2021-04-08,112.86646270751953,113.79138491414334,112.47985135242686,113.49022093263964,27166000
2021-04-09,113.88479614257812,114.0422352047203,112.28225502153734,112.43102011120708,20888000
2021-04-12,112.33587646484375,113.3586983286549,111.522545121684,112.90682308686368,31318000
2021-04-13,112.95763397216797,113.45284863292748,112.40062960948568,112.66867132947769,23310000
2021-04-14,112.33834838867188,113.49170542617887,112.05686620467169,113.350717266607,20220000
2021-04-15,114.421875,114.9169452407256,112.89436630599458,113.44139676193383,27472000
2021-04-16,114.47666931152344,114.90911358481485,113.81355515013357,114.7377323121229,22596000
2021-04-19,114.70784759521484,115.50747233858286,113.98270042574782,114.18870918099363,24688000
2021-04-20,114.27091979980469,115.06656106550435,113.17884303745689,114.98136455806895,21774000
2021-04-21,114.25397491455078,114.35511298329469,112.52419009043338,113.85341373143402,23930000
2021-04-22,112.99002075195312,114.77570363707126,112.4185724285633,114.25098529697101,21096000
2021-04-23,115.35053253173828,115.87465029685377,113.50267227529946,113.76473115785721,28670000
2021-04-26,115.92048645019531,116.64389274797996,115.27779903417567,115.58120563524214,20834000
2021-04-27,114.94300842285156,116.45407386107945,114.80101677292843,116.38183889708066,31972000
2021-04-28,118.56947326660156,122.17989867469113,118.3173806943742,119.92634570528398,59728000
2021-04-29,121.05951690673828,121.38982725188058,119.6839586696434,120.08502156673597,39554000
2021-04-30,120.07454681396484,120.9225054969468,119.67797676782625,119.79406051211441,39142000
2021-05-03,119.3297348022461,120.55184509570046,118.79814419207949,119.70588569376216,33788000
2021-05-04,117.29106903076172,118.53708793509915,115.17118344101208,118.06279417077462,35120000
2021-05-05,117.41510772705078,118.6835526369578,117.14956710373681,117.9970164746085,21806000
2021-05-06,118.6412124633789,118.7089698007742,116.697596319037,117.1112102776372,20618000
2021-05-07,119.50511169433594,120.38794121503821,119.07216565081993,119.57037554894052,23272000
2021-05-10,116.66381072998047,118.47430670649224,116.31855470133873,118.31936112837494,26006000
2021-05-11,115.02471160888672,115.68433646417034,113.7413209083619,114.18273566734315,32110000
2021-05-12,111.55318450927734,113.85939703854018,111.10330103100607,112.68063375470997,34934000
2021-05-13,112.6935806274414,113.42250599974103,111.73452511100814,112.64973183412208,26670000
2021-05-14,115.39337158203125,115.64148063533113,113.75725213320938,114.18122768278769,26624000
2021-05-17,115.65493774414062,115.75108884089916,114.33916228730452,115.05260220892015,19842000
2021-05-18,114.75916290283203,116.73805266492172,114.74570722178028,116.42696796191693,17302000
2021-05-19,115.022216796875,115.42327210998224,112.77080769906807,112.81464889231036,19350000
2021-05-20,117.38272857666016,117.59446929640619,115.63899399394134,115.98525351007937,23832000
2021-05-21,116.83519744873047,118.02591877034894,116.69918864354455,117.87596014919319,22832000
2021-05-24,119.90267944335938,120.4910651828592,117.58301135105705,117.92627564317539,21244000
2021-05-25,120.0222396850586,121.20897743808352,119.71932724354713,120.56678420892318,18838000
2021-05-26,121.2408676147461,121.7098855106279,120.19387881980919,120.2098203804884,21856000
2021-05-27,119.69542694091797,121.56321227760527,119.67001318893158,121.41076017400516,38962000
2021-05-28,120.14630889892578,120.97233567832517,119.95349735071115,120.66444384714426,24108000
2021-06-01,121.05553436279297,121.46212397470524,119.81349903664241,120.66642953338386,19166000
2021-06-02,120.63056182861328,121.662848174075,119.77961548230205,121.3295502121921,17158000
2021-06-03,119.800048828125,120.05588161614871,118.71495077849677,119.32226572128455,18346000
2021-06-04,122.14910125732422,122.25367546100418,120.45568486526727,120.69233759575266,25948000
2021-06-07,122.863037109375,122.95819994018026,121.61666857819155,122.12718622499837,23850000
2021-06-08,123.69804382324219,124.27820412901744,122.97015990692883,123.55107281858322,25060000
2021-06-09,124.12400817871094,124.80157391402395,123.92123791473396,124.52755696186071,20126000
2021-06-10,125.62860107421875,125.71130409405545,124.2535369848667,124.25403872209523,31234000
2021-06-11,125.24647521972656,125.89713718153315,124.46726970011898,125.79400737461799,25240000
2021-06-14,125.89962768554688,125.95891630368578,124.59929958655452,125.21957606043676,22550000
2021-06-15,125.5817642211914,126.40779854426691,125.1986422360817,126.06901948709229,22182000
2021-06-16,125.24647521972656,126.07051020058866,123.70545773780329,125.79549738214824,26316000
2021-06-17,125.91856384277344,126.74110884224748,125.06562572954805,125.07360031092003,25756000
2021-06-18,125.11793518066406,125.93649668749697,124.1568878987042,125.25544159375141,53306000
2021-06-21,126.00226593017578,126.58193210710688,124.68623951015175,125.28982182972526,26256000
2021-06-22,126.54480743408203,126.8143391608693,125.57529143598983,125.99727526400375,20984000
2021-06-23,126.00874328613281,127.33846105569586,125.7999901777533,126.09692741057572,19694000
2021-06-24,126.8262939453125,127.0788882325466,126.50544819057343,126.5986116717801,18934000
2021-06-25,126.54033660888672,127.04850523889559,125.9913067996555,126.50247064912736,33484000
2021-06-28,126.36546325683594,126.88110472028778,125.52278792709923,126.54531325819735,28110000
2021-06-29,125.56732940673828,126.54531415988754,124.98790649053905,126.31862774392637,20950000
2021-06-30,124.86734008789062,125.34960840554119,124.31083746449977,125.20367888859388,24006000
2021-07-01,125.91607666015625,126.00974188608546,124.40276103116291,124.40276103116291,17120000
2021-07-02,128.2581329345703,128.3866840820186,126.31511769055422,126.38536849797998,21160000
2021-07-06,129.30638122558594,129.4194849607961,127.94925803633234,128.98602960562658,21350000
2021-07-07,129.61178588867188,130.17216555365698,129.29541776134164,129.87434649953624,16680000
2021-07-08,128.71450805664062,129.56694437041335,127.58157023477399,127.7908250592033,19780000
2021-07-09,129.110595703125,129.38462028101247,128.48185806958003,128.4828615441481,15106000
2021-07-12,130.0965576171875,130.30182898700636,129.13601957854763,129.3686736412814,16944000
2021-07-13,130.52552795410156,131.56927836395366,130.1692944750584,130.4129259419038,16618000
2021-07-14,131.609619140625,132.51984653699003,131.42577044807575,131.4292674046823,17912000
2021-07-15,130.79652404785156,132.1202740934741,130.13042987110174,132.0256130036671,16586000
2021-07-16,131.37347412109375,131.70975972867876,130.35313815765122,131.1697079707703,14856000
2021-07-19,128.79124450683594,130.7771054263926,128.07681624357693,130.68594128443382,25710000
2021-07-20,130.6321258544922,131.52874550994906,128.72587403087726,129.53855152534626,19084000
2021-07-21,132.12576293945312,132.14245710724666,130.13392674094808,130.31876371532502,14742000
2021-07-22,132.85116577148438,133.026530550354,131.92597744488512,132.1750823986739,13608000
2021-07-23,137.3225860595703,138.31154062169497,134.21824636196212,134.7757372825467,26378000
2021-07-26,139.14454650878906,139.2127979814899,137.1581838662247,137.7550383577247,23052000
2021-07-27,136.30673217773438,139.50973159279408,134.61631854684117,139.50973159279408,42164000
2021-07-28,135.8932342529297,139.17593410261264,135.86185286599755,138.06592396901036,54688000
2021-07-29,136.05165100097656,136.66047114583867,135.6505956909056,135.89232661723884,19284000
2021-07-30,134.7368621826172,135.28524575759167,134.33151932721017,135.02583241179445,23954000
2021-08-02,135.50262451171875,135.53350415797289,134.18734315369167,134.99942767645192,20140000
2021-08-03,135.79208374023438,135.84738126630893,133.703093118145,135.51308742363608,19064000
2021-08-04,135.54148864746094,136.04915551401385,134.93017502950667,135.76169048119218,16528000
2021-08-05,136.44973754882812,136.45969627389297,135.11453859043903,135.54150182291394,11866000
2021-08-06,136.54537963867188,136.58927404741792,135.5594202973612,135.8070352404988,13560000
2021-08-09,137.50791931152344,137.8262791970647,135.9403097008043,136.45869550230054,12374000
2021-08-10,137.60208129882812,138.05545412505845,136.73520095205765,137.58514386536555,16034000
2021-08-11,137.196533203125,138.3506352597222,136.85825588143885,137.7879141507768,15204000
2021-08-12,137.89402770996094,137.92242907874316,136.2893047612884,137.21995132614933,14646000
2021-08-13,137.91049194335938,138.17752261153316,137.51092660944104,137.86215791761637,12580000
2021-08-16,138.4186553955078,138.4928821035337,135.6782576375021,137.5059344800016,18040000
2021-08-17,136.80894470214844,138.22186726304287,136.29778085304406,137.69624425806404,21272000
2021-08-18,136.0810546875,137.7988813903473,135.93258607465833,136.62458816834763,14934000
2021-08-19,136.42332458496094,136.959894596665,134.87140556213194,134.98250235948882,18296000
2021-08-20,137.94137573242188,138.11824573504572,135.9784273477613,136.5922193193873,15564000
2021-08-23,140.59432983398438,141.66797149700866,138.25120174037346,138.5008540253959,21090000
2021-08-24,141.888671875,142.49550024137457,140.8474150933012,141.03673727254795,15126000
2021-08-25,142.43820190429688,142.79990884601634,141.92953156204524,142.37144044229225,12838000
2021-08-26,141.61416625976562,142.62233883187898,141.58278487580807,142.10789091153595,14922000
2021-08-27,144.03297424316406,144.49182053388046,141.511531849244,141.60369945633244,24562000
2021-08-30,144.9486846923828,145.96503712386217,144.0823060874643,144.1864241698131,16916000
2021-08-31,144.9412078857422,145.58887460858392,144.4808563895639,145.36219581683673,26756000
2021-09-01,145.31983947753906,146.2948365345473,145.09316068197813,145.12852555410066,15824000
2021-09-02,143.70266723632812,145.80113021941264,143.59058216752385,145.42697104168548,21844000
2021-09-03,144.25665283203125,144.8565024652809,142.9912107876907,143.62990704383222,19104000
2021-09-07,144.9980010986328,145.30191702497368,144.02350575705034,144.23125538021918,15170000
2021-09-08,144.36477661132812,145.02988252168728,143.68372153877976,144.87294519841086,15486000
2021-09-09,144.39466857910156,145.14795861142335,143.9168931027532,144.3647772035128,14798000
2021-09-10,141.4128875732422,145.4962075366647,141.23402585563943,144.9227675042688,32896000
2021-09-13,142.9513702392578,143.67476898313856,141.77310863107388,142.68832306155585,20176000
2021-09-14,142.892578125,144.209334311309,142.3938665071128,143.64486470594085,18916000
2021-09-15,144.6861114501953,145.06027057185054,141.7466764000622,143.2443011569463,20648000
2021-09-16,143.8566131591797,144.6801464297369,142.9028866753707,144.60143449875426,20292000
2021-09-17,140.95703125,143.73305227100397,140.55646246857253,143.28366293400208,60040000
2021-09-20,138.519287109375,138.86355488769888,136.56231415740743,138.50254733002004,34918000
2021-09-21,139.1465301513672,140.30745889854688,138.40818579309092,139.6153503870957,18130000
2021-09-22,140.4339141845703,141.0765939863687,138.9724143987205,139.54909294621072,22068000
2021-09-23,141.3187255859375,141.74314965545244,140.5913282607097,141.10249205139903,17272000
2021-09-24,142.12232971191406,142.39186903102166,140.34621034258248,140.44137316965234,14950000
2021-09-27,140.994384765625,141.9898009470087,139.99696163547173,141.0785701848448,18844000
2021-09-28,135.69644165039062,139.10668907156617,135.214165702876,138.59053825611136,42190000
2021-09-29,134.03936767578125,136.90656773325637,133.76934183517906,136.61879864062814,26338000
2021-09-30,132.7883758544922,135.1045469383369,132.52382349816023,133.8440765936824,35294000
2021-10-01,135.97393798828125,136.58026469852751,132.8999912588204,133.0763595187782,28388000
2021-10-04,133.2860870361328,135.21415681661523,130.6968948203547,135.2136550793762,31530000
2021-10-05,135.689453125,136.8702080863656,133.52024540097278,133.52024540097278,24126000
2021-10-06,136.86224365234375,137.3584617876865,134.00500208344084,134.14351197138924,19764000
2021-10-07,138.68719482421875,139.65267419892174,138.06692590608543,138.36585489910973,18250000
2021-10-08,139.5545654296875,139.81463256784468,138.93016103156768,139.40510854760126,18924000
2021-10-11,138.35040283203125,140.2596955891619,138.3095492550354,139.2994920902423,16584000
2021-10-12,136.22352600097656,139.1948594446767,135.7621862270321,139.13755497221197,22536000
2021-10-13,137.40628051757812,138.05396249206422,136.4860943991282,137.25682363339777,16380000
2021-10-14,140.9057159423828,141.14436042490848,138.84013969250992,139.45093637934116,21426000
2021-10-15,141.1677703857422,141.69088467010008,140.55945199600902,141.69088467010008,21250000
2021-10-18,142.44866943359375,142.48678626200416,140.7079299834396,140.7079299834396,16564000
2021-10-19,143.3070831298828,143.59105119483678,142.58366927698836,142.7784801575503,15316000
2021-10-20,141.9051055908203,143.7313074279956,141.4039157233579,143.70614454634742,17940000
2021-10-21,142.26930236816406,142.3380555693201,141.1298875853614,141.68290841367806,14850000
2021-10-22,138.1287078857422,141.05170783588312,136.67941685194592,139.84852655601628,30182000
2021-10-25,138.27615356445312,138.7074043259964,136.25891138107707,138.31352538689964,21082000
2021-10-26,139.1719512939453,140.33526721937852,138.50783356724628,140.10261315678812,28258000
2021-10-27,145.90325927734375,148.5841173864053,139.40161124774355,139.40161124774355,51850000
2021-10-28,145.6058349609375,146.89669858736593,144.24522985074628,146.77164436806163,32418000
2021-10-29,147.73965454101562,148.08094231035338,144.646778793611,144.99901355782214,28954000
2021-11-01,143.25926208496094,147.8682053873168,143.06545466364605,147.6345326597583,32272000
2021-11-02,145.3407745361328,146.3944835127367,144.12314953048633,144.29094261985782,21150000
2021-11-03,146.2644500732422,146.3845325206733,144.53417117162087,145.75129450433258,17886000
2021-11-04,148.1506805419922,149.4131426980874,146.11000870073693,146.6729883080772,24700000
2021-11-05,148.70668029785156,150.03167715061105,148.11978455257784,148.81878056286808,20408000
2021-11-08,148.81678771972656,150.49376084318743,148.58611021962093,149.46296447654757,18388000
2021-11-09,148.7141571044922,149.8401010788074,146.9788912651489,149.20987349553363,16876000
2021-11-10,146.10105895996094,148.1676235622795,144.8047066840986,147.4798481901848,22708000
2021-11-11,146.22259521484375,147.9705563977721,146.1692894382894,146.58030343075762,12464000
2021-11-12,149.10972595214844,149.32296428147217,145.92965447373888,147.30222512743083,17048000
2021-11-15,148.8531494140625,149.9382549880875,148.120278575475,149.4629577953344,16248000
2021-11-16,148.54226684570312,149.29605859016542,147.8188682130481,148.63642619608947,17254000
2021-11-17,148.5283203125,149.09031164519303,148.03111390171821,148.6947298338139,15290000
2021-11-18,150.16941833496094,151.06719347047638,148.46504740087096,148.6120107943795,26658000
2021-11-19,149.41563415527344,151.30634734858702,149.35086443790368,150.45938446694393,19766000
2021-11-22,146.55194091796875,150.2048163922297,146.47918901210065,149.6042216616965,24608000
2021-11-23,146.23158264160156,147.16522445587003,144.37076078079573,146.58631088380028,18126000
2021-11-24,146.1922149658203,146.47370476443842,144.67915788473138,145.82603800190552,16464000
2021-11-26,142.29470825195312,144.77678699319986,141.9753601240441,144.49630069232072,16992000
2021-11-29,145.59088134765625,146.33620445414658,143.7818752373499,143.7818752373499,26276000
2021-11-30,141.94198608398438,146.10353170568197,141.55736646843334,144.92951214391564,41590000
2021-12-01,141.11097717285156,145.97465103298663,140.99340340566079,143.69618606419377,28476000
2021-12-02,143.26174926757812,144.1570309569864,140.47724441261033,141.31624030597575,21250000
2021-12-03,142.01023864746094,144.6931037857747,140.64464666913247,143.97817380587156,26688000
2021-12-06,143.2816619873047,143.83468283871113,140.1434476845375,143.0599701545068,22198000
2021-12-07,147.50648498535156,147.76904559204937,145.1808417540643,145.4274531988867,23258000
2021-12-08,148.18804931640625,148.62247774866208,146.6729852903177,147.80043448940418,18964000
2021-12-09,147.57574462890625,149.06937076260374,147.00081457516293,147.64548610445817,18580000
2021-12-10,148.14271545410156,148.86511068001434,146.82992751424905,148.56619690606942,21634000
2021-12-13,146.17926025390625,148.03060986168077,145.8359959593189,147.91253436397224,24104000
2021-12-14,144.45147705078125,144.9212855667357,141.73323187576892,144.25169440030743,24778000
2021-12-15,146.84088134765625,146.9890914851138,142.1945817224819,143.84912866322918,27280000
2021-12-16,144.31996154785156,148.01966600249133,143.5766301290777,147.54686221583535,27400000
2021-12-17,142.29173278808594,143.94290454136697,141.2803672829616,142.2035486612993,43404000
2021-12-20,141.89166259765625,142.09991394739654,139.74786114005738,140.17591899948562,20264000
2021-12-21,143.7041778564453,144.1740320359918,141.22757211246173,142.63749955095906,19548000
2021-12-22,146.42288208007812,146.7756033383138,143.44756522394653,143.58408335738753,18438000
2021-12-23,146.61570739746094,148.04068689264898,146.42474314685478,146.56288814534264,13818000
2021-12-27,147.53387451171875,147.89507967586172,146.72279353826374,146.93553010671465,13256000
2021-12-28,145.92367553710938,147.84327657709034,145.41301346329178,147.84327657709034,18624000
2021-12-29,145.97998046875,146.65679360562905,144.98356070600698,145.90525202737606,17022000
2021-12-30,145.4797821044922,146.53598464401648,145.23665239283312,145.92567448482023,12978000
2021-12-31,144.16151428222656,145.84098085021162,144.1595225374442,145.02292109436627,17298000
2022-01-03,144.55508422851562,145.02889140826645,142.98872144982653,143.95822979703283,25214000
2022-01-04,143.8994598388672,146.08510332379365,143.30125219857842,145.02940253580405,22928000
2022-01-05,137.16067504882812,143.78138707716036,137.03113561072124,143.66480158286416,49642000
2022-01-06,137.05853271484375,139.18589868612224,136.27386125678404,137.00522693228726,29050000
2022-01-07,136.5139923095703,137.75976027577275,135.30284421325464,137.41126574890635,19408000
2022-01-10,138.07786560058594,138.1436235825863,132.66381708948748,134.61530113704993,34096000
2022-01-11,139.51620483398438,139.8270842700988,136.323681170024,137.68577614939423,23502000
2022-01-12,141.14085388183594,142.30293809752862,140.60677741851381,141.04769800485315,23642000
2022-01-13,138.63287353515625,142.67286180728954,138.41665519219606,141.3326760215805,26566000
2022-01-14,139.28602600097656,140.69496496270435,137.00771325507736,137.00771325507736,23826000
2022-01-18,135.8025360107422,136.8995920330835,135.13145488380573,136.11093715213462,27382000
2022-01-19,135.16632080078125,137.90399675539874,135.01487217956986,136.4482290027887,20796000
2022-01-20,133.0285186767578,137.4182483640507,132.6678152000163,136.02525848731904,21930000
2022-01-21,129.62623596191406,134.27802445524964,129.53557356128078,132.53577986551807,41920000
2022-01-24,129.9052276611328,130.31028164895292,124.19570122735945,125.57628443579866,55148000
2022-01-25,126.28174591064453,128.8754308393784,125.92552769101736,127.97566396843575,36008000
2022-01-26,128.7772979736328,132.33201520362402,126.698266032751,130.12494903764392,39630000
2022-01-27,128.65872192382812,132.13518337823365,128.483357149345,130.89069252328375,30248000
2022-01-28,132.81228637695312,132.89299004637857,128.23373671541663,129.5345588414588,30518000
2022-01-31,135.21267700195312,135.357162133527,131.8004378028725,133.71754552940962,34056000
2022-02-01,137.38485717773438,137.7052088088739,134.0864669138802,137.34152532444782,51204000
2022-02-02,147.50648498535156,151.55544351956087,145.03635663938198,151.31977906859,89750000
2022-02-03,142.13978576660156,148.58384098347807,141.69588510688274,144.7748187620759,56930000
2022-02-04,142.50396728515625,144.01776928929087,139.316917270586,142.50495555543466,49224000
2022-02-07,138.44056701660156,143.33148629438298,138.20242428401113,143.19448162328726,44610000
2022-02-08,138.71458435058594,139.33644966801236,136.3829657131782,138.4936375083855,34256000
2022-02-09,140.9465789794922,141.66649596510112,139.8744272144619,140.3454825058692,28628000
2022-02-10,138.10626220703125,140.92464192662194,137.55575002383483,139.00055562570753,33018000
2022-02-11,133.6497802734375,138.78457417266216,132.81128615622208,138.25323445817364,38808000
2022-02-14,134.8155975341797,135.67899611383496,132.82474974474476,132.88801425052858,26792000
2022-02-15,135.93707275390625,137.40628106413632,135.05424325091025,136.97931786594233,26578000
2022-02-16,136.99525451660156,137.45210905002415,134.34094305707512,135.94203209782992,25610000
2022-02-17,131.83480834960938,136.34957699668786,131.72868331835218,135.66254665465073,30968000
2022-02-18,130.00039672851562,133.3448860526747,129.84052499373334,132.56120286697626,31858000
2022-02-22,128.939208984375,131.42852519983623,127.28365846662496,129.5196277726263,38906000
2022-02-23,127.12821197509766,131.27729764170886,127.04700656362324,130.60921170544276,26432000
2022-02-24,132.198486328125,132.5606949977913,124.31781364241006,124.55246702373462,43166000
2022-02-25,134.0378875732422,134.90428135916164,131.29324802809984,133.0474430555504,26236000
2022-02-28,134.4080810546875,135.15489423057733,132.34972655713787,132.80732618568805,29676000
2022-03-01,133.68765258789062,135.62368947087188,132.90097415946244,133.99853204182602,24640000
2022-03-02,134.26905822753906,135.12996335459587,132.95478026640944,134.12632157754155,23966000
2022-03-03,133.8271484375,136.22434264767352,132.95328937232006,135.49166940727412,19780000
2022-03-04,131.6489715576172,133.71854656188182,129.94160524814606,132.9049719802422,24446000
2022-03-07,126.01172637939453,131.43175813753683,125.95742472609444,131.43175813753683,39178000
2022-03-08,126.82281494140625,130.7766108324504,125.41013572795455,125.79849555692755,35250000
2022-03-09,133.38673400878906,133.7180478587382,129.62226002052978,130.92955930739947,32258000
2022-03-10,132.20697021484375,133.06039483944383,130.93055069471362,130.99182345374408,24266000
2022-03-11,130.00836181640625,133.7195297958175,129.83000182653996,133.51974714584367,26600000
2022-03-14,126.2872314453125,130.5568936752712,125.96041045385144,130.10551261437493,30254000
2022-03-15,129.1962890625,130.04995695836078,126.1148546263226,127.28415325372953,30292000
2022-03-16,133.2118682861328,133.29207022837213,128.7384396124989,130.53099483298658,32058000
2022-03-17,134.11859130859375,134.25710119546162,132.24382730089576,132.84367697889772,23994000
2022-03-18,136.31170654296875,136.42330506163603,132.45606894796202,133.40465635663375,45900000
2022-03-21,135.9898681640625,137.0899194194668,134.12954818111456,136.35755032225362,26632000
2022-03-22,139.7752685546875,140.993395354362,136.01129657858948,136.01129657858948,29776000
2022-03-23,138.00762939453125,139.52368181401474,137.67184551796257,138.6403657226853,25302000
2022-03-24,140.80606079101562,140.89026142032628,137.5451793229498,138.77387297706383,20544000
2022-03-25,141.01483154296875,141.45126696496231,139.19934837160545,141.24649733376881,19270000
2022-03-28,141.44178771972656,141.4681973448859,139.32754290350204,140.18081554228567,23774000
2022-03-29,142.7371368408203,143.64637599311067,141.97387282483209,142.647964444777,28678000
2022-03-30,142.1337890625,142.96679446293496,141.65899362107518,142.35847610724753,21046000
2022-03-31,139.1495361328125,142.13380864735274,139.119143017077,141.93851121282418,29516000
2022-04-01,140.19625854492188,140.44536348732726,138.30007184496532,139.50872647121756,23480000
2022-04-04,143.1282196044922,143.52802814664352,140.32030047713258,140.32030047713258,19076000
2022-04-05,140.55796813964844,143.07591376859378,140.4388891634702,142.88610504303082,19256000
2022-04-06,136.6848602294922,139.34779241910164,135.92968492374146,138.66325562973975,23574000
2022-04-07,135.97640991210938,137.20849405417636,134.37442381174793,136.12886200367987,19448000
2022-04-08,133.53070068359375,135.76218455494282,133.27362877897713,135.76218455494282,16434000
2022-04-11,129.33180236816406,132.46325121942095,129.15344236392005,132.42419173166178,24188000
2022-04-12,127.91488647460938,131.94938611695147,127.11924522596668,131.94938611695147,23004000
2022-04-13,129.81954956054688,130.18797676600988,127.97876670347303,128.16599072988734,19542000
2022-04-14,126.79739379882812,130.24226828265975,126.6564056422237,130.1817405298891,23484000
2022-04-18,127.50286865234375,128.2511869538915,126.1252730127569,126.95384646800288,14918000
2022-04-19,130.06365966796875,130.43506682285943,126.99517944489266,127.61843586362754,22720000
2022-04-20,127.7863540649414,131.45117988438113,127.43616426035942,130.8139735581017,22610000
2022-04-21,124.49019622802734,129.840965579761,124.20372706177547,128.8869045876794,30158000
2022-04-22,119.18575286865234,125.00285653765165,118.71395260766738,124.5524713347569,46410000
2022-04-25,122.8087387084961,122.8366383408899,118.34402971544009,119.0019136901976,34522000
2022-04-26,119.07813262939453,122.31052150838649,118.7352180400654,122.31052150838649,49394000
2022-04-27,114.60869598388672,117.0793185272958,112.71923719538479,113.96351511957091,62238000
2022-04-28,118.9839859008789,120.00730949496311,114.73166361252417,116.69570659915392,36790000
2022-04-29,114.55489349365234,118.5340956253253,114.28337001697713,117.15704732652016,33694000
2022-05-02,116.73754119873047,116.91939053184562,112.99349445707217,113.49868301870562,30280000
2022-05-03,117.70657348632812,118.87288455899288,116.20945031199425,116.34695673020803,21216000
2022-05-04,122.13614654541016,122.70211374814131,115.32412852968234,117.58101863179817,33232000
2022-05-05,116.32852172851562,120.79921359624412,114.77012579097419,119.79008312378124,43090000
2022-05-06,115.24591064453125,117.07782170539609,113.7343360014804,115.10540901478998,35310000
2022-05-09,112.67913055419922,115.14915257563169,112.14853582141485,112.89784237811759,34520000
2022-05-10,114.17426300048828,116.27321994499016,112.97736120235442,115.62504384419059,31158000
2022-05-11,113.55299377441406,116.25329048226416,113.24311020097875,113.3033946927321,36502000
2022-05-12,112.755859375,114.4452846964653,109.71926955329684,111.53723843626837,41464000
2022-05-13,116.09834289550781,117.66221978888042,113.5918462118712,114.43431621289419,29738000
2022-05-16,114.38152313232422,116.19001989826418,113.9256568170744,114.97090477450485,23282000
2022-05-17,116.28367614746094,116.80779389439506,114.92456122763652,116.80779389439506,21576000
2022-05-18,111.99858093261719,115.28143259540433,111.74050553304814,114.8249277131102,27982000
2022-05-19,110.34900665283203,113.18083455791881,110.07250380976112,111.44058927783347,29192000
2022-05-20,108.92163848876953,112.14704881677878,105.99216191499981,111.68421140516337,37586000
2022-05-23,111.2667007446289,111.60449153557721,108.76345006727804,109.70979490706735,31558000
2022-05-24,105.54676818847656,106.01408324495819,101.8420769922415,105.99665167571507,60386000
2022-05-25,105.4605712890625,106.16324670958697,103.83815066744346,104.76556636684283,37900000
2022-05-26,107.90827941894531,108.56517515117982,105.11033387735397,105.67082003111146,30288000
2022-05-27,112.39515686035156,112.46390246544588,109.15778849075801,109.39542949653581,29924000
2022-05-31,113.6307144165039,116.01664226049525,112.16946550813792,112.6741523596058,51302000
2022-06-01,113.72835540771484,116.97867747655943,113.1439531906529,114.52001310314088,28630000
2022-06-02,117.32444763183594,117.47590386672852,112.90233304444737,113.77918733132432,27472000
2022-06-03,114.15383911132812,115.9478918984923,113.26104327507164,115.57722209680439,25052000
2022-06-06,116.59156799316406,118.97101877702121,116.1110937826461,116.32452975775017,23786000
2022-06-07,116.80979919433594,117.32709033419614,114.71333556539449,115.23396401840166,26414000
2022-06-08,116.81825256347656,118.2212162544869,116.27893826853564,116.45805085333052,22544000
2022-06-09,114.50656127929688,117.92627298642006,114.45574137981701,115.92496481928951,23142000
2022-06-10,111.02855682373047,113.09065121608269,110.46408723868863,112.37746215557658,31324000
2022-06-13,106.49386596679688,108.82747644361092,106.20644652871698,107.06132322334241,36756000
2022-06-14,106.81021881103516,108.06919157563813,105.97123052404666,106.50730635592481,25480000
2022-06-15,109.99527740478516,111.66179004593572,107.73165943743341,108.50961063039887,33192000
2022-06-16,106.25421905517578,108.8992105630685,105.41374075172075,107.76229677299612,35314000
2022-06-17,107.47932434082031,108.85836445643078,105.25037928491042,106.1535900100682,43516000
2022-06-21,111.61396026611328,112.26960161837526,108.9022072595845,109.30924540584414,39010000
2022-06-22,111.63288879394531,113.36217943547064,110.3278778126662,110.76501258938546,23922000
2022-06-23,112.28106689453125,112.79123485828705,110.63149162958359,112.54561166454329,24710000
2022-06-24,118.11360931396484,118.21274803381166,113.1962725541736,113.1962725541736,39122000
2022-06-27,116.20496368408203,118.82305909599042,115.58543980577458,118.50918443175061,32840000
2022-06-28,112.1684799194336,117.43455487826039,112.04143395578056,115.93444400214202,28232000
2022-06-29,111.85459899902344,113.25755521248234,111.1546147009624,111.7469839582607,18628000
2022-06-30,108.98091888427734,110.93121718755351,106.92580310822584,110.10388287060096,38046000
2022-07-01,108.69046783447266,109.41322035377777,106.72154440726422,107.94912823040424,31028000
2022-07-05,113.47925567626953,113.64425880738834,105.86909537001831,107.12957333184349,36398000
2022-07-06,114.80101013183594,115.93543045167957,111.84862090793649,113.68352724521469,28852000
2022-07-07,118.87885284423828,119.43286197448735,115.12035443554873,115.59266401968128,32184000
2022-07-08,119.73827362060547,120.0038142628316,117.09327444538708,117.1291486592624,29082000
2022-07-11,116.10531616210938,118.36918493330177,115.81834527518095,118.22520155365132,26718000
2022-07-12,114.43831634521484,117.42757569221024,114.20465122337698,116.42019371104023,24970000
2022-07-13,111.78534698486328,114.74471507098775,111.42265175107768,112.2357322107201,38958000
2022-07-14,111.041015625,111.58655602787921,108.9340841886022,110.42920789830181,32366000
2022-07-15,112.36326599121094,113.59235500216334,111.42215135416153,112.55856341381245,34330000
2022-07-18,109.51649475097656,114.3889865592298,108.9086781154041,113.03385513586294,33354000
2022-07-19,114.20963287353516,114.39894745395539,110.10438082459362,111.32998044475059,30992300
2022-07-20,114.28934478759766,115.91351388100477,112.85450548558248,113.65163674179546,26780100
2022-07-21,114.62812805175781,114.79751758342807,111.50933699550689,114.67794447761882,27267800
2022-07-22,107.9720458984375,112.77478884185437,107.21476475157722,111.40969103268355,44455300
2022-07-25,107.82257843017578,110.18409593488983,106.62687779102495,108.49017782700034,28289900
2022-07-26,105.06250762939453,107.35426864053352,104.38494185173607,107.04538093083389,36626600
2022-07-27,113.19328308105469,113.99042192893909,108.03182842630586,109.20760404579164,41474600
2022-07-28,114.17974090576172,114.28934769161397,111.4505486626162,112.39615615870369,23303800
2022-07-29,116.22239685058594,116.48146810930595,112.82460951993647,112.99399904975834,31336200
2022-08-01,115.0665512084961,116.70067892121887,114.27937872703782,115.11636763264161,22856200
2022-08-02,115.48505401611328,116.6608296605323,113.85092618516884,114.02031572326048,17911000
2022-08-03,118.35474395751953,118.99245202851853,115.73416259082299,115.92347718553592,25302800
2022-08-04,118.44441986083984,119.07216157423153,117.28856928777384,117.87646090051038,15757700
2022-08-05,117.79674530029297,118.43445333883389,116.29214933338572,116.51136289702407,15615700
2022-08-08,117.71702575683594,120.42728862640043,117.4081380746109,118.69352043269461,17061100
2022-08-09,117.07931518554688,117.77680593731,116.14267823139721,117.56755871178106,15424300
2022-08-10,120.21804809570312,121.34399971146233,118.93266566598884,119.16183795844974,20497000
2022-08-11,119.3910140991211,121.90198852332713,119.1219841116302,121.64292486191498,16671600
2022-08-12,122.21088409423828,122.21088409423828,119.96893965240298,120.72622079244958,16121100
2022-08-15,122.44005584716797,122.81870021658315,121.13474841048986,121.77245644078141,15525000
2022-08-16,122.0713882446289,122.78681234898862,121.0998804885519,121.88206605551868,15626200
2022-08-17,119.88922119140625,121.71267111544603,119.76964808747474,120.49703783275284,17589200
2022-08-18,120.42729949951172,121.25432977080732,119.1219919739805,119.79955775254753,15652000
2022-08-19,117.69710540771484,119.57037182963043,117.24871195210602,119.44083999689695,20187000
2022-08-22,114.65802001953125,116.08290056227584,114.25945060018911,115.68433114293369,19316000
2022-08-23,114.35909271240234,115.51494328504332,113.8907818101214,113.91070686044165,14390700
2022-08-24,114.28934478759766,115.30270959475833,113.37264042201694,114.04023984464119,16051200
2022-08-25,117.27861022949219,117.35832563990154,114.63810377788207,114.73774423985378,14874700
2022-08-26,110.90151977539062,116.18253982055062,110.82180437192696,115.39536731602526,31698700
2022-08-29,109.94495391845703,111.55915668474417,109.41685265599014,110.38338105050332,20386100
2022-08-30,109.51649475097656,110.97126662563352,108.4104682568745,110.63247996875224,20548200
2022-08-31,108.75921630859375,111.36983116607585,108.65957585485644,111.23033301042777,25898000
2022-09-01,110.15421295166016,110.82181239934783,107.80266159370133,108.80904012753027,22784400
2022-09-02,108.29090118408203,111.27518113959766,107.74286726835143,110.94137382596567,20618100
2022-09-06,107.09519958496094,108.49018117296671,106.12867119750015,107.74785331408067,20565100
2022-09-07,110.08445739746094,110.59262599679866,107.22970933833248,107.37419445934216,22987200
2022-09-08,109.02824401855469,110.18409454360773,107.6731125901859,108.78910541415995,21660700
2022-09-09,111.37980651855469,111.59902009578992,109.60618045122224,109.65600448316842,21732900
2022-09-12,111.469482421875,112.2367222999648,110.5328454052816,111.58904792896041,19732900
2022-09-13,104.9329605102539,108.97842982882987,104.62407282315569,108.50014500815197,33015000
2022-09-14,105.490966796875,105.72013909334997,104.12586893627275,105.06250597946553,22115800
2022-09-15,103.52801513671875,105.8297423619326,102.94012352210113,104.63404168438555,26494900
2022-09-16,103.25897979736328,103.6575492326074,101.49034075697695,102.6013466909782,64540100
2022-09-19,103.47819519042969,103.64758473271766,102.00349813674168,102.17288767902967,19738600
2022-09-20,101.46542358398438,102.80062238178697,100.75796648337682,102.51165974597612,24001700
2022-09-21,99.65193939208984,103.11947579762926,99.63200674031224,101.87395113430175,26596800
2022-09-22,100.2099380493164,101.31596462518958,99.0540950451547,99.09394514695363,21272700
2022-09-23,98.81494903564453,99.75158607361946,97.65910602898245,99.70176204314346,25657000
2022-09-26,98.45623016357422,100.0803991735448,98.02776937961671,98.25694926027829,22437900
2022-09-27,97.73880767822266,100.10032517534954,96.99149288063457,99.55229888503249,24225000
2022-09-28,100.37932586669922,101.03696656629188,97.44985690164711,97.66906286609841,24617000
2022-09-29,97.73880767822266,98.9444822414945,96.17442900602143,98.9444822414945,21921500
2022-09-30,95.8057632446289,99.13779274836097,95.68619013443349,97.3801083195103,26277800
2022-10-03,98.94448852539062,99.61208796246908,96.67264501069306,96.87193353062078,24840000
2022-10-04,102.0433578491211,102.35224556196901,100.67825995316747,100.67825995316747,22580900
2022-10-05,101.8540267944336,102.3721617130739,99.38290250025544,100.32950581222886,18475500
2022-10-06,101.87395477294922,103.35862569816089,101.13660627450554,101.13660627450554,17156200
2022-10-07,99.2135238647461,101.05689906133654,98.8548121116487,100.2896591240383,24249900
2022-10-10,98.35659790039062,99.63201403265658,97.51960891437102,99.49251586831998,16529900
2022-10-11,97.69895935058594,99.76154792525026,96.90182051120443,97.89824025939163,21617700
2022-10-12,97.94806671142578,99.29124013950343,97.32031738920296,97.91816773249361,17343400
2022-10-13,99.35301971435547,100.17008366575132,94.92891326421795,95.5865539968946,32812200
2022-10-14,96.83207702636719,100.92736303614488,96.6826125350895,100.26474295307499,22624800
2022-10-17,100.41918182373047,101.4056352538867,99.15373207814254,99.16369080220836,23311600
2022-10-18,101.0270004272461,103.84687021633951,100.28965192197685,103.56787389553924,21610500
2022-10-19,99.93093872070312,101.29503305522745,99.27828499372607,100.3394668695409,21573700
2022-10-20,100.17008209228516,102.63124023463291,99.61208943241289,100.45904474888468,25125100
2022-10-21,101.1166763305664,101.25617448292422,97.87831224696995,98.10748452495245,28988700
2022-10-24,102.6013412475586,102.73087307625688,99.94090238172672,101.72448701612629,24680800
2022-10-25,104.5543212890625,104.72371081658339,102.65115597913523,102.93015988585563,29910200
2022-10-26,94.48051452636719,98.18719698262046,94.23140960432951,96.41357115404482,71504300
2022-10-27,92.26847076416016,94.82926931289944,91.5709799540287,93.97234768783527,54036500
2022-10-28,96.23422241210938,96.51321872906027,91.99245971580538,92.19871933628254,35696900
2022-10-31,94.32109832763672,96.00504255614048,94.04209440850713,95.43708359583718,29868700
2022-11-01,90.17598724365234,95.82070603142994,90.10623816533712,95.24776011476685,43220600
2022-11-02,86.75827026367188,90.97312929368631,86.69848750931467,90.58452618620522,43553600
2022-11-03,83.19107818603516,86.24012762138165,83.15122048599571,86.0358597594591,48510400
2022-11-04,86.38958740234375,86.41948637993916,83.57968407263506,85.20385309508659,40173300
2022-11-07,88.3326187133789,88.62158137391907,86.64866678205448,87.02730357754852,26899900
2022-11-08,88.59168243408203,90.08132507503518,87.33619143732746,88.84078736824321,30172000
2022-11-09,87.08708953857422,89.16960321174938,87.04723183546967,88.22798683188337,26743900
2022-11-10,93.83284759521484,94.21149197184967,91.32187312832481,92.00939759785734,42371200
2022-11-11,96.3836898803711,97.01143161294254,93.82289131754513,94.37091764221171,30569100
2022-11-14,95.68618774414062,96.83207198146314,94.77247101232672,95.15808649094245,24170100
2022-11-15,98.36656188964844,100.06047247467393,96.67264370254333,98.31673785982079,31831000
2022-11-16,98.63558959960938,99.49251119864597,97.55148745848153,97.66906121915558,24660200
2022-11-17,98.14734649658203,99.12384120765589,96.75235731022487,96.83207271563487,21818700
2022-11-18,97.4498519897461,98.80498342174192,96.39364191352398,98.65551894281548,24969900
2022-11-21,95.48690795898438,98.36656047331267,95.32747714749516,97.21070989625437,18696900
2022-11-22,96.98153686523438,97.19875108141898,94.0719929965356,95.81572757293841,18868900
2022-11-23,98.46620178222656,98.71431085335176,96.99149717149757,96.99149717149757,17568900
2022-11-25,97.25056457519531,98.58577097262202,97.18081549785745,98.11246551703016,8567800
2022-11-28,95.90540313720703,97.4797482028156,95.54669141081318,96.85199888058659,19974500
2022-11-29,95.09830474853516,96.04490048389862,94.05206095506648,95.65629738394271,20220000
2022-11-30,101.0867919921875,101.0867919921875,94.33106654194692,94.77946004124199,39888100
2022-12-01,100.91739654541016,102.22270405614789,100.30957985672775,101.03696965865385,21771500
2022-12-02,100.46900939941406,100.78786342860444,98.81494889655923,99.01423741610303,18821500
2022-12-05,99.51244354248047,101.38570994275777,98.99928797747218,99.45764015194175,19955500
2022-12-06,96.96160125732422,99.85121998769762,96.41357496840739,99.31315242255947,20877600
2022-12-07,94.80934143066406,96.96160415342233,94.68478896099741,96.4235365722129,26647900
2022-12-08,93.61363220214844,95.52676389422075,93.46417532174225,95.34740803565396,25593200
2022-12-09,92.73678588867188,94.15170011009215,92.68696186030775,93.5638161062083,21885300
2022-12-12,93.22502899169922,93.53890364431625,91.57097616662267,92.75671049480377,27380900
2022-12-13,95.50682830810547,99.44269074961022,95.03850982500802,97.71888129511437,34788500
2022-12-14,94.96876525878906,96.87193065671889,93.60367504766108,95.19794514938691,26452900
2022-12-15,90.87348175048828,93.69335157892858,90.10624185758189,93.20510801071543,28298800
2022-12-16,90.53469848632812,91.42151144971763,89.687743224921,90.87347755005923,48485500
2022-12-19,88.83081817626953,90.87347400923971,88.60662526317364,90.55462000788403,23020500
2022-12-20,89.3091049194336,89.45856941149329,87.72480106900841,88.4123331712351,21976800
2022-12-21,89.9268798828125,90.58949990998798,88.5916811047416,89.40874497244687,20336400
2022-12-22,87.94401550292969,88.86071991346789,86.62874164369838,88.6116149582947,23656100
2022-12-23,89.48846435546875,89.77742702441094,87.30631005192909,87.30631005192909,17815000
2022-12-27,87.61518859863281,89.17956729628332,87.2216061437485,88.99024511181577,15470900
2022-12-28,86.15045928955078,88.20308174718942,86.06078515207965,87.18673684544916,17879600
2022-12-29,88.63153839111328,89.04505352139834,86.67855649047233,86.7184141948217,18280700
2022-12-30,88.4123306274414,88.5119710852544,86.71841243630188,87.05221215111922,19190300
2023-01-03,89.37885284423828,91.22223555229428,88.7012870774812,89.5083922833158,20738500
2023-01-04,88.39240264892578,90.91334361509522,87.48566455217458,90.68417131021438,27046500
2023-01-05,86.45934295654297,87.89418990544799,86.25009571017428,87.7546917412022,23136100
2023-01-06,87.84436798095703,88.15325566787998,85.2636368997023,87.04722914763929,26612600
2023-01-09,88.48207092285156,90.50480166373178,88.2628573761806,88.87565335286251,22996700
2023-01-10,88.92050170898438,89.15466097248276,86.38959447952928,86.40952713289246,22855600
2023-01-11,91.92969512939453,92.1190097266196,89.41871291469619,89.73756695442677,25998800
2023-01-12,91.58094787597656,92.28840502488632,90.24574138493237,92.0691914515746,22754200
2023-01-13,92.46775817871094,92.64711404232881,90.604450462352,91.20030906220076,18630700
2023-01-17,91.8300552368164,92.63715286693436,90.51477376243159,92.44783066645533,22935800
2023-01-18,91.45140075683594,93.25292627403985,91.07276399968812,92.60725128193849,19641600
2023-01-19,93.57378387451172,94.06202743127182,91.0528354807727,91.06280180701502,28707700
2023-01-20,98.924560546875,99.0640587163763,95.56663054977666,95.60648065356553,53704800
2023-01-23,100.84764099121094,101.03696317451022,98.39644934262148,98.77508610714074,31791800
2023-01-24,98.85480499267578,100.7280714334421,98.3466287787038,99.1935916693503,27391400
2023-01-25,96.3836898803711,97.37014334643472,94.92094331384368,96.8520007971328,31000900
2023-01-26,98.80498504638672,98.85480147212854,96.47335890220131,97.92813081004243,24542100
2023-01-27,100.34943389892578,101.21632183362618,98.61566563160451,98.69538103752446,29020400
2023-01-30,97.59931182861328,99.05308788428029,97.17085103046311,98.39147131034075,24365100
2023-01-31,99.51244354248047,99.55230124487949,97.43988863020807,97.5096377088865,22306800
2023-02-01,101.06686401367188,101.82414521569693,98.06763818632321,99.38291206242987,26392600
2023-02-02,108.41046905517578,108.43039410474886,106.15855834945741,106.40766328055655,46622600
2023-02-03,104.8432846069336,107.63325527371956,102.93016056078108,103.13940779063408,36823400
2023-02-06,103.09955596923828,104.32514804285627,101.84406491643968,102.31736279205768,25573000
2023-02-07,107.6531982421875,108.28093999190541,103.17727603290001,103.25898318792233,33738800
2023-02-08,99.64198303222656,103.20916784927948,98.10251621887787,102.32235480845907,73546000
2023-02-09,95.11822509765625,100.24978815118558,93.5239550738038,100.180039075207,97798600
2023-02-10,94.52037811279297,96.67264082015859,94.19155777072564,95.39722475622646,49325300
2023-02-13,94.65987396240234,95.00861934605851,93.71327826361001,94.66984028824372,43116600
2023-02-14,94.61005401611328,94.83425454577915,92.31829310889367,94.32109897296262,42513100
2023-02-15,96.75235748291016,96.99149609748751,94.02216946042019,94.40080623367429,36964500
2023-02-16,95.43708038330078,97.52956029282052,94.62998283584812,95.1979417770332,35642100
2023-02-17,94.2513427734375,95.40719336027296,93.11542483924657,94.72962760987137,31095100
2023-02-21,91.72044372558594,93.08055459575095,91.670619695789,92.90617809354124,28367200
2023-02-22,91.4713363647461,92.02932899375162,90.54466569038797,91.60485168549847,29891100
2023-02-23,90.74394989013672,91.8001524339275,89.68774734634594,91.8001524339275,32423700
2023-02-24,89.03010559082031,89.80731180086434,88.5418620284736,89.3091019121613,31295600
2023-02-27,89.77742767333984,90.12617310317701,89.2891840715678,89.76746134617872,22724300
2023-02-28,89.9767074584961,91.12258410197441,89.19949365917482,89.21942631155919,30546900
2023-03-01,90.18595123291016,90.87347567218028,89.5283105669101,89.83720585037035,26323900
2023-03-02,91.97950744628906,92.14890458644591,89.44860029319295,89.53828202646184,23328600
2023-03-03,93.68338012695312,93.77306185617206,92.32825628145167,92.4079640826605,30242500
2023-03-06,95.23780822753906,95.9552317143279,93.96239207417221,94.02217483071131,28288200
2023-03-07,93.83284759521484,95.7459717225672,93.50801833948827,95.07837230345146,24101500
2023-03-08,94.3111343383789,95.89543815034803,94.06700875387111,94.06700875387111,25395200
2023-03-09,92.32826232910156,95.57658540402996,92.02435398597854,94.15170478575997,24438900
2023-03-10,90.68416595458984,92.84639504430277,90.47491871385114,92.16882929244808,32850100
2023-03-13,91.33184051513672,92.74675477562471,89.61799728036893,90.24075964171887,31508600
2023-03-14,93.91255950927734,94.49048477691038,92.4478212905188,92.73678392433533,32303900
2023-03-15,96.20433807373047,96.9018289171349,92.7069023256196,93.20511224293134,38367300
2023-03-16,100.70814514160156,101.604924448711,95.52676541487067,96.22425620813385,54499500
2023-03-17,102.09317016601562,103.11948132729964,100.38929324746455,100.47896737903477,76140300
2023-03-20,101.5650634765625,102.2127378220751,100.42914559148224,100.69817557391525,26033900
2023-03-21,105.4610595703125,105.5806326735228,101.49531333982702,101.61488644303732,33122800
2023-03-22,103.84687042236328,107.12509240242937,103.83690409600646,104.76357479311986,32336900
2023-03-23,105.87957000732422,106.71755486222804,105.03261469829418,105.51089194481666,31385800
2023-03-24,105.68028259277344,105.77993065541547,104.36500874794488,105.36142855772651,25236200
2023-03-27,102.69102478027344,105.02265112495485,102.26256395123814,104.94293571441806,25393400
2023-03-28,100.99710845947266,102.63123627352553,99.92097328375601,102.63123627352553,24913500
2023-03-29,101.53517150878906,102.45187583138822,100.66828361119772,102.35223537929339,26148300
2023-03-30,100.9572525024414,101.24621515288571,99.93094133828934,101.0768256136155,25009800
2023-03-31,103.62765502929688,103.81697721634275,101.07682287662577,101.345852866883,28108000
2023-04-03,104.5344009399414,104.57425104061414,102.01345255489917,102.30241519829326,20719900
2023-04-04,104.74365234375,105.72013949273887,104.22550978944261,104.46464841338768,20377200
2023-04-05,104.57424926757812,106.1585606162799,103.72928574896363,105.74006614759617,21864200
2023-04-06,108.51011657714844,109.23749876618596,104.43974265003388,105.39131777125203,34684200
2023-04-10,106.56709289550781,107.58344533271044,105.22192770704989,107.00552003328774,19741500
2023-04-11,105.74007415771484,106.83613444056934,104.9030775548631,106.53720545339087,18721300
2023-04-12,104.8432846069336,107.2018068710646,104.59417967585917,107.00551358416052,22761600
2023-04-13,107.80265808105469,107.87738652348035,106.05892347171296,106.08881484868323,21650700
2023-04-14,109.06809997558594,109.18767307691087,107.20479239085418,107.3044404429978,20758700
2023-04-17,106.03898620605469,106.32794884099599,104.94292601970857,105.0525327985511,29043400
2023-04-18,104.74365234375,106.66674286607437,104.40486565792136,106.61691883513258,17641400
2023-04-19,104.64400482177734,105.34648261045017,103.4283790425714,103.84188657278663,16732000
2023-04-20,105.52085876464844,106.50532049712349,104.26536768301857,104.27533400964097,22515300
2023-04-21,105.53082275390625,106.25820493755539,105.10734130575133,105.71017101665839,22379000
2023-04-24,106.39769744873047,106.93576501465233,104.982783258017,105.67031530370814,21410900
2023-04-25,104.2354736328125,107.05534343035193,104.18564960305768,106.22831318973145,31408100
2023-04-26,104.0760498046875,106.6368485031221,102.90027408310584,105.18207644117872,37068200
2023-04-27,107.98201751708984,108.75922375234576,104.04615470741204,104.85325992270691,38235200
2023-04-28,107.83255004882812,107.90229912950076,105.66035461949231,107.41405556479232,23957900
2023-05-01,107.32437133789062,108.29089972052763,107.11512410073408,107.33433766406364,20926300
2023-05-02,105.60057830810547,107.34431303338933,104.1258735955216,107.27456394846118,20343100
2023-05-03,105.74007415771484,107.7428725247388,105.24186424713736,105.83971461941437,17116300
2023-05-04,104.83332061767578,105.91942209444889,104.32514441837536,105.77992393810436,19780600
2023-05-05,105.83472442626953,106.05892496085364,104.3640108828777,104.94293205845698,20705300
2023-05-08,107.85247039794922,108.03182625501442,105.41124507874765,105.41622444069306,17266000
2023-05-09,107.55355834960938,110.19905176881008,107.33932413413996,108.39054735366113,24782400
2023-05-10,111.87801361083984,113.10361330628417,108.09162294281039,108.16137202452967,47533500
2023-05-11,116.4814682006836,118.01595550033782,114.51852011215136,115.44519076706986,57115100
2023-05-12,117.49781799316406,117.8366046696003,116.13272776732981,116.58111362505589,31272500
2023-05-15,116.541259765625,118.36968920002299,116.06298251521976,116.07294123979666,22107900
2023-05-16,119.66004180908203,120.76606831830982,116.41171896054277,116.41171896054277,32370100
2023-05-17,121.04507446289062,121.84220570090527,119.03230231258894,119.74972574825769,26659600
2023-05-18,123.0777587890625,123.45640314282339,121.0550280014122,121.12477707677672,27014500
2023-05-19,122.8087387084961,126.02617448987581,122.28063743788763,123.75533446501166,30251300
2023-05-22,125.41935729980469,126.59513291479917,123.00801571510112,123.06780606981572,29760200
2023-05-23,122.84859466552734,124.97096604423399,122.6094560487062,124.4827224842843,24477900
2023-05-24,121.20449829101562,122.31052482632842,120.31768531795646,121.44363690343802,23087900
2023-05-25,123.90480041503906,125.52896955181998,122.4599947481395,124.76172204985998,33812700
2023-05-26,124.9809341430664,125.54889311737134,122.84859640781076,123.6208232628772,25154700
2023-05-30,124.19376373291016,125.92753206287622,122.45002907632411,125.83785792953582,27230700
2023-05-31,122.92831420898438,124.45283529590621,122.65927660418652,123.25712696739981,41548800
2023-06-01,123.92472839355469,124.59232780882452,122.8585595535293,123.05784046486733,25017700
2023-06-02,124.78165435791016,126.29122974019884,123.90480007238081,124.04429823560962,19362400
2023-06-05,126.1766357421875,127.53176726981494,123.93469120631443,124.16387110378543,22672500
2023-06-06,127.45205688476562,128.41858528144934,125.5190000913982,126.1467418119909,19450100
2023-06-07,122.49984741210938,129.08618261694178,122.19095211788954,127.11824751433792,34179300
2023-06-08,122.23080444335938,123.2870145091939,121.57317138546158,122.14610967995249,24815000
2023-06-09,122.43009948730469,123.84003436962045,121.9817060309829,122.12120419017292,20304500
2023-06-12,123.90480041503906,124.30336985482921,121.91196081816805,122.95321768303401,22255700
2023-06-13,123.98451232910156,125.40939290478947,123.40160767569462,125.20014566526488,19287700
2023-06-14,123.93468475341797,124.34322049657081,121.72263931227789,123.35676708073056,24659600
2023-06-15,125.33963775634766,125.70831579027652,122.69912397234283,123.43647243812136,24517100
2023-06-16,123.61582946777344,126.24637695099157,123.34679948516035,126.24637695099157,56686800
2023-06-20,123.40658569335938,124.72684643594135,122.39024088358681,123.09271863853168,22698000
2023-06-21,120.82586669921875,122.96817078294386,120.42729726004761,122.79379427765657,22612000
2023-06-22,123.426513671875,123.49127578437593,119.1717972027708,120.22800727725637,20781900
2023-06-23,122.57955169677734,122.99805376046966,121.42370876440607,121.60306461968014,29542900
2023-06-26,118.66362762451172,122.28063628128477,118.56398716720196,121.0311280700037,23185000
2023-06-27,118.58391571044922,119.46574170926495,116.49143577113968,117.41809883387904,27221700
2023-06-28,120.6465072631836,120.83582184957848,117.17896312766221,117.53767485209819,19753100
2023-06-29,119.58033752441406,120.47711682881669,118.78319867559406,119.66004532763249,18517500
2023-06-30,120.53690338134766,121.59310592756052,120.44722164704069,120.66643521748027,23865800
2023-07-03,120.12835693359375,120.58670908461964,119.27642234488748,119.88921833351047,13888300
2023-07-05,122.19094848632812,122.92830455841504,119.63015008990321,119.63015008990321,17830300
2023-07-06,120.4970474243164,120.71626099793399,118.823061846422,120.20808476837323,17732500
2023-07-07,119.70986938476562,121.31410580688754,119.66004535592279,120.45718420493125,20982400
2023-07-10,116.45158386230469,118.64370436452255,116.22240396516169,118.64370436452255,32960100
2023-07-11,117.28856658935547,117.80172214687876,115.41530021640207,116.34197087794419,18286600
2023-07-12,119.19173431396484,120.52693314208985,118.57395132660703,118.87288029515295,22059600
2023-07-13,124.3830795288086,124.88626876707143,120.62657280472715,121.10485763084107,31535900
2023-07-14,125.24996185302734,126.6349847230031,124.452830599517,124.68200288909541,20482800
2023-07-17,124.61225128173828,126.82430433915508,124.05425865539148,125.60867102997436,20675300
2023-07-18,123.6357650756836,124.54250310002475,122.85855888279706,124.45780833306449,21071200
2023-07-19,122.34041595458984,125.02078752058138,122.03152826408383,124.34322178502542,22313800
2023-07-20,119.10205078125,124.25353903311256,118.26007488125666,121.68278187123195,27541700
2023-07-21,119.87926483154297,120.86572591630774,118.64370639651783,120.43726509419936,56498100
2023-07-24,121.44364166259766,122.90837997498423,120.94543176598071,121.48948220331727,22276100
2023-07-25,122.35038757324219,123.24716690939958,121.09489650262182,121.44364191054977,31820800
2023-07-26,129.19578552246094,130.89965474223388,128.24918982212503,129.89327629091065,46216900
2023-07-27,129.405029296875,133.12168594668785,128.71749723017615,131.32812733881232,35931600
2023-07-28,132.53378295898438,133.59000064543451,130.45126937000117,130.50109339738742,26971000
2023-07-31,132.63343811035156,133.3508615714561,131.65695097879902,132.53379005024732,18381900
2023-08-01,131.4178009033203,132.44411203482923,130.2818829905746,130.38650280770463,22154300
2023-08-02,128.17942810058594,129.95305392950812,127.3922556345436,129.37512868576886,22705800
2023-08-03,128.30899047851562,129.30541034510995,127.31754997450537,127.91041340938155,15018100
2023-08-04,128.07980346679688,131.4576662196929,127.85561811842626,129.1360213010429,20509500
2023-08-07,131.46763610839844,131.58720162385458,128.96661257959974,129.04632799129055,17621000
2023-08-08,131.36798095703125,131.46762901731,129.6641116370438,130.51105933277577,16836000
2023-08-09,129.68402099609375,131.99572205375475,129.04134122111196,131.71672574736922,17745200
2023-08-10,129.7438201904297,132.1720915536337,129.56944369623338,131.49751344791378,17855700
2023-08-11,129.70394897460938,129.97298654755878,128.2890348420158,128.73941240550306,15191500
2023-08-14,131.3580322265625,131.43774764001847,129.12604626227642,129.3851251570485,17526200
2023-08-15,129.80360412597656,131.51744729958537,129.354214808165,131.1188702800492,14769200
2023-08-16,128.6477508544922,130.42934372145186,128.0000841171631,128.81714038265275,17548400
2023-08-17,129.99293518066406,132.01665445022962,129.38511848803188,129.98296125189586,23665600
2023-08-18,127.65133666992188,129.36517988161967,126.54531012288619,128.59793240559983,23619400
2023-08-21,128.46839904785156,128.79721941027154,126.70474692781677,127.39227142860051,21851100
2023-08-22,129.22567749023438,130.4811608791981,128.46341700333525,128.6676848729172,15569400
2023-08-23,132.7330780029297,133.58999957295524,130.0427325872543,130.38152684826596,26497000
2023-08-24,129.95306396484375,134.48677693775275,129.83349845833962,134.2446507054183,18680400
2023-08-25,130.22210693359375,130.929556481822,127.58158532408703,129.67407299923124,20678100
2023-08-28,131.3181610107422,132.76298190891964,130.38153915412704,131.6071312720416,16715500
2023-08-29,135.00491333007812,136.80344362659926,132.503890102332,132.5218310091549,30803300
2023-08-30,136.4397430419922,136.758604645902,134.53758122900575,135.08462683784973,21773400
2023-08-31,136.85824584960938,137.90447432520844,136.33014464819888,136.5593169119422,28147900
2023-09-01,136.3102264404297,138.08385239991046,135.45330483720738,137.93438031316114,16665700
2023-09-05,136.22055053710938,136.8781760161028,135.07465870358806,135.95151294779097,17730200
2023-09-06,134.8853302001953,136.98777637967183,134.20777210080212,136.52444486721987,15814300
2023-09-07,135.71237182617188,136.09101621022137,133.48040123596684,134.11810929090532,16976000
2023-09-08,136.7087860107422,137.02266066316884,135.3835459250289,135.3835459250289,17810700
2023-09-11,137.24685668945312,137.7689826866303,136.0611147987728,136.88814498474446,17180800
2023-09-12,135.5828399658203,137.14721103583548,135.44332660762126,136.63904244700734,15212900
2023-09-13,137.00770568847656,137.2069865831919,134.44689981870354,135.4134281224385,16394900
2023-09-14,138.4923858642578,139.05037848892624,136.56928784978413,137.89452793545095,19064600
2023-09-15,137.80487060546875,138.86107323150526,136.68887001593535,138.30308053881885,48947600
2023-09-18,138.46250915527344,139.42902242270992,137.1372689292267,137.1372689292267,16233600
2023-09-19,138.33294677734375,138.67671278521084,137.00770677098726,137.75502153519264,15479100
2023-09-20,134.10813903808594,138.34292324508579,134.0383975573102,138.33296452044917,21473500
2023-09-21,130.88970947265625,132.7131595859954,130.6206718614003,131.91602068118965,22042700
2023-09-22,130.7801055908203,132.53379905705475,130.0427494267534,131.2085588292352,17348700
2023-09-25,131.69679260253906,131.74661662938382,129.56445500934456,130.3018110758355,14650000
2023-09-26,128.9865264892578,130.93452881766814,127.73104314693457,130.4452894233081,20378800
2023-09-27,130.98934936523438,131.24841303136594,128.9167944237047,128.97657717710743,18764200
2023-09-28,132.6533660888672,133.6995946622991,130.22209946792395,130.22209946792395,18201400
2023-09-29,131.37794494628906,134.40705417719107,130.84984371591523,133.59995664413512,23224200
2023-10-02,134.68606567382812,134.87538787289662,131.59218638003998,131.6818605151272,19210400
2023-10-03,132.82275390625,134.75581062757936,132.33948972591767,134.4469077377945,19628700
2023-10-04,135.78211975097656,136.08104870835732,132.95227618581822,133.1814636688332,22848000
2023-10-05,135.5031280517578,136.01129665366994,133.97362007775322,135.6426262093901,15922900
2023-10-06,138.2333221435547,138.68769847639012,134.4568975852145,134.4568975852145,20819300
2023-10-09,139.00054931640625,139.46886779566873,136.21057109216287,137.49596103027756,16599100
2023-10-10,138.70162963867188,140.2361246064955,137.93438215476004,139.0105173362553,19554900
2023-10-11,141.1926727294922,141.71081524636418,139.33933142314092,139.34930535110442,20146300
2023-10-12,139.7877197265625,141.87024855458836,138.95073078742337,141.65103499374354,18173100
2023-10-13,138.0838623046875,140.83397557072894,137.47604559828966,140.14644345317856,19438700
2023-10-16,139.9870147705078,140.4005222728501,138.82120549900355,139.22972603731424,17345600
2023-10-17,140.48521423339844,140.74427787315497,138.033026894089,139.52864466386487,17424000
2023-10-18,138.78134155273438,141.48164576485152,138.20840323736127,140.24607980145169,18304900
2023-10-19,138.48240661621094,140.50016564530088,138.10377746639347,139.29947807391449,21831200
2023-10-20,136.2504425048828,138.54219577355946,135.75720438829748,138.09380992552093,24953900
2023-10-23,137.40628051757812,138.52228100137478,134.62627604270992,135.74226132234745,20780700
2023-10-24,139.6183319091797,140.20623112275442,138.25324170327818,138.661777453886,26535200
2023-10-25,126.21649169921875,129.63421945054102,125.63856640236031,129.30539909866508,58796100
2023-10-26,122.99805450439453,125.01081902390685,121.88206166459724,124.02436561497274,33907400
2023-10-27,122.95819854736328,123.99447599857574,121.02514180163242,123.58594025248648,37367700
2023-10-30,125.2997817993164,126.09692062893104,123.43647415628777,124.01439942765442,24165600
2023-10-31,124.85139465332031,126.10687803402709,123.48131753067729,125.8179154013656,21123400
2023-11-01,127.11326599121094,127.28265552259651,124.47773912250936,124.89124662498612,26536600
2023-11-02,128.11965942382812,129.62424784498762,127.65134090253594,129.0961465684938,24091700
2023-11-03,129.90322875976562,130.26194045257589,128.54809738738874,128.627812786253,19517900
2023-11-06,130.9793701171875,131.08897689536053,129.46480787447587,129.75377810973137,15360400
2023-11-07,131.92596435546875,132.80281857113684,130.67048098643713,131.50746989912489,19223800
2023-11-08,132.78289794921875,133.06189427872388,131.68684528449415,131.88612620497503,15093600
2023-11-09,131.21852111816406,133.48039823899387,131.03915765453013,132.88254029909274,17976500
2023-11-10,133.5800323486328,133.78928719081307,130.40145083978996,131.05909153903175,20872900
2023-11-13,133.16152954101562,133.6298480214168,132.29464925796412,132.88253323832873,16409900
2023-11-14,134.94512939453125,136.74866204650607,134.61632423244689,135.1643429720274,22317300
2023-11-15,135.89173889160156,136.35008349101375,134.8454950476637,136.15080256934934,15840900
2023-11-16,138.2034149169922,138.3827783763804,135.59280006314847,136.46965429980503,17615100
2023-11-17,136.44973754882812,137.50594016379742,134.99495786885882,137.32659188766772,25565300
2023-11-20,137.42620849609375,137.9294053293182,135.0049158297697,135.01487455365663,19569400
2023-11-21,138.1237030029297,138.46746903829683,137.21198560749448,137.44614486051037,17648100
2023-11-22,139.51870727539062,140.59484250411552,138.5023548031238,138.60200286666048,17306400
2023-11-24,137.7251434326172,139.17692778424527,136.977828596398,139.0404096382001,8828600
2023-11-27,137.5557403564453,139.13008528097083,137.04755658716817,137.07746316550015,17886400
2023-11-28,138.1237030029297,138.16356830787143,136.54935794922955,137.1372571659275,17046900
2023-11-29,135.91165161132812,139.1699485419244,135.80703179182288,138.4874034267915,21014700
2023-11-30,133.44053649902344,136.46966117601332,132.3145772705982,135.91165332192404,29913500
2023-12-01,132.8426971435547,133.0220454124062,131.678864324313,132.8426971435547,24258400
2023-12-04,130.16232299804688,130.9793793257416,128.93671570026552,130.82394720311143,24117100
2023-12-05,131.916015625,133.06189230387812,129.26553532987876,129.90324338844874,19235100
2023-12-06,130.9594268798828,132.83270068118216,130.83986138759806,132.4241649769997,16360600
2023-12-07,137.95433044433594,139.4987843114737,135.74227707677827,136.11096277414515,38419400
2023-12-08,136.15078735351562,137.49596003169722,135.08462617947436,135.17430030357767,22990900
2023-12-11,134.21774291992188,134.30741705218915,132.41422552935825,133.3409038419317,24502900
2023-12-12,133.16152954101562,134.058301199058,132.35443200794586,132.79285911335614,26584000
2023-12-13,133.4903564453125,134.2974540181369,132.47400403308671,134.06329476640252,25414500
2023-12-14,132.72311401367188,134.55155103229345,130.59077625474637,134.28750039406762,29619100
2023-12-15,133.36082458496094,134.3472856767461,132.15516512138328,132.4441201783241,58569400
2023-12-18,136.69882202148438,137.88456390535382,133.2910684484051,133.38074257302762,25699800
2023-12-19,137.6055908203125,138.27319031206878,136.9579087790607,137.5059427511474,20661000
2023-12-20,139.1599884033203,142.56575043945418,138.91088346140006,139.82758782316748,33507300
2023-12-21,141.29232788085938,141.5215001731532,139.97008296799353,140.2660167235304,18101500
2023-12-22,142.2090301513672,142.73713141076013,141.54640249296725,141.62114613870847,18494700
2023-12-26,142.3086700439453,143.42964221583435,141.98980843927873,142.46808564212046,11170100
2023-12-27,140.93362426757812,142.80689842766074,140.5460094094752,142.31864723372257,17288400
2023-12-28,140.77418518066406,141.76064623551068,140.32380757602377,141.3421517527707,12192500
2023-12-29,140.42544555664062,140.9286424583844,139.3991343026671,140.17634058811967,14872700
2024-01-02,139.06033325195312,140.1115639594,137.24685727343498,139.10019855495605,20071900
2024-01-03,139.85748291015625,140.5848651026956,137.93438480135126,138.10378954601114,18974300
2024-01-04,137.5457763671875,140.1314868491893,137.51588499085352,139.3493088962382,18253300
2024-01-05,136.8981170654297,138.3130313709,136.3600570579476,137.8566785176243,15433200
2024-01-08,140.02687072753906,140.13647751170933,137.386364387291,137.50592989578246,17645300
2024-01-09,142.04959106445312,142.2887372677432,139.28950421759316,139.5585417957747,19579700
2024-01-10,143.28517150878906,144.00756674748428,141.94997261434466,142.00975537019147,16641900
2024-01-11,143.15562438964844,146.13492493087236,141.7058318214897,144.37624467130036,17471100
2024-01-12,143.7235870361328,144.22179690011865,142.84673281018704,143.8232198864349,13995200
2024-01-16,143.5641632080078,145.31785654097203,142.54382728921001,142.9164812308532,19198900
2024-01-17,142.37841796875,142.89656049773194,140.0069340901008,142.3983506209844,17884500
2024-01-18,144.4709014892578,145.06377244232667,142.83677374742865,142.92644787373524,18876800
2024-01-19,147.44021606445312,147.50995753343074,145.2779872596324,145.78116884145362,27170900
2024-01-22,147.18118286132812,149.47792331957857,147.05164341538418,148.17760271219467,21829200
2024-01-23,148.14768981933594,148.3270532910163,146.66303403543785,147.19113531757282,14113600
2024-01-24,149.8117218017578,151.0273551642729,149.30353797719988,149.75192384274672,19245000
2024-01-25,153.08993530273438,154.20592059764948,150.6786012452732,151.1967437911235,21495100
2024-01-26,153.23939514160156,153.55825677724079,152.25294926518188,152.3226907453782,19494500
2024-01-29,154.28564453125,154.64435628217598,152.3725202610316,153.08994376288354,20909300
2024-01-30,152.50205993652344,154.4849256924498,152.22803535733792,153.45861447100043,26578900
2024-01-31,141.29232788085938,145.06875215819224,141.04322293579585,144.86947124297328,43908600
2024-02-01,142.19908142089844,144.10223175163364,141.75068033157373,143.17556860257073,25526900
2024-02-02,143.0260772705078,143.36487152419457,137.6753083385205,140.3855711430663,42116900
2024-02-05,144.41111755371094,146.14489351807975,143.39478028191945,143.5243045199949,29254400
2024-02-06,144.88938903808594,146.21462903442645,144.00257613276426,145.4374229018595,21517700
2024-02-07,146.1548309326172,146.47369252727088,144.69010799516954,145.5968383461309,21436100
2024-02-08,146.6929168701172,147.08151996460657,145.895778028966,146.44381193251738,18241300
2024-02-09,149.6821746826172,150.1554801411711,146.9021550913949,147.42029761378677,21877700
2024-02-12,148.197509765625,150.05085116638458,148.0281202273602,149.00460735554043,17236100
2024-02-13,145.84596252441406,147.50998178033353,144.59047903903283,145.54704874515164,18138500
2024-02-14,146.6132049560547,147.3007370328639,145.03387292424227,146.84237724693804,16651800
2024-02-15,143.42466735839844,144.24172368204728,141.37204501861007,143.9428099076388,26724300
2024-02-16,141.25245666503906,143.96271957026013,141.01332565844572,143.69369718784262,21849700
2024-02-20,141.6908721923828,142.8158277957992,140.29589075416882,140.43538889799024,18625600
2024-02-21,143.32501220703125,143.4645103629072,141.40192940073,142.12931155607185,16499600
2024-02-22,144.7997283935547,145.67656745304808,143.49440572228687,145.59685204688338,23024700
2024-02-23,144.7698211669922,145.43244882596153,144.27161128380402,144.45097474791444,14519400
2024-02-26,138.25323486328125,143.3250075418804,138.24327613967094,142.93640446286346,33513000
2024-02-27,139.59841918945312,139.98702230085874,138.00414143775035,138.91088709908328,22364000
2024-02-28,136.93795776367188,138.7813403669397,136.15079285778955,138.60199211148245,30628700
2024-02-29,139.279541015625,139.44893053594961,137.07746204724742,137.85466817775216,35485000
2024-03-01,137.5856475830078,139.4987717713732,137.48102776134397,139.1101686581765,28522000
2024-03-04,133.7195281982422,136.1408361111928,132.38432937436133,136.05114677800287,43571500
2024-03-05,133.301025390625,133.54017159058074,131.07901373110874,132.26475559913266,28447600
2024-03-06,132.0854034423828,134.25760646628555,131.47758676916078,133.75939657689565,23175200
2024-03-07,134.75582885742188,135.3337542072293,132.1850637651725,133.4106559496093,24107300
2024-03-08,135.80203247070312,138.48739082554556,134.3173768675231,134.55153610216772,26472400
2024-03-11,138.44256591796875,139.47883579374053,136.57926580476564,136.57926580476564,22536400
2024-03-12,139.1201171875,139.77775785522647,137.7151769299223,137.75502702910646,19019700
2024-03-13,140.26602172851562,141.6809360424644,139.50873293783897,139.55855696946134,19637000
2024-03-14,143.82322692871094,144.21183003348142,140.97845272322232,141.79053727394816,36117900
2024-03-15,141.66099548339844,143.8232245385374,140.62472562261846,142.89656145954595,41025900
2024-03-18,147.9484100341797,152.3824751748973,147.60963094571133,148.83522306232322,47676700
2024-03-19,147.39041137695312,149.0843219545804,146.48366573219153,148.4466139063857,17748400
2024-03-20,149.14410400390625,149.22381941007393,147.1363187737954,148.25729101600973,17730000
2024-03-21,148.2074737548828,150.76327755016248,147.4800764165657,149.78181872772515,19843900
2024-03-22,151.2266387939453,152.01380375387492,149.55264560728025,149.70211770124945,19226300
2024-03-25,150.60885620117188,150.91376043596384,148.26727864576765,150.4095752694167,15114700
2024-03-26,151.15689086914062,152.65152067049172,150.48929138236974,150.69854624438955,19312700
2024-03-27,151.39602661132812,152.14334146017634,149.5925092087733,151.60029449451244,16622000
2024-03-28,151.71487426757812,152.12341003725055,150.78821114550908,151.45581059137982,21105600
2024-04-01,155.939697265625,156.43790716104235,151.10705519841312,151.28641866692627,24469800
2024-04-02,155.3119354248047,155.4315161289034,152.9105754774357,154.19595021427114,17598100
2024-04-03,155.81015014648438,155.98951360615538,153.5801714004906,154.36534456183085,17266200
2024-04-04,151.39602661132812,155.62083682615457,151.3362438560858,154.5247841703396,24184800
2024-04-05,153.3888702392578,154.28564199977868,150.54009720298788,151.13695170488688,16289800
2024-04-08,155.5809783935547,156.0941339541208,153.4386820232283,153.46358643519258,16641500
2024-04-09,157.57382202148438,159.31755662121807,156.07919236456976,156.78665709200604,21538100
2024-04-10,157.09555053710938,157.59376044097883,155.64077092798036,157.3147641111447,16339200
2024-04-11,160.2143096923828,160.54313000314409,157.36454886994247,157.77308457762987,17841700
2024-04-12,158.6200714111328,161.1210796516623,158.03218737436384,158.83429802050733,16968200
2024-04-15,155.7703094482422,160.2541985565825,155.5909459777456,159.70616462473123,21140900
2024-04-16,155.4414825439453,156.66707459145422,154.49488681287485,155.082770822216,15413200
2024-04-17,156.31832885742188,158.11287564524082,155.57598583517958,156.62721653463385,16237800
2024-04-18,156.89625549316406,157.91757962249667,155.65073084560808,156.36316729501212,14016100
2024-04-19,155.16249084472656,157.42436802416486,153.35897345831043,157.185221801176,20063900
2024-04-22,157.38449096679688,158.615069923171,155.10269650893756,155.45143428674442,17243900
2024-04-23,159.34744262695312,159.90543524739437,157.39944021526932,158.02220255132582,16115400
2024-04-24,160.52322387695312,160.81217890754945,158.25138811890182,158.52041049782164,19485700
2024-04-25,157.38449096679688,157.71331129729472,152.22105239559522,152.81092812326548,36197800
2024-04-26,173.06813049316406,175.78835186559968,170.78632099283487,175.35989871644207,56500800
2024-04-29,167.2988739013672,170.76642566039837,166.46188494056344,170.15860899035204,35914600
2024-04-30,164.05055236816406,169.26182357301482,163.91105420679276,166.7807480454706,29420800
2024-05-01,164.9772186279297,168.20560875659675,164.30960404279213,165.58502005483606,25223200
2024-05-02,167.85687255859375,167.92661403276392,165.09678567970036,166.07327274719108,17041100
2024-05-03,168.38497924804688,169.24190084234326,164.38932631461617,168.9329979479425,22767100
2024-05-06,169.2219696044922,169.29171108150447,167.28891283812138,168.61415294294423,15147900
2024-05-07,172.36068725585938,172.84893841580237,169.3913606036193,169.51092611047918,21102400
2024-05-08,170.54721069335938,171.29352204290763,169.9114943965067,170.13867494055083,14569900
2024-05-09,170.96571350097656,171.8226351491346,169.32161168547344,170.53724507481766,11937700
2024-05-10,169.68032836914062,170.72657224508876,167.3088594817064,169.08248558585612,18740500
2024-05-13,170.28811645507812,170.33794047968283,165.16651993136117,165.25321403825652,19648600
2024-05-14,171.314453125,172.1614160574727,169.80986466353144,170.97567403367486,18729500
2024-05-15,173.25746154785156,173.42286758223202,171.41407902920506,171.68311660419926,20958200
2024-05-16,174.80191040039062,175.7086560268472,173.4268614766993,173.9748953830279,17247300
2024-05-17,176.65524291992188,176.8595107840734,174.3535158326,174.92148236280053,16546400
2024-05-20,177.82107543945312,179.30573113766596,176.59049643889753,176.67518360339702,17495100
2024-05-21,178.897216796875,179.17622834834472,176.67520474360578,177.76129875307058,14706000
2024-05-22,177.3627166748047,178.21167129439203,176.14708335541994,177.76127849578114,16189400
2024-05-23,174.43324279785156,179.2658847721692,173.91510025941275,178.13992556483848,14928400
2024-05-24,175.69871520996094,176.66922717761628,174.57275590621543,175.88803741545732,11400600
2024-05-28,177.3826446533203,177.87088059052832,175.05101092915075,175.1108088844646,15655300
2024-05-29,176.76486206054688,177.59189229856364,175.6289441248456,176.1769780421048,15023800
2024-05-30,172.93861389160156,176.05741265584328,172.60979354101923,176.05741265584328,18844000
2024-05-31,173.33717346191406,173.79551799837424,170.35787315829236,172.7791656720705,28085200
2024-06-03,173.7955322265625,175.2303791095979,171.8325840885431,173.25747224750367,20742800
2024-06-04,174.5030059814453,174.5627887373081,172.5998404976284,173.8254326052945,14066600
2024-06-05,176.43606567382812,177.33283743447652,174.66242439787212,175.90297741856628,15233900
2024-06-06,177.7114715576172,178.07018328196713,176.57555363120218,176.79475199215472,14255800
2024-06-07,175.32005310058594,178.7776308716826,175.1606222905612,177.8210764198521,14716300
2024-06-10,176.19789123535156,178.03338614366115,173.9533957118273,176.0183236783107,17122200
2024-06-11,177.75408935546875,177.95359704345114,175.0108167866933,177.28523791690662,14402400
2024-06-12,179.1207275390625,181.63456695108104,177.34508329367728,179.31026516437785,18600400
2024-06-13,176.30763244628906,178.07329139591778,176.22782633003789,177.40493229645702,15956900
2024-06-14,177.9336395263672,178.29275944891629,175.42180930133733,175.42180930133733,12361600
2024-06-17,178.34263610839844,179.47984663362533,176.05824500140648,176.54703653660326,15272900
2024-06-18,176.01834106445312,178.47232977667358,175.1903696963065,178.3526129863349,15640300
2024-06-20,177.2752685546875,178.30274761221096,176.02832647308514,176.27771488940562,16753200
2024-06-21,179.8190155029297,182.065505227205,177.62440051681108,178.05335650155095,59728000
2024-06-24,180.34771728515625,181.63457001481368,179.78908967783175,180.83652405229552,18198300
2024-06-25,185.12600708007812,185.29558937298282,180.66194843459428,180.70185910437223,18917700
2024-06-26,184.91650390625,185.47513148060867,183.53989030414039,183.74936803379498,13375700
2024-06-27,186.4028778076172,187.04131154215597,184.99632349166956,185.19085376197464,13025700
2024-06-28,182.97128295898438,186.1235560479781,182.87651414746847,185.26565932683323,23032400
2024-07-01,184.03868103027344,184.8865925121617,182.282976839143,184.02869575189413,11815900
2024-07-02,186.1534881591797,186.4926527487123,182.6121696398131,183.0211702914934,12555500
2024-07-03,186.9315643310547,187.16099739193504,184.93146453674171,185.84423458442643,7409100
2024-07-05,191.4904022216797,191.78965613462003,186.86175397018982,186.86175397018982,14303400
2024-07-08,190.01402282714844,191.2100948172414,188.85687211373173,190.89686758554637,12097600
2024-07-09,189.97412109375,192.38819911990063,189.76462812809547,191.28091395049435,10198500
2024-07-10,192.18869018554688,192.83709397055367,190.15367221210454,190.2833590576902,12052900
2024-07-11,186.841796875,191.9392965040128,186.36297539734664,190.87190681971475,16452000
2024-07-12,186.3230743408203,188.22840551467343,185.68464059719207,186.46273124656832,14449100
2024-07-15,187.72962951660156,189.43543778576466,186.0337913045147,186.0337913045147,12186000
2024-07-16,185.04620361328125,189.87435966626694,184.66712835226258,188.4977459684165,12760100
2024-07-17,182.17324829101562,184.77686400639317,181.17569461035697,184.22820643773866,17376600
2024-07-18,178.7815704345703,183.59975650016696,177.77404670489432,183.0909943853675,17877200
2024-07-19,178.95114135742188,181.52483149590412,178.42243916222756,179.92873963249403,14485900
2024-07-22,182.90145874023438,183.84913161641725,181.4549938423416,181.90390513973452,16303900
2024-07-23,183.15086364746094,184.76689575505398,182.88151988904164,183.39026679142356,23772600
2024-07-24,173.94342041015625,177.5146642078622,173.1453896887478,174.96092936785044,31250700
2024-07-25,168.7461700439453,174.7713870696077,168.63643853946746,173.82371419718618,28967900
2024-07-26,168.26734924316406,169.42451517754185,165.45924838983456,168.35714064363887,25150100
2024-07-29,170.71136474609375,171.7388438104518,169.30481041553955,170.08290106191825,13768900
2024-07-30,171.4395751953125,172.5269050479179,169.70382632107683,171.40964980277923,13681400
2024-07-31,172.72640991210938,175.47966775180512,171.2999154864961,174.49208414998458,15650200
2024-08-01,172.0281219482422,175.25021593921025,170.0928654537449,171.55927052033985,17177800
2024-08-02,167.988037109375,169.7936220936705,165.98295965069318,167.77855935624635,18907800
2024-08-05,160.2470245361328,165.53406215007433,156.21691431633374,156.98501970001928,34907800
2024-08-06,160.14724731445312,161.95283210597046,157.74315472075523,160.55127052384475,36146500
2024-08-07,160.35675048828125,164.38686056827336,159.84800360253888,162.84066457588162,19334200
2024-08-08,163.43917846679688,165.09512109894575,161.63360888296103,161.94683608660438,15733600
2024-08-09,164.9853973388672,165.11508418405717,160.53630136851285,161.24956379559694,13549200
2024-08-12,163.54891967773438,166.29219224550243,163.1499043019161,165.5889150879175,12435000
2024-08-13,165.52406311035156,166.13257142097672,164.36691249169496,164.7808905421758,12717600
2024-08-14,161.6336212158203,164.5564614072886,159.13973702101785,163.80829614884786,22515900
2024-08-15,162.7708282470703,163.1199781153064,161.0949454110431,161.81318526118642,18392500
2024-08-16,164.3369903564453,166.5415753529905,162.68104767879953,163.0102422030154,16853100
2024-08-19,167.988037109375,168.05787317472556,165.68369049619074,166.59146801697892,13100800
2024-08-20,168.5466766357422,169.99312642887023,168.2474074871561,168.3272136082098,12622500
2024-08-21,167.2199249267578,168.2274486438132,166.16252048240128,166.58149119310136,15269600
2024-08-22,165.0851593017578,169.00553784668986,164.62627792452696,168.6264625881714,19123800
2024-08-23,167.02040100097656,167.53913316312168,165.25474199265742,166.14256413595498,14281600
2024-08-26,167.51918029785156,168.96564529480256,165.9131335036615,167.7436359619194,11990300
2024-08-27,165.97299194335938,167.83341987977147,165.75352890838104,167.19997875058417,13718200
2024-08-28,164.09756469726562,166.9804939484382,162.88054810611015,166.37198565286047,15208700
2024-08-29,163.00025939941406,167.2199222744975,161.5857290623454,165.65375574655528,17133800
2024-08-30,164.70608520507812,164.87566750049032,163.01024702949522,163.818263057649,18498800
2024-09-03,158.22198486328125,162.98032003061525,157.4688269874829,162.91547660800205,26533100
2024-09-04,157.42393493652344,160.00759516901627,157.05484496658457,157.68828603797215,17410700
2024-09-05,158.21200561523438,160.62109083996646,157.13464591041972,157.39400436434443,14139500
2024-09-06,151.75784301757812,158.83049480687922,151.563312747768,158.3017925853155,24999100
2024-09-09,149.3705291748047,154.46475576754793,148.0320513690712,153.45590582289756,28057700
2024-09-10,149.83999633789062,152.12740974066355,149.37353031894136,151.2783669028401,20401800
2024-09-11,151.97756958007812,152.30719743582938,148.53148234849232,150.91877326605726,18991500
2024-09-12,155.36373901367188,155.43366700723274,153.32605740008628,154.63457050017044,21024100
2024-09-13,158.19053649902344,159.09450976947784,155.93310292862597,156.18481627479954,16733900
2024-09-16,158.80984497070312,159.05956168163425,157.43140384908375,158.1505891958853,14157600
2024-09-17,160.09837341308594,161.40688651455386,159.22936415304198,159.9085862777894,12064800
2024-09-18,160.6277618408203,161.4468399030182,159.47907115910084,160.66772504660898,16756500
2024-09-19,163.05502319335938,164.80304010702167,162.33783450864624,164.63323457867423,17548200
2024-09-20,164.45343017578125,164.563306133998,162.99507793413136,164.3335710364531,46362700
2024-09-23,162.88522338867188,166.42120530630135,162.76534900330415,165.15264014819059,15648400
2024-09-24,163.45455932617188,164.3635317542462,161.84638320015478,164.06386867184287,18774100
2024-09-25,162.8052978515625,164.03089711741433,162.590529915743,162.78531624884735,13607900
2024-09-26,163.64434814453125,165.31245385597128,163.31472027463025,164.84298524503635,18234500
2024-09-27,165.10269165039062,166.78079585063347,163.64435461360043,163.7242657889928,13604300
2024-09-30,167.00054931640625,167.1703548501229,164.45343582765975,164.59327657551455,14070100
2024-10-01,168.22914123535156,170.24685639829178,165.71199268248043,168.66864505713036,18629500
2024-10-02,167.1204071044922,168.68863534553668,166.0616107019645,167.56989413027304,12745000
2024-10-03,167.02052307128906,167.71972677770228,165.1825965896487,165.6320988394479,11004300
2024-10-04,168.36898803710938,169.3578716717171,166.77081027668547,169.14810293413436,11422100
2024-10-07,164.20370483398438,169.7074551533261,163.94400496527305,168.94832190836428,14034700
2024-10-08,165.51222229003906,165.91177814667768,164.1237980764021,165.2425239919952,11723900
2024-10-09,162.87521362304688,166.0715842494524,160.9374096441174,164.66817765222203,19666400
2024-10-10,162.9950714111328,164.12480167178114,161.45682329915618,161.9262918980673,12900500
2024-10-11,164.3335723876953,165.0827224976519,162.31585715725947,163.14491844125786,10946000
2024-10-14,166.1614990234375,167.43004889126075,164.5932708244699,164.72312838633286,9981800
2024-10-15,166.7108612060547,168.8983819154721,165.8618335791902,166.95059472266811,14829300
2024-10-16,166.55105590820312,167.09043727455702,165.02878083042955,165.84185377313815,9968500
2024-10-17,164.32357788085938,167.73970063468835,164.18373713332832,167.19033606749383,15113400
2024-10-18,164.8629608154297,166.1814570052866,164.56329774089494,164.68315687411,13091300
2024-10-21,165.61212158203125,166.03164381688842,164.11880532391672,164.39350284394692,11384000
2024-10-22,166.63096618652344,167.28022350717583,164.48339343071603,164.51335821526936,11958600
2024-10-23,164.29360961914062,167.4100844491101,163.4475693041026,166.24139686193527,12754300
2024-10-24,164.3435516357422,164.862966633834,162.58555157338998,164.40348120446478,12764400
2024-10-25,166.80076599121094,167.21028977989147,165.04275073639812,165.17760750375996,14566400
2024-10-28,168.14923095703125,170.41266955461435,165.60211760655622,170.3966812236567,20858300
2024-10-29,170.94606018066406,171.66524548184103,168.4688748329976,169.19304410385806,28916100
2024-10-30,175.94039916992188,183.58172416401078,175.54584251265254,182.2032983314778,49698300
2024-10-31,172.4943084716797,178.21781091301466,172.3644509116493,174.5220068368585,32801900
2024-11-01,172.454345703125,173.62303326337351,170.11700106562338,171.34560295331048,21752900
2024-11-04,170.486572265625,171.72517254211823,169.292934406109,171.04595045731364,16194000
2024-11-05,171.21575927734375,171.90197722262147,170.17692928568974,170.63641471305547,12518300
2024-11-06,178.12791442871094,178.43756069138865,174.84163419239505,175.15129569657023,27061500
2024-11-07,182.0734405517578,182.37310364247196,178.68728268213337,178.90703459922386,16730400
2024-11-08,179.65618896484375,182.14337286279397,179.36652428990095,181.7937633750887,15021500
2024-11-11,181.7637939453125,181.87866911496587,179.78604193663656,179.86595311011308,12503400
2024-11-12,183.11227416992188,183.8164618709321,180.7849126324006,181.17447008554376,14065800
2024-11-13,180.2854766845703,182.40806866359944,179.91588559929718,181.9435840117087,13969700
2024-11-14,177.14903259277344,180.24052654964984,175.83052110445558,179.54630680962694,17925800
2024-11-15,173.6929473876953,175.68069780829796,172.5492406331188,175.44096428915813,21708900
2024-11-18,176.5996551513672,176.70953111018625,174.2223472650081,174.75674466660527,18725400
2024-11-19,179.37649536132812,179.96582309430366,174.91754961402577,175.03641805114046,15392900
2024-11-20,177.12904357910156,178.90702518454475,175.13131006813194,178.62734371232878,15729800
2024-11-21,169.0482177734375,175.38102944221177,165.12266343870064,175.2561710958645,38839400
2024-11-22,166.38125610351562,168.07432746409233,165.52223001533417,166.97058387849523,24497000
2024-11-25,169.2379913330078,170.26683813927568,167.2102929875674,167.79963597170087,21395700
2024-11-26,170.42665100097656,171.30065946360386,169.2379970531637,169.29794186488792,14937500
2024-11-27,170.62643432617188,170.94606377703184,169.47772835969613,170.48657834214197,12433400
2024-11-29,170.2967987060547,170.67635770909138,168.5587650637913,169.86727807542474,9250700
2024-12-02,172.7839813232422,173.40328912685484,170.07706072822788,170.12700711841413,16593400
2024-12-03,172.82394409179688,174.12247402584057,172.3145122512922,172.92382163041665,15721500
2024-12-04,175.8904571533203,176.2300682189443,172.55424558548813,172.58421037119035,18239800
2024-12-05,174.1124725341797,177.5086288588593,173.8128094406053,177.119071409662,16145500
2024-12-06,176.29000854492188,176.63861208568355,173.35333768886213,173.68296556469517,13319500
2024-12-09,177.10000610351562,178.0399932861328,175.39999389648438,175.71499633789062,19887800
2024-12-10,186.52999877929688,188.02999877929688,182.6699981689453,184.53500366210938,34317400
2024-12-11,196.7100067138672,196.88999938964844,186.25999450683594,186.6999969482422,41664500
2024-12-12,193.6300048828125,196.7050018310547,193.27999877929688,196.3000030517578,25197800
2024-12-13,191.3800048828125,194.33999633789062,191.25999450683594,192.7100067138672,18883200
2024-12-16,198.16000366210938,200.63999938964844,194.11000061035156,194.36500549316406,32248600
2024-12-17,197.1199951171875,202.8800048828125,196.69000244140625,198.52999877929688,24129500
2024-12-18,190.14999389648438,198.69000244140625,189.27999877929688,196.8300018310547,27638400
2024-12-19,189.6999969482422,194.60000610351562,189.52000427246094,193.27999877929688,26981200
2024-12-20,192.9600067138672,194.13499450683594,186.3699951171875,187.00999450683594,45319700
2024-12-23,195.99000549316406,196.49000549316406,191.6300048828125,194.02999877929688,15235900
2024-12-24,197.57000732421875,197.6699981689453,195.197998046875,196.1699981689453,6809800
2024-12-26,197.10000610351562,198.16000366210938,195.8699951171875,196.74000549316406,7907900
2024-12-27,194.0399932861328,196.8000030517578,191.9720001220703,196.47000122070312,14693000
2024-12-30,192.69000244140625,193.77999877929688,190.36000061035156,190.86500549316406,12209500
2024-12-31,190.44000244140625,193.25,189.5800018310547,192.44500732421875,14355200
2025-01-02,190.6300048828125,193.1999969482422,188.7100067138672,191.48500061035156,17545200
2025-01-03,193.1300048828125,194.5,191.35000610351562,192.72500610351562,12875000
2025-01-06,197.9600067138672,199.55999755859375,195.05999755859375,195.14999389648438,19483300
2025-01-07,196.7100067138672,202.13999938964844,195.94000244140625,198.27000427246094,16966800
2025-01-08,195.38999938964844,197.63999938964844,193.75,193.9499969482422,14335300
2025-01-10,193.1699981689453,197.6199951171875,191.60000610351562,195.4199981689453,20753800
2025-01-13,192.2899932861328,192.49000549316406,188.66000366210938,191.35000610351562,13169100
2025-01-14,191.0500030517578,193.27000427246094,189.63999938964844,192.5,13651200
2025-01-15,196.97999572753906,197.8000030517578,193.3300018310547,194.35000610351562,12894900
2025-01-16,194.41000366210938,196.97999572753906,194.3000030517578,195.8249969482422,13449600
2025-01-17,197.5500030517578,198.80999755859375,195.30999755859375,198.0500030517578,21977800
2025-01-21,200.52000427246094,203.83999633789062,199.7030029296875,200.50999450683594,4642769
